Real PDF uploaded; waiting for graph indexing
node:internal/modules/run_main:107
    triggerUncaughtException(
    ^

AssertionError [ERR_ASSERTION]: Expected values to be strictly deep-equal:
+ actual - expected

+ undefined
- {
-   captures: [
-     {
-       capture_id: '1d3432c6802d814de9f5e0f4ffb6f4af8d406890e9c92fdfb77cd326fa9861b3',
-       points: {
-         issues: [
-           'SOURCE_DISCOVERY_COVERAGE_UNVERIFIED'
-         ],
-         matrices: [
-           {
-             header_rows: 0,
-             header_sources: [],
-             issues: [],
-             matrix_id: 'matrix:04240de64ce4c1f7b7e549eb40c201bdff44fbe399a12f754821be0e28e36f26',
-             notes: [
-               {
-                 kind: 'controller_provided',
-                 source: {
-                   bbox_px: [
-                     3217.4,
-                     2757.8,
-                     3856.9,
-                     2785.9
-                   ],
-                   column: null,
-                   page_id: 'sha256:c62b086bc4b947bc7b87e237c415df1417ec4ebd5a3bf6b15bc7328890859d4d:p4',
-                   sheet_key: 'c62b086bc4b947bc7b87e237c415df1417ec4ebd5a3bf6b15bc7328890859d4d.pdf#4',
-                   source_id: 'sha256:c62b086bc4b947bc7b87e237c415df1417ec4ebd5a3bf6b15bc7328890859d4d',
-                   span_id: 'sha256:c62b086bc4b947bc7b87e237c415df1417ec4ebd5a3bf6b15bc7328890859d4d:p4:s278',
-                   text: '* INDICATES POINT PULLED FROM BOILER CONTROLLER'
-                 },
-                 subject: 'BOILER CONTROLLER'
-               }
-             ],
-             page_id: 'sha256:c62b086bc4b947bc7b87e237c415df1417ec4ebd5a3bf6b15bc7328890859d4d:p4',
-             quantity_basis: 'listed_matrix_only',
-             raw: {
-               headers: [
-                 'TAG',
-                 'POINT NAME',
-                 'AI',
-                 'AO',
-                 'DI',
-                 'DO',
-                 'ALARM'
-               ],
-               region: [
-                 2997.12,
-                 1290.24,
-                 4188.46,
-                 2736.24
-               ],
-               rows: [
-                 {
-                   cells: {
-                     'POINT NAME': {
-                       bbox: [
-                         3083.04,
-                         1406.4,
-                         3743.06,
-                         1445.52
-                       ],
-                       text: 'BOILER 1 STATUS*'
-                     },
-                     DI: {
-                       bbox: [
-                         3914.86,
-                         1406.4,
-                         4000.8,
-                         1445.52
-                       ],
-                       text: 'X'
-                     },
-                     TAG: {
-                       bbox: [
-                         2997.12,
-                         1406.4,
-                         3083.04,
-                         1445.52
-                       ],
-                       text: '1'
-                     }
-                   },
-                   key: '1'
-                 },
-                 {
-                   cells: {
-                     'POINT NAME': {
-                       bbox: [
-                         3083.04,
-                         1445.52,
-                         3743.06,
-                         1484.64
-                       ],
-                       text: 'BOILER 1 ON/OFF*'
-                     },
-                     DO: {
-                       bbox: [
-                         4000.8,
-                         1445.52,
-                         4086.7,
-                         1484.64
-                       ],
-                       text: 'X'
-                     },
-                     TAG: {
-                       bbox: [
-                         2997.12,
-                         1445.52,
-                         3083.04,
-                         1484.64
-                       ],
-                       text: '2'
-                     }
-                   },
-                   key: '2'
-                 },
-                 {
-                   cells: {
-                     'POINT NAME': {
-                       bbox: [
-                         3083.04,
-                         1484.64,
-                         3743.06,
-                         1523.52
-                       ],
-                       text: 'BOILER 1 FAILURE*'
-                     },
-                     ALARM: {
-                       bbox: [
-                         4086.7,
-                         1484.64,
-                         4188.46,
-                         1523.52
-                       ],
-                       text: 'X'
-                     },
-                     TAG: {
-                       bbox: [
-                         2997.12,
-                         1484.64,
-                         3083.04,
-                         1523.52
-                       ],
-                       text: '3'
-                     }
-                   },
-                   key: '3'
-                 },
-                 {
-                   cells: {
-                     'POINT NAME': {
-                       bbox: [
-                         3083.04,
-                         1523.52,
-                         3743.06,
-                         1562.64
-                       ],
-                       text: 'BOILER 1 LOAD*'
-                     },
-                     AI: {
-                       bbox: [
-                         3743.06,
-                         1523.52,
-                         3828.96,
-                         1562.64
-                       ],
-                       text: 'X'
-                     },
-                     TAG: {
-                       bbox: [
-                         2997.12,
-                         1523.52,
-                         3083.04,
-                         1562.64
-                       ],
-                       text: '4'
-                     }
-                   },
-                   key: '4'
-                 },
-                 {
-                   cells: {
-                     'POINT NAME': {
-                       bbox: [
-                         3083.04,
-                         1562.64,
-                         3743.06,
-                         1601.52
-                       ],
-                       text: 'HWP PRESSURE DROP ACROSS BOILER 1*'
-                     },
-                     AI: {
-                       bbox: [
-                         3743.06,
-                         1562.64,
-                         3828.96,
-                         1601.52
-                       ],
-                       text: 'X'
-                     },
-                     TAG: {
-                       bbox: [
-                         2997.12,
-                         1562.64,
-                         3083.04,
-                         1601.52
-                       ],
-                       text: '5'
-                     }
-                   },
-                   key: '5'
-                 },
-                 {
-                   cells: {
-                     'POINT NAME': {
-                       bbox: [
-                         3083.04,
-                         1601.52,
-                         3743.06,
-                         1640.64
-                       ],
-                       text: 'BOILER 1 PROOF OF FLOW*'
-                     },
-                     ALARM: {
-                       bbox: [
-                         4086.7,
-                         1601.52,
-                         4188.46,
-                         1640.64
-                       ],
-                       text: 'X'
-                     },
-                     DI: {
-                       bbox: [
-                         3914.86,
-                         1601.52,
-                         4000.8,
-                         1640.64
-                       ],
-                       text: 'X'
-                     },
-                     TAG: {
-                       bbox: [
-                         2997.12,
-                         1601.52,
-                         3083.04,
-                         1640.64
-                       ],
-                       text: '6'
-                     }
-                   },
-                   key: '6'
-                 },
-                 {
-                   cells: {
-                     'POINT NAME': {
-                       bbox: [
-                         3083.04,
-                         1640.64,
-                         3743.06,
-                         1679.76
-                       ],
-                       text: 'BOILER 1 LOW WATER FLOW ALARM*'
-                     },
-                     ALARM: {
-                       bbox: [
-                         4086.7,
-                         1640.64,
-                         4188.46,
-                         1679.76
-                       ],
-                       text: 'X'
-                     },
-                     TAG: {
-                       bbox: [
-                         2997.12,
-                         1640.64,
-                         3083.04,
-                         1679.76
-                       ],
-                       text: '7'
-                     }
-                   },
-                   key: '7'
-                 },
-                 {
-                   cells: {
-                     'POINT NAME': {
-                       bbox: [
-                         3083.04,
-                         1679.76,
-                         3743.06,
-                         1718.64
-                       ],
-                       text: 'BCP 1 STATUS VIA CT'
-                     },
-                     DI: {
-                       bbox: [
-                         3914.86,
-                         1679.76,
-                         4000.8,
-                         1718.64
-                       ],
-                       text: 'X'
-                     },
-                     TAG: {
-                       bbox: [
-                         2997.12,
-                         1679.76,
-                         3083.04,
-                         1718.64
-                       ],
-                       text: '8'
-                     }
-                   },
-                   key: '8'
-                 },
-                 {
-                   cells: {
-                     'POINT NAME': {
-                       bbox: [
-                         3083.04,
-                         1718.64,
-                         3743.06,
-                         1757.76
-                       ],
-                       text: 'BCP 1 ON/OFF'
-                     },
-                     DO: {
-                       bbox: [
-                         4000.8,
-                         1718.64,
-                         4086.7,
-                         1757.76
-                       ],
-                       text: 'X'
-                     },
-                     TAG: {
-                       bbox: [
-                         2997.12,
-                         1718.64,
-                         3083.04,
-                         1757.76
-                       ],
-                       text: '9'
-                     }
-                   },
-                   key: '9'
-                 },
-                 {
-                   cells: {
-                     'POINT NAME': {
-                       bbox: [
-                         3083.04,
-                         1757.76,
-                         3743.06,
-                         1796.64
-                       ],
-                       text: 'BCP 1 FAILURE'
-                     },
-                     ALARM: {
-                       bbox: [
-                         4086.7,
-                         1757.76,
-                         4188.46,
-                         1796.64
-                       ],
-                       text: 'X'
-                     },
-                     TAG: {
-                       bbox: [
-                         2997.12,
-                         1757.76,
-                         3083.04,
-                         1796.64
-                       ],
-                       text: '10'
-                     }
-                   },
-                   key: '10'
-                 },
-                 {
-                   cells: {
-                     'POINT NAME': {
-                       bbox: [
-                         3083.04,
-                         1796.64,
-                         3743.06,
-                         1835.76
-                       ],
-                       text: 'BCP 2 STATUS VIA CT'
-                     },
-                     DI: {
-                       bbox: [
-                         3914.86,
-                         1796.64,
-                         4000.8,
-                         1835.76
-                       ],
-                       text: 'X'
-                     },
-                     TAG: {
-                       bbox: [
-                         2997.12,
-                         1796.64,
-                         3083.04,
-                         1835.76
-                       ],
-                       text: '11'
-                     }
-                   },
-                   key: '11'
-                 },
-                 {
-                   cells: {
-                     'POINT NAME': {
-                       bbox: [
-                         3083.04,
-                         1835.76,
-                         3743.06,
-                         1874.64
-                       ],
-                       text: 'BCP 2 ON/OFF'
-                     },
-                     DO: {
-                       bbox: [
-                         4000.8,
-                         1835.76,
-                         4086.7,
-                         1874.64
-                       ],
-                       text: 'X'
-                     },
-                     TAG: {
-                       bbox: [
-                         2997.12,
-                         1835.76,
-                         3083.04,
-                         1874.64
-                       ],
-                       text: '12'
-                     }
-                   },
-                   key: '12'
-                 },
-                 {
-                   cells: {
-                     'POINT NAME': {
-                       bbox: [
-                         3083.04,
-                         1874.64,
-                         3743.06,
-                         1913.76
-                       ],
-                       text: 'BCP 2 FAILURE'
-                     },
-                     ALARM: {
-                       bbox: [
-                         4086.7,
-                         1874.64,
-                         4188.46,
-                         1913.76
-                       ],
-                       text: 'X'
-                     },
-                     TAG: {
-                       bbox: [
-                         2997.12,
-                         1874.64,
-                         3083.04,
-                         1913.76
-                       ],
-                       text: '13'
-                     }
-                   },
-                   key: '13'
-                 },
-                 {
-                   cells: {
-                     'POINT NAME': {
-                       bbox: [
-                         3083.04,
-                         1913.76,
-                         3743.06,
-                         1952.88
-                       ],
-                       text: 'HWP 1 STATUS VIA CT'
-                     },
-                     DI: {
-                       bbox: [
-                         3914.86,
-                         1913.76,
-                         4000.8,
-                         1952.88
-                       ],
-                       text: 'X'
-                     },
-                     TAG: {
-                       bbox: [
-                         2997.12,
-                         1913.76,
-                         3083.04,
-                         1952.88
-                       ],
-                       text: '14'
-                     }
-                   },
-                   key: '14'
-                 },
-                 {
-                   cells: {
-                     'POINT NAME': {
-                       bbox: [
-                         3083.04,
-                         1952.88,
-                         3743.06,
-                         1992.72
-                       ],
-                       text: 'HWP 1 ON/OFF'
-                     },
-                     DO: {
-                       bbox: [
-                         4000.8,
-                         1952.88,
-                         4086.7,
-                         1992.72
-                       ],
-                       text: 'X'
-                     },
-                     TAG: {
-                       bbox: [
-                         2997.12,
-                         1952.88,
-                         3083.04,
-                         1992.72
-                       ],
-                       text: '15'
-                     }
-                   },
-                   key: '15'
-                 },
-                 {
-                   cells: {
-                     'POINT NAME': {
-                       bbox: [
-                         3083.04,
-                         1992.72,
-                         3743.06,
-                         2031.84
-                       ],
-                       text: 'HWP 1 FAILURE'
-                     },
-                     ALARM: {
-                       bbox: [
-                         4086.7,
-                         1992.72,
-                         4188.46,
-                         2031.84
-                       ],
-                       text: 'X'
-                     },
-                     TAG: {
-                       bbox: [
-                         2997.12,
-                         1992.72,
-                         3083.04,
-                         2031.84
-                       ],
-                       text: '16'
-                     }
-                   },
-                   key: '16'
-                 },
-                 {
-                   cells: {
-                     'POINT NAME': {
-                       bbox: [
-                         3083.04,
-                         2031.84,
-                         3743.06,
-                         2070.96
-                       ],
-                       text: 'HWP 1 SPEED'
-                     },
-                     AO: {
-                       bbox: [
-                         3828.96,
-                         2031.84,
-                         3914.86,
-                         2070.96
-                       ],
-                       text: 'X'
-                     },
-                     TAG: {
-                       bbox: [
-                         2997.12,
-                         2031.84,
-                         3083.04,
-                         2070.96
-                       ],
-                       text: '17'
-                     }
-                   },
-                   key: '17'
-                 },
-                 {
-                   cells: {
-                     'POINT NAME': {
-                       bbox: [
-                         3083.04,
-                         2070.96,
-                         3743.06,
-                         2109.84
-                       ],
-                       text: 'HWP 1 ECM FAULT'
-                     },
-                     AI: {
-                       bbox: [
-                         3743.06,
-                         2070.96,
-                         3828.96,
-                         2109.84
-                       ],
-                       text: 'X'
-                     },
-                     ALARM: {
-                       bbox: [
-                         4086.7,
-                         2070.96,
-                         4188.46,
-                         2109.84
-                       ],
-                       text: 'X'
-                     },
-                     TAG: {
-                       bbox: [
-                         2997.12,
-                         2070.96,
-                         3083.04,
-                         2109.84
-                       ],
-                       text: '18'
-                     }
-                   },
-                   key: '18'
-                 },
-                 {
-                   cells: {
-                     'POINT NAME': {
-                       bbox: [
-                         3083.04,
-                         2109.84,
-                         3743.06,
-                         2148.96
-                       ],
-                       text: 'HWP 2 STATUS VIA CT'
-                     },
-                     DI: {
-                       bbox: [
-                         3914.86,
-                         2109.84,
-                         4000.8,
-                         2148.96
-                       ],
-                       text: 'X'
-                     },
-                     TAG: {
-                       bbox: [
-                         2997.12,
-                         2109.84,
-                         3083.04,
-                         2148.96
-                       ],
-                       text: '19'
-                     }
-                   },
-                   key: '19'
-                 },
-                 {
-                   cells: {
-                     'POINT NAME': {
-                       bbox: [
-                         3083.04,
-                         2148.96,
-                         3743.06,
-                         2187.84
-                       ],
-                       text: 'HWP 2 ON/OFF'
-                     },
-                     DO: {
-                       bbox: [
-                         4000.8,
-                         2148.96,
-                         4086.7,
-                         2187.84
-                       ],
-                       text: 'X'
-                     },
-                     TAG: {
-                       bbox: [
-                         2997.12,
-                         2148.96,
-                         3083.04,
-                         2187.84
-                       ],
-                       text: '20'
-                     }
-                   },
-                   key: '20'
-                 },
-                 {
-                   cells: {
-                     'POINT NAME': {
-                       bbox: [
-                         3083.04,
-                         2187.84,
-                         3743.06,
-                         2226.96
-                       ],
-                       text: 'HWP 2 FAILURE'
-                     },
-                     ALARM: {
-                       bbox: [
-                         4086.7,
-                         2187.84,
-                         4188.46,
-                         2226.96
-                       ],
-                       text: 'X'
-                     },
-                     TAG: {
-                       bbox: [
-                         2997.12,
-                         2187.84,
-                         3083.04,
-                         2226.96
-                       ],
-                       text: '21'
-                     }
-                   },
-                   key: '21'
-                 },
-                 {
-                   cells: {
-                     'POINT NAME': {
-                       bbox: [
-                         3083.04,
-                         2226.96,
-                         3743.06,
-                         2265.84
-                       ],
-                       text: 'HWP 2 SPEED'
-                     },
-                     AO: {
-                       bbox: [
-                         3828.96,
-                         2226.96,
-                         3914.86,
-                         2265.84
-                       ],
-                       text: 'X'
-                     },
-                     TAG: {
-                       bbox: [
-                         2997.12,
-                         2226.96,
-                         3083.04,
-                         2265.84
-                       ],
-                       text: '22'
-                     }
-                   },
-                   key: '22'
-                 },
-                 {
-                   cells: {
-                     'POINT NAME': {
-                       bbox: [
-                         3083.04,
-                         2265.84,
-                         3743.06,
-                         2304.96
-                       ],
-                       text: 'HWP 2 ECM FAULT'
-                     },
-                     AI: {
-                       bbox: [
-                         3743.06,
-                         2265.84,
-                         3828.96,
-                         2304.96
-                       ],
-                       text: 'X'
-                     },
-                     ALARM: {
-                       bbox: [
-                         4086.7,
-                         2265.84,
-                         4188.46,
-                         2304.96
-                       ],
-                       text: 'X'
-                     },
-                     TAG: {
-                       bbox: [
-                         2997.12,
-                         2265.84,
-                         3083.04,
-                         2304.96
-                       ],
-                       text: '23'
-                     }
-                   },
-                   key: '23'
-                 },
-                 {
-                   cells: {
-                     'POINT NAME': {
-                       bbox: [
-                         3083.04,
-                         2304.96,
-                         3743.06,
-                         2344.08
-                       ],
-                       text: 'HWS DIFFERENTIAL PRESSURE'
-                     },
-                     AI: {
-                       bbox: [
-                         3743.06,
-                         2304.96,
-                         3828.96,
-                         2344.08
-                       ],
-                       text: 'X'
-                     },
-                     TAG: {
-                       bbox: [
-                         2997.12,
-                         2304.96,
-                         3083.04,
-                         2344.08
-                       ],
-                       text: '24'
-                     }
-                   },
-                   key: '24'
-                 },
-                 {
-                   cells: {
-                     'POINT NAME': {
-                       bbox: [
-                         3083.04,
-                         2344.08,
-                         3743.06,
-                         2382.72
-                       ],
-                       text: 'HWS DIFFERENTIAL PRESSURE SETPOINT'
-                     },
-                     AO: {
-                       bbox: [
-                         3828.96,
-                         2344.08,
-                         3914.86,
-                         2382.72
-                       ],
-                       text: 'X'
-                     },
-                     TAG: {
-                       bbox: [
-                         2997.12,
-                         2344.08,
-                         3083.04,
-                         2382.72
-                       ],
-                       text: '25'
-                     }
-                   },
-                   key: '25'
-                 },
-                 {
-                   cells: {
-                     'POINT NAME': {
-                       bbox: [
-                         3083.04,
-                         2382.72,
-                         3743.06,
-                         2422.08
-                       ],
-                       text: 'HIGH/LOW HWS TEMPERATURE*'
-                     },
-                     AI: {
-                       bbox: [
-                         3743.06,
-                         2382.72,
-                         3828.96,
-                         2422.08
-                       ],
-                       text: 'X'
-                     },
-                     ALARM: {
-                       bbox: [
-                         4086.7,
-                         2382.72,
-                         4188.46,
-                         2422.08
-                       ],
-                       text: 'X'
-                     },
-                     TAG: {
-                       bbox: [
-                         2997.12,
-                         2382.72,
-                         3083.04,
-                         2422.08
-                       ],
-                       text: '26'
-                     }
-                   },
-                   key: '26'
-                 },
-                 {
-                   cells: {
-                     'POINT NAME': {
-                       bbox: [
-                         3083.04,
-                         2422.08,
-                         3743.06,
-                         2460.96
-                       ],
-                       text: 'HWS TEMPERATURE SETPOINT'
-                     },
-                     AO: {
-                       bbox: [
-                         3828.96,
-                         2422.08,
-                         3914.86,
-                         2460.96
-                       ],
-                       text: 'X'
-                     },
-                     TAG: {
-                       bbox: [
-                         2997.12,
-                         2422.08,
-                         3083.04,
-                         2460.96
-                       ],
-                       text: '27'
-                     }
-                   },
-                   key: '27'
-                 },
-                 {
-                   cells: {
-                     'POINT NAME': {
-                       bbox: [
-                         3083.04,
-                         2460.96,
-                         3743.06,
-                         2500.08
-                       ],
-                       text: 'HWR TEMPERATURE*'
-                     },
-                     AI: {
-                       bbox: [
-                         3743.06,
-                         2460.96,
-                         3828.96,
-                         2500.08
-                       ],
-                       text: 'X'
-                     },
-                     TAG: {
-                       bbox: [
-                         2997.12,
-                         2460.96,
-                         3083.04,
-                         2500.08
-                       ],
-                       text: '28'
-                     }
-                   },
-                   key: '28'
-                 },
-                 {
-                   cells: {
-                     'POINT NAME': {
-                       bbox: [
-                         3083.04,
-                         2500.08,
-                         3743.06,
-                         2539.2
-                       ],
-                       text: 'HWS BYPASS VALVE POSITION'
-                     },
-                     AI: {
-                       bbox: [
-                         3743.06,
-                         2500.08,
-                         3828.96,
-                         2539.2
-                       ],
-                       text: 'X'
-                     },
-                     TAG: {
-                       bbox: [
-                         2997.12,
-                         2500.08,
-                         3083.04,
-                         2539.2
-                       ],
-                       text: '29'
-                     }
-                   },
-                   key: '29'
-                 },
-                 {
-                   cells: {
-                     'POINT NAME': {
-                       bbox: [
-                         3083.04,
-                         2539.2,
-                         3743.06,
-                         2578.08
-                       ],
-                       text: 'OUTSIDE AIR TEMPERATURE (GLOBAL)'
-                     },
-                     AI: {
-                       bbox: [
-                         3743.06,
-                         2539.2,
-                         3828.96,
-                         2578.08
-                       ],
-                       text: 'X'
-                     },
-                     TAG: {
-                       bbox: [
-                         2997.12,
-                         2539.2,
-                         3083.04,
-                         2578.08
-                       ],
-                       text: '30'
-                     }
-                   },
-                   key: '30'
-                 },
-                 {
-                   cells: {
-                     'POINT NAME': {
-                       bbox: [
-                         3083.04,
-                         2578.08,
-                         3743.06,
-                         2617.2
-                       ],
-                       text: 'EMERGENCY SHUTDOWN (GLOBAL)'
-                     },
-                     ALARM: {
-                       bbox: [
-                         4086.7,
-                         2578.08,
-                         4188.46,
-                         2617.2
-                       ],
-                       text: 'X'
-                     },
-                     DI: {
-                       bbox: [
-                         3914.86,
-                         2578.08,
-                         4000.8,
-                         2617.2
-                       ],
-                       text: 'X'
-                     },
-                     TAG: {
-                       bbox: [
-                         2997.12,
-                         2578.08,
-                         3083.04,
-                         2617.2
-                       ],
-                       text: '31'
-                     }
-                   },
-                   key: '31'
-                 },
-                 {
-                   cells: {
-                     'POINT NAME': {
-                       bbox: [
-                         3083.04,
-                         2617.2,
-                         3743.06,
-                         2656.08
-                       ],
-                       text: 'HEATING WATER SYSTEM FLOW RATE (GPM)'
-                     },
-                     AI: {
-                       bbox: [
-                         3743.06,
-                         2617.2,
-                         3828.96,
-                         2656.08
-                       ],
-                       text: 'X'
-                     },
-                     TAG: {
-                       bbox: [
-                         2997.12,
-                         2617.2,
-                         3083.04,
-                         2656.08
-                       ],
-                       text: '32'
-                     }
-                   },
-                   key: '32'
-                 },
-                 {
-                   cells: {
-                     'POINT NAME': {
-                       bbox: [
-                         3083.04,
-                         2656.08,
-                         3743.06,
-                         2695.2
-                       ],
-                       text: 'FREEZE PROTECTION'
-                     },
-                     ALARM: {
-                       bbox: [
-                         4086.7,
-                         2656.08,
-                         4188.46,
-                         2695.2
-                       ],
-                       text: 'X'
-                     },
-                     TAG: {
-                       bbox: [
-                         2997.12,
-                         2656.08,
-                         3083.04,
-                         2695.2
-                       ],
-                       text: '33'
-                     }
-                   },
-                   key: '33'
-                 },
-                 {
-                   cells: {
-                     'POINT NAME': {
-                       bbox: [
-                         3083.04,
-                         2695.2,
-                         3743.06,
-                         2736.24
-                       ],
-                       text: 'CO SENSOR'
-                     },
-                     AI: {
-                       bbox: [
-                         3743.06,
-                         2695.2,
-                         3828.96,
-                         2736.24
-                       ],
-                       text: 'X'
-                     },
-                     ALARM: {
-                       bbox: [
-                         4086.7,
-                         2695.2,
-                         4188.46,
-                         2736.24
-                       ],
-                       text: 'X'
-                     },
-                     TAG: {
-                       bbox: [
-                         2997.12,
-                         2695.2,
-                         3083.04,
-                         2736.24
-                       ],
-                       text: '34'
-                     }
-                   },
-                   key: '34'
-                 }
-               ],
-               sheet: 'c62b086bc4b947bc7b87e237c415df1417ec4ebd5a3bf6b15bc7328890859d4d.pdf#4',
-               title: {
-                 bbox: [
-                   2997.12,
-                   1290.24,
-                   4188.46,
-                   1362.24
-                 ],
-                 text: 'BAS INPUT/OUTPUT POINT LIST'
-               }
-             },
-             rows: [
-               {
-                 field_wiring_status: 'not_established',
-                 issues: [],
-                 local_key: '1',
-                 name: 'BOILER 1 STATUS*',
-                 observations: [
-                   {
-                     channel: 'DI',
-                     kind: 'declared_io',
-                     source: {
-                       bbox_px: [
-                         3914.86,
-                         1406.4,
-                         4000.8,
-                         1445.52
-                       ],
-                       column: 'DI',
-                       page_id: 'sha256:c62b086bc4b947bc7b87e237c415df1417ec4ebd5a3bf6b15bc7328890859d4d:p4',
-                       sheet_key: 'c62b086bc4b947bc7b87e237c415df1417ec4ebd5a3bf6b15bc7328890859d4d.pdf#4',
-                       source_id: 'sha256:c62b086bc4b947bc7b87e237c415df1417ec4ebd5a3bf6b15bc7328890859d4d',
-                       span_id: null,
-                       text: 'X'
-                     },
-                     status: 'read',
-                     value: 1
-                   }
-                 ],
-                 qualifiers: [
-                   {
-                     kind: 'controller_provided',
-                     source: {
-                       bbox_px: [
-                         3217.4,
-                         2757.8,
-                         3856.9,
-                         2785.9
-                       ],
-                       column: null,
-                       page_id: 'sha256:c62b086bc4b947bc7b87e237c415df1417ec4ebd5a3bf6b15bc7328890859d4d:p4',
-                       sheet_key: 'c62b086bc4b947bc7b87e237c415df1417ec4ebd5a3bf6b15bc7328890859d4d.pdf#4',
-                       source_id: 'sha256:c62b086bc4b947bc7b87e237c415df1417ec4ebd5a3bf6b15bc7328890859d4d',
-                       span_id: 'sha256:c62b086bc4b947bc7b87e237c415df1417ec4ebd5a3bf6b15bc7328890859d4d:p4:s278',
-                       text: '* INDICATES POINT PULLED FROM BOILER CONTROLLER'
-                     },
-                     subject: 'BOILER CONTROLLER'
-                   }
-                 ],
-                 raw: {
-                   cells: {
-                     'POINT NAME': {
-                       bbox: [
-                         3083.04,
-                         1406.4,
-                         3743.06,
-                         1445.52
-                       ],
-                       text: 'BOILER 1 STATUS*'
-                     },
-                     DI: {
-                       bbox: [
-                         3914.86,
-                         1406.4,
-                         4000.8,
-                         1445.52
-                       ],
-                       text: 'X'
-                     },
-                     TAG: {
-                       bbox: [
-                         2997.12,
-                         1406.4,
-                         3083.04,
-                         1445.52
-                       ],
-                       text: '1'
-                     }
-                   },
-                   key: '1'
-                 },
-                 row_id: 'row:ebc4c4c21d3547d123d244118cea5d9c88d682084681927e0a653d0b86bd4b5a:1',
-                 status: 'interpreted',
-                 uninterpreted_columns: [],
-                 unobserved_columns: [
-                   'AI',
-                   'ALARM',
-                   'AO',
-                   'DO'
-                 ]
-               },
-               {
-                 field_wiring_status: 'not_established',
-                 issues: [],
-                 local_key: '2',
-                 name: 'BOILER 1 ON/OFF*',
-                 observations: [
-                   {
-                     channel: 'DO',
-                     kind: 'declared_io',
-                     source: {
-                       bbox_px: [
-                         4000.8,
-                         1445.52,
-                         4086.7,
-                         1484.64
-                       ],
-                       column: 'DO',
-                       page_id: 'sha256:c62b086bc4b947bc7b87e237c415df1417ec4ebd5a3bf6b15bc7328890859d4d:p4',
-                       sheet_key: 'c62b086bc4b947bc7b87e237c415df1417ec4ebd5a3bf6b15bc7328890859d4d.pdf#4',
-                       source_id: 'sha256:c62b086bc4b947bc7b87e237c415df1417ec4ebd5a3bf6b15bc7328890859d4d',
-                       span_id: null,
-                       text: 'X'
-                     },
-                     status: 'read',
-                     value: 1
-                   }
-                 ],
-                 qualifiers: [
-                   {
-                     kind: 'controller_provided',
-                     source: {
-                       bbox_px: [
-                         3217.4,
-                         2757.8,
-                         3856.9,
-                         2785.9
-                       ],
-                       column: null,
-                       page_id: 'sha256:c62b086bc4b947bc7b87e237c415df1417ec4ebd5a3bf6b15bc7328890859d4d:p4',
-                       sheet_key: 'c62b086bc4b947bc7b87e237c415df1417ec4ebd5a3bf6b15bc7328890859d4d.pdf#4',
-                       source_id: 'sha256:c62b086bc4b947bc7b87e237c415df1417ec4ebd5a3bf6b15bc7328890859d4d',
-                       span_id: 'sha256:c62b086bc4b947bc7b87e237c415df1417ec4ebd5a3bf6b15bc7328890859d4d:p4:s278',
-                       text: '* INDICATES POINT PULLED FROM BOILER CONTROLLER'
-                     },
-                     subject: 'BOILER CONTROLLER'
-                   }
-                 ],
-                 raw: {
-                   cells: {
-                     'POINT NAME': {
-                       bbox: [
-                         3083.04,
-                         1445.52,
-                         3743.06,
-                         1484.64
-                       ],
-                       text: 'BOILER 1 ON/OFF*'
-                     },
-                     DO: {
-                       bbox: [
-                         4000.8,
-                         1445.52,
-                         4086.7,
-                         1484.64
-                       ],
-                       text: 'X'
-                     },
-                     TAG: {
-                       bbox: [
-                         2997.12,
-                         1445.52,
-                         3083.04,
-                         1484.64
-                       ],
-                       text: '2'
-                     }
-                   },
-                   key: '2'
-                 },
-                 row_id: 'row:24e220f0bcb23b83e6bed1f7cbf28bf986e80e610f9b032792cea0fcf4665176:1',
-                 status: 'interpreted',
-                 uninterpreted_columns: [],
-                 unobserved_columns: [
-                   'AI',
-                   'ALARM',
-                   'AO',
-                   'DI'
-                 ]
-               },
-               {
-                 field_wiring_status: 'not_established',
-                 issues: [],
-                 local_key: '3',
-                 name: 'BOILER 1 FAILURE*',
-                 observations: [
-                   {
-                     channel: 'ALARM',
-                     kind: 'attribute',
-                     source: {
-                       bbox_px: [
-                         4086.7,
-                         1484.64,
-                         4188.46,
-                         1523.52
-                       ],
-                       column: 'ALARM',
-                       page_id: 'sha256:c62b086bc4b947bc7b87e237c415df1417ec4ebd5a3bf6b15bc7328890859d4d:p4',
-                       sheet_key: 'c62b086bc4b947bc7b87e237c415df1417ec4ebd5a3bf6b15bc7328890859d4d.pdf#4',
-                       source_id: 'sha256:c62b086bc4b947bc7b87e237c415df1417ec4ebd5a3bf6b15bc7328890859d4d',
-                       span_id: null,
-                       text: 'X'
-                     },
-                     status: 'read',
-                     value: 1
-                   }
-                 ],
-                 qualifiers: [
-                   {
-                     kind: 'controller_provided',
-                     source: {
-                       bbox_px: [
-                         3217.4,
-                         2757.8,
-                         3856.9,
-                         2785.9
-                       ],
-                       column: null,
-                       page_id: 'sha256:c62b086bc4b947bc7b87e237c415df1417ec4ebd5a3bf6b15bc7328890859d4d:p4',
-                       sheet_key: 'c62b086bc4b947bc7b87e237c415df1417ec4ebd5a3bf6b15bc7328890859d4d.pdf#4',
-                       source_id: 'sha256:c62b086bc4b947bc7b87e237c415df1417ec4ebd5a3bf6b15bc7328890859d4d',
-                       span_id: 'sha256:c62b086bc4b947bc7b87e237c415df1417ec4ebd5a3bf6b15bc7328890859d4d:p4:s278',
-                       text: '* INDICATES POINT PULLED FROM BOILER CONTROLLER'
-                     },
-                     subject: 'BOILER CONTROLLER'
-                   }
-                 ],
-                 raw: {
-                   cells: {
-                     'POINT NAME': {
-                       bbox: [
-                         3083.04,
-                         1484.64,
-                         3743.06,
-                         1523.52
-                       ],
-                       text: 'BOILER 1 FAILURE*'
-                     },
-                     ALARM: {
-                       bbox: [
-                         4086.7,
-                         1484.64,
-                         4188.46,
-                         1523.52
-                       ],
-                       text: 'X'
-                     },
-                     TAG: {
-                       bbox: [
-                         2997.12,
-                         1484.64,
-                         3083.04,
-                         1523.52
-                       ],
-                       text: '3'
-                     }
-                   },
-                   key: '3'
-                 },
-                 row_id: 'row:51ce12067ebcddfcdaa09001259c2f55ae56cacc11e163d5331582819c558585:1',
-                 status: 'no_typed_requirement',
-                 uninterpreted_columns: [],
-                 unobserved_columns: [
-                   'AI',
-                   'AO',
-                   'DI',
-                   'DO'
-                 ]
-               },
-               {
-                 field_wiring_status: 'not_established',
-                 issues: [],
-                 local_key: '4',
-                 name: 'BOILER 1 LOAD*',
-                 observations: [
-                   {
-                     channel: 'AI',
-                     kind: 'declared_io',
-                     source: {
-                       bbox_px: [
-                         3743.06,
-                         1523.52,
-                         3828.96,
-                         1562.64
-                       ],
-                       column: 'AI',
-                       page_id: 'sha256:c62b086bc4b947bc7b87e237c415df1417ec4ebd5a3bf6b15bc7328890859d4d:p4',
-                       sheet_key: 'c62b086bc4b947bc7b87e237c415df1417ec4ebd5a3bf6b15bc7328890859d4d.pdf#4',
-                       source_id: 'sha256:c62b086bc4b947bc7b87e237c415df1417ec4ebd5a3bf6b15bc7328890859d4d',
-                       span_id: null,
-                       text: 'X'
-                     },
-                     status: 'read',
-                     value: 1
-                   }
-                 ],
-                 qualifiers: [
-                   {
-                     kind: 'controller_provided',
-                     source: {
-                       bbox_px: [
-                         3217.4,
-                         2757.8,
-                         3856.9,
-                         2785.9
-                       ],
-                       column: null,
-                       page_id: 'sha256:c62b086bc4b947bc7b87e237c415df1417ec4ebd5a3bf6b15bc7328890859d4d:p4',
-                       sheet_key: 'c62b086bc4b947bc7b87e237c415df1417ec4ebd5a3bf6b15bc7328890859d4d.pdf#4',
-                       source_id: 'sha256:c62b086bc4b947bc7b87e237c415df1417ec4ebd5a3bf6b15bc7328890859d4d',
-                       span_id: 'sha256:c62b086bc4b947bc7b87e237c415df1417ec4ebd5a3bf6b15bc7328890859d4d:p4:s278',
-                       text: '* INDICATES POINT PULLED FROM BOILER CONTROLLER'
-                     },
-                     subject: 'BOILER CONTROLLER'
-                   }
-                 ],
-                 raw: {
-                   cells: {
-                     'POINT NAME': {
-                       bbox: [
-                         3083.04,
-                         1523.52,
-                         3743.06,
-                         1562.64
-                       ],
-                       text: 'BOILER 1 LOAD*'
-                     },
-                     AI: {
-                       bbox: [
-                         3743.06,
-                         1523.52,
-                         3828.96,
-                         1562.64
-                       ],
-                       text: 'X'
-                     },
-                     TAG: {
-                       bbox: [
-                         2997.12,
-                         1523.52,
-                         3083.04,
-                         1562.64
-                       ],
-                       text: '4'
-                     }
-                   },
-                   key: '4'
-                 },
-                 row_id: 'row:40b0522b7a6013f2aacf8e730035719c2944b39d923c5d61e901f4a15a33ba24:1',
-                 status: 'interpreted',
-                 uninterpreted_columns: [],
-                 unobserved_columns: [
-                   'ALARM',
-                   'AO',
-                   'DI',
-                   'DO'
-                 ]
-               },
-               {
-                 field_wiring_status: 'not_established',
-                 issues: [],
-                 local_key: '5',
-                 name: 'HWP PRESSURE DROP ACROSS BOILER 1*',
-                 observations: [
-                   {
-                     channel: 'AI',
-                     kind: 'declared_io',
-                     source: {
-                       bbox_px: [
-                         3743.06,
-                         1562.64,
-                         3828.96,
-                         1601.52
-                       ],
-                       column: 'AI',
-                       page_id: 'sha256:c62b086bc4b947bc7b87e237c415df1417ec4ebd5a3bf6b15bc7328890859d4d:p4',
-                       sheet_key: 'c62b086bc4b947bc7b87e237c415df1417ec4ebd5a3bf6b15bc7328890859d4d.pdf#4',
-                       source_id: 'sha256:c62b086bc4b947bc7b87e237c415df1417ec4ebd5a3bf6b15bc7328890859d4d',
-                       span_id: null,
-                       text: 'X'
-                     },
-                     status: 'read',
-                     value: 1
-                   }
-                 ],
-                 qualifiers: [
-                   {
-                     kind: 'controller_provided',
-                     source: {
-                       bbox_px: [
-                         3217.4,
-                         2757.8,
-                         3856.9,
-                         2785.9
-                       ],
-                       column: null,
-                       page_id: 'sha256:c62b086bc4b947bc7b87e237c415df1417ec4ebd5a3bf6b15bc7328890859d4d:p4',
-                       sheet_key: 'c62b086bc4b947bc7b87e237c415df1417ec4ebd5a3bf6b15bc7328890859d4d.pdf#4',
-                       source_id: 'sha256:c62b086bc4b947bc7b87e237c415df1417ec4ebd5a3bf6b15bc7328890859d4d',
-                       span_id: 'sha256:c62b086bc4b947bc7b87e237c415df1417ec4ebd5a3bf6b15bc7328890859d4d:p4:s278',
-                       text: '* INDICATES POINT PULLED FROM BOILER CONTROLLER'
-                     },
-                     subject: 'BOILER CONTROLLER'
-                   }
-                 ],
-                 raw: {
-                   cells: {
-                     'POINT NAME': {
-                       bbox: [
-                         3083.04,
-                         1562.64,
-                         3743.06,
-                         1601.52
-                       ],
-                       text: 'HWP PRESSURE DROP ACROSS BOILER 1*'
-                     },
-                     AI: {
-                       bbox: [
-                         3743.06,
-                         1562.64,
-                         3828.96,
-                         1601.52
-                       ],
-                       text: 'X'
-                     },
-                     TAG: {
-                       bbox: [
-                         2997.12,
-                         1562.64,
-                         3083.04,
-                         1601.52
-                       ],
-                       text: '5'
-                     }
-                   },
-                   key: '5'
-                 },
-                 row_id: 'row:b178c6bb486f3d6e97dd65ecd5985855e06029b78073300f643c082270be73db:1',
-                 status: 'interpreted',
-                 uninterpreted_columns: [],
-                 unobserved_columns: [
-                   'ALARM',
-                   'AO',
-                   'DI',
-                   'DO'
-                 ]
-               },
-               {
-                 field_wiring_status: 'not_established',
-                 issues: [],
-                 local_key: '6',
-                 name: 'BOILER 1 PROOF OF FLOW*',
-                 observations: [
-                   {
-                     channel: 'ALARM',
-                     kind: 'attribute',
-                     source: {
-                       bbox_px: [
-                         4086.7,
-                         1601.52,
-                         4188.46,
-                         1640.64
-                       ],
-                       column: 'ALARM',
-                       page_id: 'sha256:c62b086bc4b947bc7b87e237c415df1417ec4ebd5a3bf6b15bc7328890859d4d:p4',
-                       sheet_key: 'c62b086bc4b947bc7b87e237c415df1417ec4ebd5a3bf6b15bc7328890859d4d.pdf#4',
-                       source_id: 'sha256:c62b086bc4b947bc7b87e237c415df1417ec4ebd5a3bf6b15bc7328890859d4d',
-                       span_id: null,
-                       text: 'X'
-                     },
-                     status: 'read',
-                     value: 1
-                   },
-                   {
-                     channel: 'DI',
-                     kind: 'declared_io',
-                     source: {
-                       bbox_px: [
-                         3914.86,
-                         1601.52,
-                         4000.8,
-                         1640.64
-                       ],
-                       column: 'DI',
-                       page_id: 'sha256:c62b086bc4b947bc7b87e237c415df1417ec4ebd5a3bf6b15bc7328890859d4d:p4',
-                       sheet_key: 'c62b086bc4b947bc7b87e237c415df1417ec4ebd5a3bf6b15bc7328890859d4d.pdf#4',
-                       source_id: 'sha256:c62b086bc4b947bc7b87e237c415df1417ec4ebd5a3bf6b15bc7328890859d4d',
-                       span_id: null,
-                       text: 'X'
-                     },
-                     status: 'read',
-                     value: 1
-                   }
-                 ],
-                 qualifiers: [
-                   {
-                     kind: 'controller_provided',
-                     source: {
-                       bbox_px: [
-                         3217.4,
-                         2757.8,
-                         3856.9,
-                         2785.9
-                       ],
-                       column: null,
-                       page_id: 'sha256:c62b086bc4b947bc7b87e237c415df1417ec4ebd5a3bf6b15bc7328890859d4d:p4',
-                       sheet_key: 'c62b086bc4b947bc7b87e237c415df1417ec4ebd5a3bf6b15bc7328890859d4d.pdf#4',
-                       source_id: 'sha256:c62b086bc4b947bc7b87e237c415df1417ec4ebd5a3bf6b15bc7328890859d4d',
-                       span_id: 'sha256:c62b086bc4b947bc7b87e237c415df1417ec4ebd5a3bf6b15bc7328890859d4d:p4:s278',
-                       text: '* INDICATES POINT PULLED FROM BOILER CONTROLLER'
-                     },
-                     subject: 'BOILER CONTROLLER'
-                   }
-                 ],
-                 raw: {
-                   cells: {
-                     'POINT NAME': {
-                       bbox: [
-                         3083.04,
-                         1601.52,
-                         3743.06,
-                         1640.64
-                       ],
-                       text: 'BOILER 1 PROOF OF FLOW*'
-                     },
-                     ALARM: {
-                       bbox: [
-                         4086.7,
-                         1601.52,
-                         4188.46,
-                         1640.64
-                       ],
-                       text: 'X'
-                     },
-                     DI: {
-                       bbox: [
-                         3914.86,
-                         1601.52,
-                         4000.8,
-                         1640.64
-                       ],
-                       text: 'X'
-                     },
-                     TAG: {
-                       bbox: [
-                         2997.12,
-                         1601.52,
-                         3083.04,
-                         1640.64
-                       ],
-                       text: '6'
-                     }
-                   },
-                   key: '6'
-                 },
-                 row_id: 'row:a3e042152b9507efc5f3f7585ad383e0872d92e056ca75a6f48a0acc3957d63c:1',
-                 status: 'interpreted',
-                 uninterpreted_columns: [],
-                 unobserved_columns: [
-                   'AI',
-                   'AO',
-                   'DO'
-                 ]
-               },
-               {
-                 field_wiring_status: 'not_established',
-                 issues: [],
-                 local_key: '7',
-                 name: 'BOILER 1 LOW WATER FLOW ALARM*',
-                 observations: [
-                   {
-                     channel: 'ALARM',
-                     kind: 'attribute',
-                     source: {
-                       bbox_px: [
-                         4086.7,
-                         1640.64,
-                         4188.46,
-                         1679.76
-                       ],
-                       column: 'ALARM',
-                       page_id: 'sha256:c62b086bc4b947bc7b87e237c415df1417ec4ebd5a3bf6b15bc7328890859d4d:p4',
-                       sheet_key: 'c62b086bc4b947bc7b87e237c415df1417ec4ebd5a3bf6b15bc7328890859d4d.pdf#4',
-                       source_id: 'sha256:c62b086bc4b947bc7b87e237c415df1417ec4ebd5a3bf6b15bc7328890859d4d',
-                       span_id: null,
-                       text: 'X'
-                     },
-                     status: 'read',
-                     value: 1
-                   }
-                 ],
-                 qualifiers: [
-                   {
-                     kind: 'controller_provided',
-                     source: {
-                       bbox_px: [
-                         3217.4,
-                         2757.8,
-                         3856.9,
-                         2785.9
-                       ],
-                       column: null,
-                       page_id: 'sha256:c62b086bc4b947bc7b87e237c415df1417ec4ebd5a3bf6b15bc7328890859d4d:p4',
-                       sheet_key: 'c62b086bc4b947bc7b87e237c415df1417ec4ebd5a3bf6b15bc7328890859d4d.pdf#4',
-                       source_id: 'sha256:c62b086bc4b947bc7b87e237c415df1417ec4ebd5a3bf6b15bc7328890859d4d',
-                       span_id: 'sha256:c62b086bc4b947bc7b87e237c415df1417ec4ebd5a3bf6b15bc7328890859d4d:p4:s278',
-                       text: '* INDICATES POINT PULLED FROM BOILER CONTROLLER'
-                     },
-                     subject: 'BOILER CONTROLLER'
-                   }
-                 ],
-                 raw: {
-                   cells: {
-                     'POINT NAME': {
-                       bbox: [
-                         3083.04,
-                         1640.64,
-                         3743.06,
-                         1679.76
-                       ],
-                       text: 'BOILER 1 LOW WATER FLOW ALARM*'
-                     },
-                     ALARM: {
-                       bbox: [
-                         4086.7,
-                         1640.64,
-                         4188.46,
-                         1679.76
-                       ],
-                       text: 'X'
-                     },
-                     TAG: {
-                       bbox: [
-                         2997.12,
-                         1640.64,
-                         3083.04,
-                         1679.76
-                       ],
-                       text: '7'
-                     }
-                   },
-                   key: '7'
-                 },
-                 row_id: 'row:84e62112491790ba367dc874462aa4be322cadf388c254596bb97665a1c32f43:1',
-                 status: 'no_typed_requirement',
-                 uninterpreted_columns: [],
-                 unobserved_columns: [
-                   'AI',
-                   'AO',
-                   'DI',
-                   'DO'
-                 ]
-               },
-               {
-                 field_wiring_status: 'not_established',
-                 issues: [],
-                 local_key: '8',
-                 name: 'BCP 1 STATUS VIA CT',
-                 observations: [
-                   {
-                     channel: 'DI',
-                     kind: 'declared_io',
-                     source: {
-                       bbox_px: [
-                         3914.86,
-                         1679.76,
-                         4000.8,
-                         1718.64
-                       ],
-                       column: 'DI',
-                       page_id: 'sha256:c62b086bc4b947bc7b87e237c415df1417ec4ebd5a3bf6b15bc7328890859d4d:p4',
-                       sheet_key: 'c62b086bc4b947bc7b87e237c415df1417ec4ebd5a3bf6b15bc7328890859d4d.pdf#4',
-                       source_id: 'sha256:c62b086bc4b947bc7b87e237c415df1417ec4ebd5a3bf6b15bc7328890859d4d',
-                       span_id: null,
-                       text: 'X'
-                     },
-                     status: 'read',
-                     value: 1
-                   }
-                 ],
-                 qualifiers: [],
-                 raw: {
-                   cells: {
-                     'POINT NAME': {
-                       bbox: [
-                         3083.04,
-                         1679.76,
-                         3743.06,
-                         1718.64
-                       ],
-                       text: 'BCP 1 STATUS VIA CT'
-                     },
-                     DI: {
-                       bbox: [
-                         3914.86,
-                         1679.76,
-                         4000.8,
-                         1718.64
-                       ],
-                       text: 'X'
-                     },
-                     TAG: {
-                       bbox: [
-                         2997.12,
-                         1679.76,
-                         3083.04,
-                         1718.64
-                       ],
-                       text: '8'
-                     }
-                   },
-                   key: '8'
-                 },
-                 row_id: 'row:a5cf78514c47e2b62e836b57905789004532519759a1cf5fed69ab1785ca2f7c:1',
-                 status: 'interpreted',
-                 uninterpreted_columns: [],
-                 unobserved_columns: [
-                   'AI',
-                   'ALARM',
-                   'AO',
-                   'DO'
-                 ]
-               },
-               {
-                 field_wiring_status: 'not_established',
-                 issues: [],
-                 local_key: '9',
-                 name: 'BCP 1 ON/OFF',
-                 observations: [
-                   {
-                     channel: 'DO',
-                     kind: 'declared_io',
-                     source: {
-                       bbox_px: [
-                         4000.8,
-                         1718.64,
-                         4086.7,
-                         1757.76
-                       ],
-                       column: 'DO',
-                       page_id: 'sha256:c62b086bc4b947bc7b87e237c415df1417ec4ebd5a3bf6b15bc7328890859d4d:p4',
-                       sheet_key: 'c62b086bc4b947bc7b87e237c415df1417ec4ebd5a3bf6b15bc7328890859d4d.pdf#4',
-                       source_id: 'sha256:c62b086bc4b947bc7b87e237c415df1417ec4ebd5a3bf6b15bc7328890859d4d',
-                       span_id: null,
-                       text: 'X'
-                     },
-                     status: 'read',
-                     value: 1
-                   }
-                 ],
-                 qualifiers: [],
-                 raw: {
-                   cells: {
-                     'POINT NAME': {
-                       bbox: [
-                         3083.04,
-                         1718.64,
-                         3743.06,
-                         1757.76
-                       ],
-                       text: 'BCP 1 ON/OFF'
-                     },
-                     DO: {
-                       bbox: [
-                         4000.8,
-                         1718.64,
-                         4086.7,
-                         1757.76
-                       ],
-                       text: 'X'
-                     },
-                     TAG: {
-                       bbox: [
-                         2997.12,
-                         1718.64,
-                         3083.04,
-                         1757.76
-                       ],
-                       text: '9'
-                     }
-                   },
-                   key: '9'
-                 },
-                 row_id: 'row:a2a739580799c443c44b81565f8eaa23da3ba1e795687554ce2dd050a957bc54:1',
-                 status: 'interpreted',
-                 uninterpreted_columns: [],
-                 unobserved_columns: [
-                   'AI',
-                   'ALARM',
-                   'AO',
-                   'DI'
-                 ]
-               },
-               {
-                 field_wiring_status: 'not_established',
-                 issues: [],
-                 local_key: '10',
-                 name: 'BCP 1 FAILURE',
-                 observations: [
-                   {
-                     channel: 'ALARM',
-                     kind: 'attribute',
-                     source: {
-                       bbox_px: [
-                         4086.7,
-                         1757.76,
-                         4188.46,
-                         1796.64
-                       ],
-                       column: 'ALARM',
-                       page_id: 'sha256:c62b086bc4b947bc7b87e237c415df1417ec4ebd5a3bf6b15bc7328890859d4d:p4',
-                       sheet_key: 'c62b086bc4b947bc7b87e237c415df1417ec4ebd5a3bf6b15bc7328890859d4d.pdf#4',
-                       source_id: 'sha256:c62b086bc4b947bc7b87e237c415df1417ec4ebd5a3bf6b15bc7328890859d4d',
-                       span_id: null,
-                       text: 'X'
-                     },
-                     status: 'read',
-                     value: 1
-                   }
-                 ],
-                 qualifiers: [],
-                 raw: {
-                   cells: {
-                     'POINT NAME': {
-                       bbox: [
-                         3083.04,
-                         1757.76,
-                         3743.06,
-                         1796.64
-                       ],
-                       text: 'BCP 1 FAILURE'
-                     },
-                     ALARM: {
-                       bbox: [
-                         4086.7,
-                         1757.76,
-                         4188.46,
-                         1796.64
-                       ],
-                       text: 'X'
-                     },
-                     TAG: {
-                       bbox: [
-                         2997.12,
-                         1757.76,
-                         3083.04,
-                         1796.64
-                       ],
-                       text: '10'
-                     }
-                   },
-                   key: '10'
-                 },
-                 row_id: 'row:b6c19f3b40be7db3564329879923389c72c1cac121dfcae3c7ea5be8cdad0e22:1',
-                 status: 'no_typed_requirement',
-                 uninterpreted_columns: [],
-                 unobserved_columns: [
-                   'AI',
-                   'AO',
-                   'DI',
-                   'DO'
-                 ]
-               },
-               {
-                 field_wiring_status: 'not_established',
-                 issues: [],
-                 local_key: '11',
-                 name: 'BCP 2 STATUS VIA CT',
-                 observations: [
-                   {
-                     channel: 'DI',
-                     kind: 'declared_io',
-                     source: {
-                       bbox_px: [
-                         3914.86,
-                         1796.64,
-                         4000.8,
-                         1835.76
-                       ],
-                       column: 'DI',
-                       page_id: 'sha256:c62b086bc4b947bc7b87e237c415df1417ec4ebd5a3bf6b15bc7328890859d4d:p4',
-                       sheet_key: 'c62b086bc4b947bc7b87e237c415df1417ec4ebd5a3bf6b15bc7328890859d4d.pdf#4',
-                       source_id: 'sha256:c62b086bc4b947bc7b87e237c415df1417ec4ebd5a3bf6b15bc7328890859d4d',
-                       span_id: null,
-                       text: 'X'
-                     },
-                     status: 'read',
-                     value: 1
-                   }
-                 ],
-                 qualifiers: [],
-                 raw: {
-                   cells: {
-                     'POINT NAME': {
-                       bbox: [
-                         3083.04,
-                         1796.64,
-                         3743.06,
-                         1835.76
-                       ],
-                       text: 'BCP 2 STATUS VIA CT'
-                     },
-                     DI: {
-                       bbox: [
-                         3914.86,
-                         1796.64,
-                         4000.8,
-                         1835.76
-                       ],
-                       text: 'X'
-                     },
-                     TAG: {
-                       bbox: [
-                         2997.12,
-                         1796.64,
-                         3083.04,
-                         1835.76
-                       ],
-                       text: '11'
-                     }
-                   },
-                   key: '11'
-                 },
-                 row_id: 'row:81d6951bbb638d954c7fe37bdbb892e40a2944ff973a0274610660eb116703e8:1',
-                 status: 'interpreted',
-                 uninterpreted_columns: [],
-                 unobserved_columns: [
-                   'AI',
-                   'ALARM',
-                   'AO',
-                   'DO'
-                 ]
-               },
-               {
-                 field_wiring_status: 'not_established',
-                 issues: [],
-                 local_key: '12',
-                 name: 'BCP 2 ON/OFF',
-                 observations: [
-                   {
-                     channel: 'DO',
-                     kind: 'declared_io',
-                     source: {
-                       bbox_px: [
-                         4000.8,
-                         1835.76,
-                         4086.7,
-                         1874.64
-                       ],
-                       column: 'DO',
-                       page_id: 'sha256:c62b086bc4b947bc7b87e237c415df1417ec4ebd5a3bf6b15bc7328890859d4d:p4',
-                       sheet_key: 'c62b086bc4b947bc7b87e237c415df1417ec4ebd5a3bf6b15bc7328890859d4d.pdf#4',
-                       source_id: 'sha256:c62b086bc4b947bc7b87e237c415df1417ec4ebd5a3bf6b15bc7328890859d4d',
-                       span_id: null,
-                       text: 'X'
-                     },
-                     status: 'read',
-                     value: 1
-                   }
-                 ],
-                 qualifiers: [],
-                 raw: {
-                   cells: {
-                     'POINT NAME': {
-                       bbox: [
-                         3083.04,
-                         1835.76,
-                         3743.06,
-                         1874.64
-                       ],
-                       text: 'BCP 2 ON/OFF'
-                     },
-                     DO: {
-                       bbox: [
-                         4000.8,
-                         1835.76,
-                         4086.7,
-                         1874.64
-                       ],
-                       text: 'X'
-                     },
-                     TAG: {
-                       bbox: [
-                         2997.12,
-                         1835.76,
-                         3083.04,
-                         1874.64
-                       ],
-                       text: '12'
-                     }
-                   },
-                   key: '12'
-                 },
-                 row_id: 'row:baaef8c8346b8664705a3b322fac67710b339fbc2e87bca6136c177489a411ef:1',
-                 status: 'interpreted',
-                 uninterpreted_columns: [],
-                 unobserved_columns: [
-                   'AI',
-                   'ALARM',
-                   'AO',
-                   'DI'
-                 ]
-               },
-               {
-                 field_wiring_status: 'not_established',
-                 issues: [],
-                 local_key: '13',
-                 name: 'BCP 2 FAILURE',
-                 observations: [
-                   {
-                     channel: 'ALARM',
-                     kind: 'attribute',
-                     source: {
-                       bbox_px: [
-                         4086.7,
-                         1874.64,
-                         4188.46,
-                         1913.76
-                       ],
-                       column: 'ALARM',
-                       page_id: 'sha256:c62b086bc4b947bc7b87e237c415df1417ec4ebd5a3bf6b15bc7328890859d4d:p4',
-                       sheet_key: 'c62b086bc4b947bc7b87e237c415df1417ec4ebd5a3bf6b15bc7328890859d4d.pdf#4',
-                       source_id: 'sha256:c62b086bc4b947bc7b87e237c415df1417ec4ebd5a3bf6b15bc7328890859d4d',
-                       span_id: null,
-                       text: 'X'
-                     },
-                     status: 'read',
-                     value: 1
-                   }
-                 ],
-                 qualifiers: [],
-                 raw: {
-                   cells: {
-                     'POINT NAME': {
-                       bbox: [
-                         3083.04,
-                         1874.64,
-                         3743.06,
-                         1913.76
-                       ],
-                       text: 'BCP 2 FAILURE'
-                     },
-                     ALARM: {
-                       bbox: [
-                         4086.7,
-                         1874.64,
-                         4188.46,
-                         1913.76
-                       ],
-                       text: 'X'
-                     },
-                     TAG: {
-                       bbox: [
-                         2997.12,
-                         1874.64,
-                         3083.04,
-                         1913.76
-                       ],
-                       text: '13'
-                     }
-                   },
-                   key: '13'
-                 },
-                 row_id: 'row:987d0f0ae81700d30357e0969bf87d9a4bccf6dfe0b6b012daf4681d89c611e2:1',
-                 status: 'no_typed_requirement',
-                 uninterpreted_columns: [],
-                 unobserved_columns: [
-                   'AI',
-                   'AO',
-                   'DI',
-                   'DO'
-                 ]
-               },
-               {
-                 field_wiring_status: 'not_established',
-                 issues: [],
-                 local_key: '14',
-                 name: 'HWP 1 STATUS VIA CT',
-                 observations: [
-                   {
-                     channel: 'DI',
-                     kind: 'declared_io',
-                     source: {
-                       bbox_px: [
-                         3914.86,
-                         1913.76,
-                         4000.8,
-                         1952.88
-                       ],
-                       column: 'DI',
-                       page_id: 'sha256:c62b086bc4b947bc7b87e237c415df1417ec4ebd5a3bf6b15bc7328890859d4d:p4',
-                       sheet_key: 'c62b086bc4b947bc7b87e237c415df1417ec4ebd5a3bf6b15bc7328890859d4d.pdf#4',
-                       source_id: 'sha256:c62b086bc4b947bc7b87e237c415df1417ec4ebd5a3bf6b15bc7328890859d4d',
-                       span_id: null,
-                       text: 'X'
-                     },
-                     status: 'read',
-                     value: 1
-                   }
-                 ],
-                 qualifiers: [],
-                 raw: {
-                   cells: {
-                     'POINT NAME': {
-                       bbox: [
-                         3083.04,
-                         1913.76,
-                         3743.06,
-                         1952.88
-                       ],
-                       text: 'HWP 1 STATUS VIA CT'
-                     },
-                     DI: {
-                       bbox: [
-                         3914.86,
-                         1913.76,
-                         4000.8,
-                         1952.88
-                       ],
-                       text: 'X'
-                     },
-                     TAG: {
-                       bbox: [
-                         2997.12,
-                         1913.76,
-                         3083.04,
-                         1952.88
-                       ],
-                       text: '14'
-                     }
-                   },
-                   key: '14'
-                 },
-                 row_id: 'row:85ca5ecebd194a450c2665ccd6f3ce2c3e9ccca0ddefefc50255c1f112523ce9:1',
-                 status: 'interpreted',
-                 uninterpreted_columns: [],
-                 unobserved_columns: [
-                   'AI',
-                   'ALARM',
-                   'AO',
-                   'DO'
-                 ]
-               },
-               {
-                 field_wiring_status: 'not_established',
-                 issues: [],
-                 local_key: '15',
-                 name: 'HWP 1 ON/OFF',
-                 observations: [
-                   {
-                     channel: 'DO',
-                     kind: 'declared_io',
-                     source: {
-                       bbox_px: [
-                         4000.8,
-                         1952.88,
-                         4086.7,
-                         1992.72
-                       ],
-                       column: 'DO',
-                       page_id: 'sha256:c62b086bc4b947bc7b87e237c415df1417ec4ebd5a3bf6b15bc7328890859d4d:p4',
-                       sheet_key: 'c62b086bc4b947bc7b87e237c415df1417ec4ebd5a3bf6b15bc7328890859d4d.pdf#4',
-                       source_id: 'sha256:c62b086bc4b947bc7b87e237c415df1417ec4ebd5a3bf6b15bc7328890859d4d',
-                       span_id: null,
-                       text: 'X'
-                     },
-                     status: 'read',
-                     value: 1
-                   }
-                 ],
-                 qualifiers: [],
-                 raw: {
-                   cells: {
-                     'POINT NAME': {
-                       bbox: [
-                         3083.04,
-                         1952.88,
-                         3743.06,
-                         1992.72
-                       ],
-                       text: 'HWP 1 ON/OFF'
-                     },
-                     DO: {
-                       bbox: [
-                         4000.8,
-                         1952.88,
-                         4086.7,
-                         1992.72
-                       ],
-                       text: 'X'
-                     },
-                     TAG: {
-                       bbox: [
-                         2997.12,
-                         1952.88,
-                         3083.04,
-                         1992.72
-                       ],
-                       text: '15'
-                     }
-                   },
-                   key: '15'
-                 },
-                 row_id: 'row:fc36b1837c19b7eeddc63067b7a9a25cd91b0ea3091e8e42ffe4a177ed97515a:1',
-                 status: 'interpreted',
-                 uninterpreted_columns: [],
-                 unobserved_columns: [
-                   'AI',
-                   'ALARM',
-                   'AO',
-                   'DI'
-                 ]
-               },
-               {
-                 field_wiring_status: 'not_established',
-                 issues: [],
-                 local_key: '16',
-                 name: 'HWP 1 FAILURE',
-                 observations: [
-                   {
-                     channel: 'ALARM',
-                     kind: 'attribute',
-                     source: {
-                       bbox_px: [
-                         4086.7,
-                         1992.72,
-                         4188.46,
-                         2031.84
-                       ],
-                       column: 'ALARM',
-                       page_id: 'sha256:c62b086bc4b947bc7b87e237c415df1417ec4ebd5a3bf6b15bc7328890859d4d:p4',
-                       sheet_key: 'c62b086bc4b947bc7b87e237c415df1417ec4ebd5a3bf6b15bc7328890859d4d.pdf#4',
-                       source_id: 'sha256:c62b086bc4b947bc7b87e237c415df1417ec4ebd5a3bf6b15bc7328890859d4d',
-                       span_id: null,
-                       text: 'X'
-                     },
-                     status: 'read',
-                     value: 1
-                   }
-                 ],
-                 qualifiers: [],
-                 raw: {
-                   cells: {
-                     'POINT NAME': {
-                       bbox: [
-                         3083.04,
-                         1992.72,
-                         3743.06,
-                         2031.84
-                       ],
-                       text: 'HWP 1 FAILURE'
-                     },
-                     ALARM: {
-                       bbox: [
-                         4086.7,
-                         1992.72,
-                         4188.46,
-                         2031.84
-                       ],
-                       text: 'X'
-                     },
-                     TAG: {
-                       bbox: [
-                         2997.12,
-                         1992.72,
-                         3083.04,
-                         2031.84
-                       ],
-                       text: '16'
-                     }
-                   },
-                   key: '16'
-                 },
-                 row_id: 'row:9447ec58742b3525fedb4234df6675127ded79a8570fdd5b8d01b00789083c7a:1',
-                 status: 'no_typed_requirement',
-                 uninterpreted_columns: [],
-                 unobserved_columns: [
-                   'AI',
-                   'AO',
-                   'DI',
-                   'DO'
-                 ]
-               },
-               {
-                 field_wiring_status: 'not_established',
-                 issues: [],
-                 local_key: '17',
-                 name: 'HWP 1 SPEED',
-                 observations: [
-                   {
-                     channel: 'AO',
-                     kind: 'declared_io',
-                     source: {
-                       bbox_px: [
-                         3828.96,
-                         2031.84,
-                         3914.86,
-                         2070.96
-                       ],
-                       column: 'AO',
-                       page_id: 'sha256:c62b086bc4b947bc7b87e237c415df1417ec4ebd5a3bf6b15bc7328890859d4d:p4',
-                       sheet_key: 'c62b086bc4b947bc7b87e237c415df1417ec4ebd5a3bf6b15bc7328890859d4d.pdf#4',
-                       source_id: 'sha256:c62b086bc4b947bc7b87e237c415df1417ec4ebd5a3bf6b15bc7328890859d4d',
-                       span_id: null,
-                       text: 'X'
-                     },
-                     status: 'read',
-                     value: 1
-                   }
-                 ],
-                 qualifiers: [],
-                 raw: {
-                   cells: {
-                     'POINT NAME': {
-                       bbox: [
-                         3083.04,
-                         2031.84,
-                         3743.06,
-                         2070.96
-                       ],
-                       text: 'HWP 1 SPEED'
-                     },
-                     AO: {
-                       bbox: [
-                         3828.96,
-                         2031.84,
-                         3914.86,
-                         2070.96
-                       ],
-                       text: 'X'
-                     },
-                     TAG: {
-                       bbox: [
-                         2997.12,
-                         2031.84,
-                         3083.04,
-                         2070.96
-                       ],
-                       text: '17'
-                     }
-                   },
-                   key: '17'
-                 },
-                 row_id: 'row:43b4c6a032235d9bdf87e4b609fa8e9b546722e45bcf308d3176903ab8b1e275:1',
-                 status: 'interpreted',
-                 uninterpreted_columns: [],
-                 unobserved_columns: [
-                   'AI',
-                   'ALARM',
-                   'DI',
-                   'DO'
-                 ]
-               },
-               {
-                 field_wiring_status: 'not_established',
-                 issues: [],
-                 local_key: '18',
-                 name: 'HWP 1 ECM FAULT',
-                 observations: [
-                   {
-                     channel: 'AI',
-                     kind: 'declared_io',
-                     source: {
-                       bbox_px: [
-                         3743.06,
-                         2070.96,
-                         3828.96,
-                         2109.84
-                       ],
-                       column: 'AI',
-                       page_id: 'sha256:c62b086bc4b947bc7b87e237c415df1417ec4ebd5a3bf6b15bc7328890859d4d:p4',
-                       sheet_key: 'c62b086bc4b947bc7b87e237c415df1417ec4ebd5a3bf6b15bc7328890859d4d.pdf#4',
-                       source_id: 'sha256:c62b086bc4b947bc7b87e237c415df1417ec4ebd5a3bf6b15bc7328890859d4d',
-                       span_id: null,
-                       text: 'X'
-                     },
-                     status: 'read',
-                     value: 1
-                   },
-                   {
-                     channel: 'ALARM',
-                     kind: 'attribute',
-                     source: {
-                       bbox_px: [
-                         4086.7,
-                         2070.96,
-                         4188.46,
-                         2109.84
-                       ],
-                       column: 'ALARM',
-                       page_id: 'sha256:c62b086bc4b947bc7b87e237c415df1417ec4ebd5a3bf6b15bc7328890859d4d:p4',
-                       sheet_key: 'c62b086bc4b947bc7b87e237c415df1417ec4ebd5a3bf6b15bc7328890859d4d.pdf#4',
-                       source_id: 'sha256:c62b086bc4b947bc7b87e237c415df1417ec4ebd5a3bf6b15bc7328890859d4d',
-                       span_id: null,
-                       text: 'X'
-                     },
-                     status: 'read',
-                     value: 1
-                   }
-                 ],
-                 qualifiers: [],
-                 raw: {
-                   cells: {
-                     'POINT NAME': {
-                       bbox: [
-                         3083.04,
-                         2070.96,
-                         3743.06,
-                         2109.84
-                       ],
-                       text: 'HWP 1 ECM FAULT'
-                     },
-                     AI: {
-                       bbox: [
-                         3743.06,
-                         2070.96,
-                         3828.96,
-                         2109.84
-                       ],
-                       text: 'X'
-                     },
-                     ALARM: {
-                       bbox: [
-                         4086.7,
-                         2070.96,
-                         4188.46,
-                         2109.84
-                       ],
-                       text: 'X'
-                     },
-                     TAG: {
-                       bbox: [
-                         2997.12,
-                         2070.96,
-                         3083.04,
-                         2109.84
-                       ],
-                       text: '18'
-                     }
-                   },
-                   key: '18'
-                 },
-                 row_id: 'row:54ca9df2e41a973321b4a89f08b4f0f467e7110eb86987b07b0ddf558780ad65:1',
-                 status: 'interpreted',
-                 uninterpreted_columns: [],
-                 unobserved_columns: [
-                   'AO',
-                   'DI',
-                   'DO'
-                 ]
-               },
-               {
-                 field_wiring_status: 'not_established',
-                 issues: [],
-                 local_key: '19',
-                 name: 'HWP 2 STATUS VIA CT',
-                 observations: [
-                   {
-                     channel: 'DI',
-                     kind: 'declared_io',
-                     source: {
-                       bbox_px: [
-                         3914.86,
-                         2109.84,
-                         4000.8,
-                         2148.96
-                       ],
-                       column: 'DI',
-                       page_id: 'sha256:c62b086bc4b947bc7b87e237c415df1417ec4ebd5a3bf6b15bc7328890859d4d:p4',
-                       sheet_key: 'c62b086bc4b947bc7b87e237c415df1417ec4ebd5a3bf6b15bc7328890859d4d.pdf#4',
-                       source_id: 'sha256:c62b086bc4b947bc7b87e237c415df1417ec4ebd5a3bf6b15bc7328890859d4d',
-                       span_id: null,
-                       text: 'X'
-                     },
-                     status: 'read',
-                     value: 1
-                   }
-                 ],
-                 qualifiers: [],
-                 raw: {
-                   cells: {
-                     'POINT NAME': {
-                       bbox: [
-                         3083.04,
-                         2109.84,
-                         3743.06,
-                         2148.96
-                       ],
-                       text: 'HWP 2 STATUS VIA CT'
-                     },
-                     DI: {
-                       bbox: [
-                         3914.86,
-                         2109.84,
-                         4000.8,
-                         2148.96
-                       ],
-                       text: 'X'
-                     },
-                     TAG: {
-                       bbox: [
-                         2997.12,
-                         2109.84,
-                         3083.04,
-                         2148.96
-                       ],
-                       text: '19'
-                     }
-                   },
-                   key: '19'
-                 },
-                 row_id: 'row:de9db13e54850e2c95a3b8b1ed7cfde802fcfe8e87af2f1b0bbf6d13ecce0392:1',
-                 status: 'interpreted',
-                 uninterpreted_columns: [],
-                 unobserved_columns: [
-                   'AI',
-                   'ALARM',
-                   'AO',
-                   'DO'
-                 ]
-               },
-               {
-                 field_wiring_status: 'not_established',
-                 issues: [],
-                 local_key: '20',
-                 name: 'HWP 2 ON/OFF',
-                 observations: [
-                   {
-                     channel: 'DO',
-                     kind: 'declared_io',
-                     source: {
-                       bbox_px: [
-                         4000.8,
-                         2148.96,
-                         4086.7,
-                         2187.84
-                       ],
-                       column: 'DO',
-                       page_id: 'sha256:c62b086bc4b947bc7b87e237c415df1417ec4ebd5a3bf6b15bc7328890859d4d:p4',
-                       sheet_key: 'c62b086bc4b947bc7b87e237c415df1417ec4ebd5a3bf6b15bc7328890859d4d.pdf#4',
-                       source_id: 'sha256:c62b086bc4b947bc7b87e237c415df1417ec4ebd5a3bf6b15bc7328890859d4d',
-                       span_id: null,
-                       text: 'X'
-                     },
-                     status: 'read',
-                     value: 1
-                   }
-                 ],
-                 qualifiers: [],
-                 raw: {
-                   cells: {
-                     'POINT NAME': {
-                       bbox: [
-                         3083.04,
-                         2148.96,
-                         3743.06,
-                         2187.84
-                       ],
-                       text: 'HWP 2 ON/OFF'
-                     },
-                     DO: {
-                       bbox: [
-                         4000.8,
-                         2148.96,
-                         4086.7,
-                         2187.84
-                       ],
-                       text: 'X'
-                     },
-                     TAG: {
-                       bbox: [
-                         2997.12,
-                         2148.96,
-                         3083.04,
-                         2187.84
-                       ],
-                       text: '20'
-                     }
-                   },
-                   key: '20'
-                 },
-                 row_id: 'row:eac10d8f192bc647c047daa24b2eafd706f51c6c775929144d2d5dd2e47b90b3:1',
-                 status: 'interpreted',
-                 uninterpreted_columns: [],
-                 unobserved_columns: [
-                   'AI',
-                   'ALARM',
-                   'AO',
-                   'DI'
-                 ]
-               },
-               {
-                 field_wiring_status: 'not_established',
-                 issues: [],
-                 local_key: '21',
-                 name: 'HWP 2 FAILURE',
-                 observations: [
-                   {
-                     channel: 'ALARM',
-                     kind: 'attribute',
-                     source: {
-                       bbox_px: [
-                         4086.7,
-                         2187.84,
-                         4188.46,
-                         2226.96
-                       ],
-                       column: 'ALARM',
-                       page_id: 'sha256:c62b086bc4b947bc7b87e237c415df1417ec4ebd5a3bf6b15bc7328890859d4d:p4',
-                       sheet_key: 'c62b086bc4b947bc7b87e237c415df1417ec4ebd5a3bf6b15bc7328890859d4d.pdf#4',
-                       source_id: 'sha256:c62b086bc4b947bc7b87e237c415df1417ec4ebd5a3bf6b15bc7328890859d4d',
-                       span_id: null,
-                       text: 'X'
-                     },
-                     status: 'read',
-                     value: 1
-                   }
-                 ],
-                 qualifiers: [],
-                 raw: {
-                   cells: {
-                     'POINT NAME': {
-                       bbox: [
-                         3083.04,
-                         2187.84,
-                         3743.06,
-                         2226.96
-                       ],
-                       text: 'HWP 2 FAILURE'
-                     },
-                     ALARM: {
-                       bbox: [
-                         4086.7,
-                         2187.84,
-                         4188.46,
-                         2226.96
-                       ],
-                       text: 'X'
-                     },
-                     TAG: {
-                       bbox: [
-                         2997.12,
-                         2187.84,
-                         3083.04,
-                         2226.96
-                       ],
-                       text: '21'
-                     }
-                   },
-                   key: '21'
-                 },
-                 row_id: 'row:43fdb69625b214b5404a5a0cdb8591464d926f02299fb78a3c04ee4fcba0fd78:1',
-                 status: 'no_typed_requirement',
-                 uninterpreted_columns: [],
-                 unobserved_columns: [
-                   'AI',
-                   'AO',
-                   'DI',
-                   'DO'
-                 ]
-               },
-               {
-                 field_wiring_status: 'not_established',
-                 issues: [],
-                 local_key: '22',
-                 name: 'HWP 2 SPEED',
-                 observations: [
-                   {
-                     channel: 'AO',
-                     kind: 'declared_io',
-                     source: {
-                       bbox_px: [
-                         3828.96,
-                         2226.96,
-                         3914.86,
-                         2265.84
-                       ],
-                       column: 'AO',
-                       page_id: 'sha256:c62b086bc4b947bc7b87e237c415df1417ec4ebd5a3bf6b15bc7328890859d4d:p4',
-                       sheet_key: 'c62b086bc4b947bc7b87e237c415df1417ec4ebd5a3bf6b15bc7328890859d4d.pdf#4',
-                       source_id: 'sha256:c62b086bc4b947bc7b87e237c415df1417ec4ebd5a3bf6b15bc7328890859d4d',
-                       span_id: null,
-                       text: 'X'
-                     },
-                     status: 'read',
-                     value: 1
-                   }
-                 ],
-                 qualifiers: [],
-                 raw: {
-                   cells: {
-                     'POINT NAME': {
-                       bbox: [
-                         3083.04,
-                         2226.96,
-                         3743.06,
-                         2265.84
-                       ],
-                       text: 'HWP 2 SPEED'
-                     },
-                     AO: {
-                       bbox: [
-                         3828.96,
-                         2226.96,
-                         3914.86,
-                         2265.84
-                       ],
-                       text: 'X'
-                     },
-                     TAG: {
-                       bbox: [
-                         2997.12,
-                         2226.96,
-                         3083.04,
-                         2265.84
-                       ],
-                       text: '22'
-                     }
-                   },
-                   key: '22'
-                 },
-                 row_id: 'row:2995f203ae1c239ff41d7c0b01ea72b7e85f0b1117fbcf6e286952dda09e5964:1',
-                 status: 'interpreted',
-                 uninterpreted_columns: [],
-                 unobserved_columns: [
-                   'AI',
-                   'ALARM',
-                   'DI',
-                   'DO'
-                 ]
-               },
-               {
-                 field_wiring_status: 'not_established',
-                 issues: [],
-                 local_key: '23',
-                 name: 'HWP 2 ECM FAULT',
-                 observations: [
-                   {
-                     channel: 'AI',
-                     kind: 'declared_io',
-                     source: {
-                       bbox_px: [
-                         3743.06,
-                         2265.84,
-                         3828.96,
-                         2304.96
-                       ],
-                       column: 'AI',
-                       page_id: 'sha256:c62b086bc4b947bc7b87e237c415df1417ec4ebd5a3bf6b15bc7328890859d4d:p4',
-                       sheet_key: 'c62b086bc4b947bc7b87e237c415df1417ec4ebd5a3bf6b15bc7328890859d4d.pdf#4',
-                       source_id: 'sha256:c62b086bc4b947bc7b87e237c415df1417ec4ebd5a3bf6b15bc7328890859d4d',
-                       span_id: null,
-                       text: 'X'
-                     },
-                     status: 'read',
-                     value: 1
-                   },
-                   {
-                     channel: 'ALARM',
-                     kind: 'attribute',
-                     source: {
-                       bbox_px: [
-                         4086.7,
-                         2265.84,
-                         4188.46,
-                         2304.96
-                       ],
-                       column: 'ALARM',
-                       page_id: 'sha256:c62b086bc4b947bc7b87e237c415df1417ec4ebd5a3bf6b15bc7328890859d4d:p4',
-                       sheet_key: 'c62b086bc4b947bc7b87e237c415df1417ec4ebd5a3bf6b15bc7328890859d4d.pdf#4',
-                       source_id: 'sha256:c62b086bc4b947bc7b87e237c415df1417ec4ebd5a3bf6b15bc7328890859d4d',
-                       span_id: null,
-                       text: 'X'
-                     },
-                     status: 'read',
-                     value: 1
-                   }
-                 ],
-                 qualifiers: [],
-                 raw: {
-                   cells: {
-                     'POINT NAME': {
-                       bbox: [
-                         3083.04,
-                         2265.84,
-                         3743.06,
-                         2304.96
-                       ],
-                       text: 'HWP 2 ECM FAULT'
-                     },
-                     AI: {
-                       bbox: [
-                         3743.06,
-                         2265.84,
-                         3828.96,
-                         2304.96
-                       ],
-                       text: 'X'
-                     },
-                     ALARM: {
-                       bbox: [
-                         4086.7,
-                         2265.84,
-                         4188.46,
-                         2304.96
-                       ],
-                       text: 'X'
-                     },
-                     TAG: {
-                       bbox: [
-                         2997.12,
-                         2265.84,
-                         3083.04,
-                         2304.96
-                       ],
-                       text: '23'
-                     }
-                   },
-                   key: '23'
-                 },
-                 row_id: 'row:50db62193121d456a59cd0100ba69d19a32392a82267505009b97596bd37d22a:1',
-                 status: 'interpreted',
-                 uninterpreted_columns: [],
-                 unobserved_columns: [
-                   'AO',
-                   'DI',
-                   'DO'
-                 ]
-               },
-               {
-                 field_wiring_status: 'not_established',
-                 issues: [],
-                 local_key: '24',
-                 name: 'HWS DIFFERENTIAL PRESSURE',
-                 observations: [
-                   {
-                     channel: 'AI',
-                     kind: 'declared_io',
-                     source: {
-                       bbox_px: [
-                         3743.06,
-                         2304.96,
-                         3828.96,
-                         2344.08
-                       ],
-                       column: 'AI',
-                       page_id: 'sha256:c62b086bc4b947bc7b87e237c415df1417ec4ebd5a3bf6b15bc7328890859d4d:p4',
-                       sheet_key: 'c62b086bc4b947bc7b87e237c415df1417ec4ebd5a3bf6b15bc7328890859d4d.pdf#4',
-                       source_id: 'sha256:c62b086bc4b947bc7b87e237c415df1417ec4ebd5a3bf6b15bc7328890859d4d',
-                       span_id: null,
-                       text: 'X'
-                     },
-                     status: 'read',
-                     value: 1
-                   }
-                 ],
-                 qualifiers: [],
-                 raw: {
-                   cells: {
-                     'POINT NAME': {
-                       bbox: [
-                         3083.04,
-                         2304.96,
-                         3743.06,
-                         2344.08
-                       ],
-                       text: 'HWS DIFFERENTIAL PRESSURE'
-                     },
-                     AI: {
-                       bbox: [
-                         3743.06,
-                         2304.96,
-                         3828.96,
-                         2344.08
-                       ],
-                       text: 'X'
-                     },
-                     TAG: {
-                       bbox: [
-                         2997.12,
-                         2304.96,
-                         3083.04,
-                         2344.08
-                       ],
-                       text: '24'
-                     }
-                   },
-                   key: '24'
-                 },
-                 row_id: 'row:aa832924211c6fa689c5f8365479c9cbaba356bce330aa22fb40f42035276b73:1',
-                 status: 'interpreted',
-                 uninterpreted_columns: [],
-                 unobserved_columns: [
-                   'ALARM',
-                   'AO',
-                   'DI',
-                   'DO'
-                 ]
-               },
-               {
-                 field_wiring_status: 'not_established',
-                 issues: [],
-                 local_key: '25',
-                 name: 'HWS DIFFERENTIAL PRESSURE SETPOINT',
-                 observations: [
-                   {
-                     channel: 'AO',
-                     kind: 'declared_io',
-                     source: {
-                       bbox_px: [
-                         3828.96,
-                         2344.08,
-                         3914.86,
-                         2382.72
-                       ],
-                       column: 'AO',
-                       page_id: 'sha256:c62b086bc4b947bc7b87e237c415df1417ec4ebd5a3bf6b15bc7328890859d4d:p4',
-                       sheet_key: 'c62b086bc4b947bc7b87e237c415df1417ec4ebd5a3bf6b15bc7328890859d4d.pdf#4',
-                       source_id: 'sha256:c62b086bc4b947bc7b87e237c415df1417ec4ebd5a3bf6b15bc7328890859d4d',
-                       span_id: null,
-                       text: 'X'
-                     },
-                     status: 'read',
-                     value: 1
-                   }
-                 ],
-                 qualifiers: [],
-                 raw: {
-                   cells: {
-                     'POINT NAME': {
-                       bbox: [
-                         3083.04,
-                         2344.08,
-                         3743.06,
-                         2382.72
-                       ],
-                       text: 'HWS DIFFERENTIAL PRESSURE SETPOINT'
-                     },
-                     AO: {
-                       bbox: [
-                         3828.96,
-                         2344.08,
-                         3914.86,
-                         2382.72
-                       ],
-                       text: 'X'
-                     },
-                     TAG: {
-                       bbox: [
-                         2997.12,
-                         2344.08,
-                         3083.04,
-                         2382.72
-                       ],
-                       text: '25'
-                     }
-                   },
-                   key: '25'
-                 },
-                 row_id: 'row:2ba62f207ef8bcb788afddc6aaee7fa8a9e170caed778b871ba69dc9d44d766c:1',
-                 status: 'interpreted',
-                 uninterpreted_columns: [],
-                 unobserved_columns: [
-                   'AI',
-                   'ALARM',
-                   'DI',
-                   'DO'
-                 ]
-               },
-               {
-                 field_wiring_status: 'not_established',
-                 issues: [],
-                 local_key: '26',
-                 name: 'HIGH/LOW HWS TEMPERATURE*',
-                 observations: [
-                   {
-                     channel: 'AI',
-                     kind: 'declared_io',
-                     source: {
-                       bbox_px: [
-                         3743.06,
-                         2382.72,
-                         3828.96,
-                         2422.08
-                       ],
-                       column: 'AI',
-                       page_id: 'sha256:c62b086bc4b947bc7b87e237c415df1417ec4ebd5a3bf6b15bc7328890859d4d:p4',
-                       sheet_key: 'c62b086bc4b947bc7b87e237c415df1417ec4ebd5a3bf6b15bc7328890859d4d.pdf#4',
-                       source_id: 'sha256:c62b086bc4b947bc7b87e237c415df1417ec4ebd5a3bf6b15bc7328890859d4d',
-                       span_id: null,
-                       text: 'X'
-                     },
-                     status: 'read',
-                     value: 1
-                   },
-                   {
-                     channel: 'ALARM',
-                     kind: 'attribute',
-                     source: {
-                       bbox_px: [
-                         4086.7,
-                         2382.72,
-                         4188.46,
-                         2422.08
-                       ],
-                       column: 'ALARM',
-                       page_id: 'sha256:c62b086bc4b947bc7b87e237c415df1417ec4ebd5a3bf6b15bc7328890859d4d:p4',
-                       sheet_key: 'c62b086bc4b947bc7b87e237c415df1417ec4ebd5a3bf6b15bc7328890859d4d.pdf#4',
-                       source_id: 'sha256:c62b086bc4b947bc7b87e237c415df1417ec4ebd5a3bf6b15bc7328890859d4d',
-                       span_id: null,
-                       text: 'X'
-                     },
-                     status: 'read',
-                     value: 1
-                   }
-                 ],
-                 qualifiers: [
-                   {
-                     kind: 'controller_provided',
-                     source: {
-                       bbox_px: [
-                         3217.4,
-                         2757.8,
-                         3856.9,
-                         2785.9
-                       ],
-                       column: null,
-                       page_id: 'sha256:c62b086bc4b947bc7b87e237c415df1417ec4ebd5a3bf6b15bc7328890859d4d:p4',
-                       sheet_key: 'c62b086bc4b947bc7b87e237c415df1417ec4ebd5a3bf6b15bc7328890859d4d.pdf#4',
-                       source_id: 'sha256:c62b086bc4b947bc7b87e237c415df1417ec4ebd5a3bf6b15bc7328890859d4d',
-                       span_id: 'sha256:c62b086bc4b947bc7b87e237c415df1417ec4ebd5a3bf6b15bc7328890859d4d:p4:s278',
-                       text: '* INDICATES POINT PULLED FROM BOILER CONTROLLER'
-                     },
-                     subject: 'BOILER CONTROLLER'
-                   }
-                 ],
-                 raw: {
-                   cells: {
-                     'POINT NAME': {
-                       bbox: [
-                         3083.04,
-                         2382.72,
-                         3743.06,
-                         2422.08
-                       ],
-                       text: 'HIGH/LOW HWS TEMPERATURE*'
-                     },
-                     AI: {
-                       bbox: [
-                         3743.06,
-                         2382.72,
-                         3828.96,
-                         2422.08
-                       ],
-                       text: 'X'
-                     },
-                     ALARM: {
-                       bbox: [
-                         4086.7,
-                         2382.72,
-                         4188.46,
-                         2422.08
-                       ],
-                       text: 'X'
-                     },
-                     TAG: {
-                       bbox: [
-                         2997.12,
-                         2382.72,
-                         3083.04,
-                         2422.08
-                       ],
-                       text: '26'
-                     }
-                   },
-                   key: '26'
-                 },
-                 row_id: 'row:9ecc3239a6859903be462ede77388afea44deb11409bb52aaf14c713af9f4e6e:1',
-                 status: 'interpreted',
-                 uninterpreted_columns: [],
-                 unobserved_columns: [
-                   'AO',
-                   'DI',
-                   'DO'
-                 ]
-               },
-               {
-                 field_wiring_status: 'not_established',
-                 issues: [],
-                 local_key: '27',
-                 name: 'HWS TEMPERATURE SETPOINT',
-                 observations: [
-                   {
-                     channel: 'AO',
-                     kind: 'declared_io',
-                     source: {
-                       bbox_px: [
-                         3828.96,
-                         2422.08,
-                         3914.86,
-                         2460.96
-                       ],
-                       column: 'AO',
-                       page_id: 'sha256:c62b086bc4b947bc7b87e237c415df1417ec4ebd5a3bf6b15bc7328890859d4d:p4',
-                       sheet_key: 'c62b086bc4b947bc7b87e237c415df1417ec4ebd5a3bf6b15bc7328890859d4d.pdf#4',
-                       source_id: 'sha256:c62b086bc4b947bc7b87e237c415df1417ec4ebd5a3bf6b15bc7328890859d4d',
-                       span_id: null,
-                       text: 'X'
-                     },
-                     status: 'read',
-                     value: 1
-                   }
-                 ],
-                 qualifiers: [],
-                 raw: {
-                   cells: {
-                     'POINT NAME': {
-                       bbox: [
-                         3083.04,
-                         2422.08,
-                         3743.06,
-                         2460.96
-                       ],
-                       text: 'HWS TEMPERATURE SETPOINT'
-                     },
-                     AO: {
-                       bbox: [
-                         3828.96,
-                         2422.08,
-                         3914.86,
-                         2460.96
-                       ],
-                       text: 'X'
-                     },
-                     TAG: {
-                       bbox: [
-                         2997.12,
-                         2422.08,
-                         3083.04,
-                         2460.96
-                       ],
-                       text: '27'
-                     }
-                   },
-                   key: '27'
-                 },
-                 row_id: 'row:480167989f8a2ac2b81586b92f12cbbfccf6acb7701eb49b7f865b0eabb2f934:1',
-                 status: 'interpreted',
-                 uninterpreted_columns: [],
-                 unobserved_columns: [
-                   'AI',
-                   'ALARM',
-                   'DI',
-                   'DO'
-                 ]
-               },
-               {
-                 field_wiring_status: 'not_established',
-                 issues: [],
-                 local_key: '28',
-                 name: 'HWR TEMPERATURE*',
-                 observations: [
-                   {
-                     channel: 'AI',
-                     kind: 'declared_io',
-                     source: {
-                       bbox_px: [
-                         3743.06,
-                         2460.96,
-                         3828.96,
-                         2500.08
-                       ],
-                       column: 'AI',
-                       page_id: 'sha256:c62b086bc4b947bc7b87e237c415df1417ec4ebd5a3bf6b15bc7328890859d4d:p4',
-                       sheet_key: 'c62b086bc4b947bc7b87e237c415df1417ec4ebd5a3bf6b15bc7328890859d4d.pdf#4',
-                       source_id: 'sha256:c62b086bc4b947bc7b87e237c415df1417ec4ebd5a3bf6b15bc7328890859d4d',
-                       span_id: null,
-                       text: 'X'
-                     },
-                     status: 'read',
-                     value: 1
-                   }
-                 ],
-                 qualifiers: [
-                   {
-                     kind: 'controller_provided',
-                     source: {
-                       bbox_px: [
-                         3217.4,
-                         2757.8,
-                         3856.9,
-                         2785.9
-                       ],
-                       column: null,
-                       page_id: 'sha256:c62b086bc4b947bc7b87e237c415df1417ec4ebd5a3bf6b15bc7328890859d4d:p4',
-                       sheet_key: 'c62b086bc4b947bc7b87e237c415df1417ec4ebd5a3bf6b15bc7328890859d4d.pdf#4',
-                       source_id: 'sha256:c62b086bc4b947bc7b87e237c415df1417ec4ebd5a3bf6b15bc7328890859d4d',
-                       span_id: 'sha256:c62b086bc4b947bc7b87e237c415df1417ec4ebd5a3bf6b15bc7328890859d4d:p4:s278',
-                       text: '* INDICATES POINT PULLED FROM BOILER CONTROLLER'
-                     },
-                     subject: 'BOILER CONTROLLER'
-                   }
-                 ],
-                 raw: {
-                   cells: {
-                     'POINT NAME': {
-                       bbox: [
-                         3083.04,
-                         2460.96,
-                         3743.06,
-                         2500.08
-                       ],
-                       text: 'HWR TEMPERATURE*'
-                     },
-                     AI: {
-                       bbox: [
-                         3743.06,
-                         2460.96,
-                         3828.96,
-                         2500.08
-                       ],
-                       text: 'X'
-                     },
-                     TAG: {
-                       bbox: [
-                         2997.12,
-                         2460.96,
-                         3083.04,
-                         2500.08
-                       ],
-                       text: '28'
-                     }
-                   },
-                   key: '28'
-                 },
-                 row_id: 'row:c221870953e7881f536ce0452c4464db4bafca8f04c120c36449862cdd507c0c:1',
-                 status: 'interpreted',
-                 uninterpreted_columns: [],
-                 unobserved_columns: [
-                   'ALARM',
-                   'AO',
-                   'DI',
-                   'DO'
-                 ]
-               },
-               {
-                 field_wiring_status: 'not_established',
-                 issues: [],
-                 local_key: '29',
-                 name: 'HWS BYPASS VALVE POSITION',
-                 observations: [
-                   {
-                     channel: 'AI',
-                     kind: 'declared_io',
-                     source: {
-                       bbox_px: [
-                         3743.06,
-                         2500.08,
-                         3828.96,
-                         2539.2
-                       ],
-                       column: 'AI',
-                       page_id: 'sha256:c62b086bc4b947bc7b87e237c415df1417ec4ebd5a3bf6b15bc7328890859d4d:p4',
-                       sheet_key: 'c62b086bc4b947bc7b87e237c415df1417ec4ebd5a3bf6b15bc7328890859d4d.pdf#4',
-                       source_id: 'sha256:c62b086bc4b947bc7b87e237c415df1417ec4ebd5a3bf6b15bc7328890859d4d',
-                       span_id: null,
-                       text: 'X'
-                     },
-                     status: 'read',
-                     value: 1
-                   }
-                 ],
-                 qualifiers: [],
-                 raw: {
-                   cells: {
-                     'POINT NAME': {
-                       bbox: [
-                         3083.04,
-                         2500.08,
-                         3743.06,
-                         2539.2
-                       ],
-                       text: 'HWS BYPASS VALVE POSITION'
-                     },
-                     AI: {
-                       bbox: [
-                         3743.06,
-                         2500.08,
-                         3828.96,
-                         2539.2
-                       ],
-                       text: 'X'
-                     },
-                     TAG: {
-                       bbox: [
-                         2997.12,
-                         2500.08,
-                         3083.04,
-                         2539.2
-                       ],
-                       text: '29'
-                     }
-                   },
-                   key: '29'
-                 },
-                 row_id: 'row:5e3706de96c426e1d05e612d70950f24260833fdd55f47739df78c9773006a40:1',
-                 status: 'interpreted',
-                 uninterpreted_columns: [],
-                 unobserved_columns: [
-                   'ALARM',
-                   'AO',
-                   'DI',
-                   'DO'
-                 ]
-               },
-               {
-                 field_wiring_status: 'not_established',
-                 issues: [],
-                 local_key: '30',
-                 name: 'OUTSIDE AIR TEMPERATURE (GLOBAL)',
-                 observations: [
-                   {
-                     channel: 'AI',
-                     kind: 'declared_io',
-                     source: {
-                       bbox_px: [
-                         3743.06,
-                         2539.2,
-                         3828.96,
-                         2578.08
-                       ],
-                       column: 'AI',
-                       page_id: 'sha256:c62b086bc4b947bc7b87e237c415df1417ec4ebd5a3bf6b15bc7328890859d4d:p4',
-                       sheet_key: 'c62b086bc4b947bc7b87e237c415df1417ec4ebd5a3bf6b15bc7328890859d4d.pdf#4',
-                       source_id: 'sha256:c62b086bc4b947bc7b87e237c415df1417ec4ebd5a3bf6b15bc7328890859d4d',
-                       span_id: null,
-                       text: 'X'
-                     },
-                     status: 'read',
-                     value: 1
-                   }
-                 ],
-                 qualifiers: [],
-                 raw: {
-                   cells: {
-                     'POINT NAME': {
-                       bbox: [
-                         3083.04,
-                         2539.2,
-                         3743.06,
-                         2578.08
-                       ],
-                       text: 'OUTSIDE AIR TEMPERATURE (GLOBAL)'
-                     },
-                     AI: {
-                       bbox: [
-                         3743.06,
-                         2539.2,
-                         3828.96,
-                         2578.08
-                       ],
-                       text: 'X'
-                     },
-                     TAG: {
-                       bbox: [
-                         2997.12,
-                         2539.2,
-                         3083.04,
-                         2578.08
-                       ],
-                       text: '30'
-                     }
-                   },
-                   key: '30'
-                 },
-                 row_id: 'row:a2c3c7be16b6583f7622d9b6cc7eb1c066e3b00f35e62f191bc2185a4e06c4c8:1',
-                 status: 'interpreted',
-                 uninterpreted_columns: [],
-                 unobserved_columns: [
-                   'ALARM',
-                   'AO',
-                   'DI',
-                   'DO'
-                 ]
-               },
-               {
-                 field_wiring_status: 'not_established',
-                 issues: [],
-                 local_key: '31',
-                 name: 'EMERGENCY SHUTDOWN (GLOBAL)',
-                 observations: [
-                   {
-                     channel: 'ALARM',
-                     kind: 'attribute',
-                     source: {
-                       bbox_px: [
-                         4086.7,
-                         2578.08,
-                         4188.46,
-                         2617.2
-                       ],
-                       column: 'ALARM',
-                       page_id: 'sha256:c62b086bc4b947bc7b87e237c415df1417ec4ebd5a3bf6b15bc7328890859d4d:p4',
-                       sheet_key: 'c62b086bc4b947bc7b87e237c415df1417ec4ebd5a3bf6b15bc7328890859d4d.pdf#4',
-                       source_id: 'sha256:c62b086bc4b947bc7b87e237c415df1417ec4ebd5a3bf6b15bc7328890859d4d',
-                       span_id: null,
-                       text: 'X'
-                     },
-                     status: 'read',
-                     value: 1
-                   },
-                   {
-                     channel: 'DI',
-                     kind: 'declared_io',
-                     source: {
-                       bbox_px: [
-                         3914.86,
-                         2578.08,
-                         4000.8,
-                         2617.2
-                       ],
-                       column: 'DI',
-                       page_id: 'sha256:c62b086bc4b947bc7b87e237c415df1417ec4ebd5a3bf6b15bc7328890859d4d:p4',
-                       sheet_key: 'c62b086bc4b947bc7b87e237c415df1417ec4ebd5a3bf6b15bc7328890859d4d.pdf#4',
-                       source_id: 'sha256:c62b086bc4b947bc7b87e237c415df1417ec4ebd5a3bf6b15bc7328890859d4d',
-                       span_id: null,
-                       text: 'X'
-                     },
-                     status: 'read',
-                     value: 1
-                   }
-                 ],
-                 qualifiers: [],
-                 raw: {
-                   cells: {
-                     'POINT NAME': {
-                       bbox: [
-                         3083.04,
-                         2578.08,
-                         3743.06,
-                         2617.2
-                       ],
-                       text: 'EMERGENCY SHUTDOWN (GLOBAL)'
-                     },
-                     ALARM: {
-                       bbox: [
-                         4086.7,
-                         2578.08,
-                         4188.46,
-                         2617.2
-                       ],
-                       text: 'X'
-                     },
-                     DI: {
-                       bbox: [
-                         3914.86,
-                         2578.08,
-                         4000.8,
-                         2617.2
-                       ],
-                       text: 'X'
-                     },
-                     TAG: {
-                       bbox: [
-                         2997.12,
-                         2578.08,
-                         3083.04,
-                         2617.2
-                       ],
-                       text: '31'
-                     }
-                   },
-                   key: '31'
-                 },
-                 row_id: 'row:1f41d62a9f2e5797048fc45a6591caff607207baf02b4d5267753cadf5b8e078:1',
-                 status: 'interpreted',
-                 uninterpreted_columns: [],
-                 unobserved_columns: [
-                   'AI',
-                   'AO',
-                   'DO'
-                 ]
-               },
-               {
-                 field_wiring_status: 'not_established',
-                 issues: [],
-                 local_key: '32',
-                 name: 'HEATING WATER SYSTEM FLOW RATE (GPM)',
-                 observations: [
-                   {
-                     channel: 'AI',
-                     kind: 'declared_io',
-                     source: {
-                       bbox_px: [
-                         3743.06,
-                         2617.2,
-                         3828.96,
-                         2656.08
-                       ],
-                       column: 'AI',
-                       page_id: 'sha256:c62b086bc4b947bc7b87e237c415df1417ec4ebd5a3bf6b15bc7328890859d4d:p4',
-                       sheet_key: 'c62b086bc4b947bc7b87e237c415df1417ec4ebd5a3bf6b15bc7328890859d4d.pdf#4',
-                       source_id: 'sha256:c62b086bc4b947bc7b87e237c415df1417ec4ebd5a3bf6b15bc7328890859d4d',
-                       span_id: null,
-                       text: 'X'
-                     },
-                     status: 'read',
-                     value: 1
-                   }
-                 ],
-                 qualifiers: [],
-                 raw: {
-                   cells: {
-                     'POINT NAME': {
-                       bbox: [
-                         3083.04,
-                         2617.2,
-                         3743.06,
-                         2656.08
-                       ],
-                       text: 'HEATING WATER SYSTEM FLOW RATE (GPM)'
-                     },
-                     AI: {
-                       bbox: [
-                         3743.06,
-                         2617.2,
-                         3828.96,
-                         2656.08
-                       ],
-                       text: 'X'
-                     },
-                     TAG: {
-                       bbox: [
-                         2997.12,
-                         2617.2,
-                         3083.04,
-                         2656.08
-                       ],
-                       text: '32'
-                     }
-                   },
-                   key: '32'
-                 },
-                 row_id: 'row:d1ef86a7ba6fb682c70761bbd9576190ea20107db368c65f60a6b4e78a25beb9:1',
-                 status: 'interpreted',
-                 uninterpreted_columns: [],
-                 unobserved_columns: [
-                   'ALARM',
-                   'AO',
-                   'DI',
-                   'DO'
-                 ]
-               },
-               {
-                 field_wiring_status: 'not_established',
-                 issues: [],
-                 local_key: '33',
-                 name: 'FREEZE PROTECTION',
-                 observations: [
-                   {
-                     channel: 'ALARM',
-                     kind: 'attribute',
-                     source: {
-                       bbox_px: [
-                         4086.7,
-                         2656.08,
-                         4188.46,
-                         2695.2
-                       ],
-                       column: 'ALARM',
-                       page_id: 'sha256:c62b086bc4b947bc7b87e237c415df1417ec4ebd5a3bf6b15bc7328890859d4d:p4',
-                       sheet_key: 'c62b086bc4b947bc7b87e237c415df1417ec4ebd5a3bf6b15bc7328890859d4d.pdf#4',
-                       source_id: 'sha256:c62b086bc4b947bc7b87e237c415df1417ec4ebd5a3bf6b15bc7328890859d4d',
-                       span_id: null,
-                       text: 'X'
-                     },
-                     status: 'read',
-                     value: 1
-                   }
-                 ],
-                 qualifiers: [],
-                 raw: {
-                   cells: {
-                     'POINT NAME': {
-                       bbox: [
-                         3083.04,
-                         2656.08,
-                         3743.06,
-                         2695.2
-                       ],
-                       text: 'FREEZE PROTECTION'
-                     },
-                     ALARM: {
-                       bbox: [
-                         4086.7,
-                         2656.08,
-                         4188.46,
-                         2695.2
-                       ],
-                       text: 'X'
-                     },
-                     TAG: {
-                       bbox: [
-                         2997.12,
-                         2656.08,
-                         3083.04,
-                         2695.2
-                       ],
-                       text: '33'
-                     }
-                   },
-                   key: '33'
-                 },
-                 row_id: 'row:f49f96db140c89fe11d998795648d96789c139914003dd1a784866ea8fd1f497:1',
-                 status: 'no_typed_requirement',
-                 uninterpreted_columns: [],
-                 unobserved_columns: [
-                   'AI',
-                   'AO',
-                   'DI',
-                   'DO'
-                 ]
-               },
-               {
-                 field_wiring_status: 'not_established',
-                 issues: [],
-                 local_key: '34',
-                 name: 'CO SENSOR',
-                 observations: [
-                   {
-                     channel: 'AI',
-                     kind: 'declared_io',
-                     source: {
-                       bbox_px: [
-                         3743.06,
-                         2695.2,
-                         3828.96,
-                         2736.24
-                       ],
-                       column: 'AI',
-                       page_id: 'sha256:c62b086bc4b947bc7b87e237c415df1417ec4ebd5a3bf6b15bc7328890859d4d:p4',
-                       sheet_key: 'c62b086bc4b947bc7b87e237c415df1417ec4ebd5a3bf6b15bc7328890859d4d.pdf#4',
-                       source_id: 'sha256:c62b086bc4b947bc7b87e237c415df1417ec4ebd5a3bf6b15bc7328890859d4d',
-                       span_id: null,
-                       text: 'X'
-                     },
-                     status: 'read',
-                     value: 1
-                   },
-                   {
-                     channel: 'ALARM',
-                     kind: 'attribute',
-                     source: {
-                       bbox_px: [
-                         4086.7,
-                         2695.2,
-                         4188.46,
-                         2736.24
-                       ],
-                       column: 'ALARM',
-                       page_id: 'sha256:c62b086bc4b947bc7b87e237c415df1417ec4ebd5a3bf6b15bc7328890859d4d:p4',
-                       sheet_key: 'c62b086bc4b947bc7b87e237c415df1417ec4ebd5a3bf6b15bc7328890859d4d.pdf#4',
-                       source_id: 'sha256:c62b086bc4b947bc7b87e237c415df1417ec4ebd5a3bf6b15bc7328890859d4d',
-                       span_id: null,
-                       text: 'X'
-                     },
-                     status: 'read',
-                     value: 1
-                   }
-                 ],
-                 qualifiers: [],
-                 raw: {
-                   cells: {
-                     'POINT NAME': {
-                       bbox: [
-                         3083.04,
-                         2695.2,
-                         3743.06,
-                         2736.24
-                       ],
-                       text: 'CO SENSOR'
-                     },
-                     AI: {
-                       bbox: [
-                         3743.06,
-                         2695.2,
-                         3828.96,
-                         2736.24
-                       ],
-                       text: 'X'
-                     },
-                     ALARM: {
-                       bbox: [
-                         4086.7,
-                         2695.2,
-                         4188.46,
-                         2736.24
-                       ],
-                       text: 'X'
-                     },
-                     TAG: {
-                       bbox: [
-                         2997.12,
-                         2695.2,
-                         3083.04,
-                         2736.24
-                       ],
-                       text: '34'
-                     }
-                   },
-                   key: '34'
-                 },
-                 row_id: 'row:0c478d0f1a876e5a4c854e2748f4faf9ea180bd70371a26134f315c448d10bd0:1',
-                 status: 'interpreted',
-                 uninterpreted_columns: [],
-                 unobserved_columns: [
-                   'AO',
-                   'DI',
-                   'DO'
-                 ]
-               }
-             ],
-             source_id: 'sha256:c62b086bc4b947bc7b87e237c415df1417ec4ebd5a3bf6b15bc7328890859d4d'
-           },
-           {
-             header_rows: 0,
-             header_sources: [],
-             issues: [],
-             matrix_id: 'matrix:1404358603fa6dcb11e54faa27744ddde7577982023ceb9de21d8cf55bc735e6',
-             notes: [],
-             page_id: 'sha256:c62b086bc4b947bc7b87e237c415df1417ec4ebd5a3bf6b15bc7328890859d4d:p2',
-             quantity_basis: 'listed_matrix_only',
-             raw: {
-               headers: [
-                 'TAG',
-                 'POINTNAME',
-                 'AI',
-                 'AO',
-                 'DI',
-                 'DO',
-                 'ALARM'
-               ],
-               region: [
-                 1508.64,
-                 621.12,
-                 2699.76,
-                 1102.32
-               ],
-               rows: [
-                 {
-                   cells: {
-                     ALARM: {
-                       bbox: [
-                         2598,
-                         712.08,
-                         2699.76,
-                         751.2
-                       ],
-                       text: 'X'
-                     },
-                     POINTNAME: {
-                       bbox: [
-                         1606.08,
-                         712.08,
-                         2254.32,
-                         751.2
-                       ],
-                       text: 'EMERGENCY SHUTDOWN (GLOBAL)'
-                     },
-                     TAG: {
-                       bbox: [
-                         1508.64,
-                         712.08,
-                         1606.08,
-                         751.2
-                       ],
-                       text: '1'
-                     }
-                   },
-                   key: '1'
-                 },
-                 {
-                   cells: {
-                     DI: {
-                       bbox: [
-                         2426.16,
-                         751.2,
-                         2512.08,
-                         790.08
-                       ],
-                       text: 'X'
-                     },
-                     POINTNAME: {
-                       bbox: [
-                         1606.08,
-                         751.2,
-                         2254.32,
-                         790.08
-                       ],
-                       text: 'COMPRESSOR STATUS'
-                     },
-                     TAG: {
-                       bbox: [
-                         1508.64,
-                         751.2,
-                         1606.08,
-                         790.08
-                       ],
-                       text: '2'
-                     }
-                   },
-                   key: '2'
-                 },
-                 {
-                   cells: {
-                     ALARM: {
-                       bbox: [
-                         2598,
-                         790.08,
-                         2699.76,
-                         829.2
-                       ],
-                       text: 'X'
-                     },
-                     POINTNAME: {
-                       bbox: [
-                         1606.08,
-                         790.08,
-                         2254.32,
-                         829.2
-                       ],
-                       text: 'COMPRESSOR FAILURE'
-                     },
-                     TAG: {
-                       bbox: [
-                         1508.64,
-                         790.08,
-                         1606.08,
-                         829.2
-                       ],
-                       text: '3'
-                     }
-                   },
-                   key: '3'
-                 },
-                 {
-                   cells: {
-                     DI: {
-                       bbox: [
-                         2426.16,
-                         829.2,
-                         2512.08,
-                         868.32
-                       ],
-                       text: 'X'
-                     },
-                     POINTNAME: {
-                       bbox: [
-                         1606.08,
-                         829.2,
-                         2254.32,
-                         868.32
-                       ],
-                       text: 'SUPPLY FAN STATUS'
-                     },
-                     TAG: {
-                       bbox: [
-                         1508.64,
-                         829.2,
-                         1606.08,
-                         868.32
-                       ],
-                       text: '4'
-                     }
-                   },
-                   key: '4'
-                 },
-                 {
-                   cells: {
-                     ALARM: {
-                       bbox: [
-                         2598,
-                         868.32,
-                         2699.76,
-                         907.2
-                       ],
-                       text: 'X'
-                     },
-                     POINTNAME: {
-                       bbox: [
-                         1606.08,
-                         868.32,
-                         2254.32,
-                         907.2
-                       ],
-                       text: 'SUPPLY FAN FAILURE'
-                     },
-                     TAG: {
-                       bbox: [
-                         1508.64,
-                         868.32,
-                         1606.08,
-                         907.2
-                       ],
-                       text: '5'
-                     }
-                   },
-                   key: '5'
-                 },
-                 {
-                   cells: {
-                     ALARM: {
-                       bbox: [
-                         2598,
-                         907.2,
-                         2699.76,
-                         946.32
-                       ],
-                       text: 'X'
-                     },
-                     POINTNAME: {
-                       bbox: [
-                         1606.08,
-                         907.2,
-                         2254.32,
-                         946.32
-                       ],
-                       text: 'CONDENSATE OVER FLOW'
-                     },
-                     TAG: {
-                       bbox: [
-                         1508.64,
-                         907.2,
-                         1606.08,
-                         946.32
-                       ],
-                       text: '6'
-                     }
-                   },
-                   key: '6'
-                 },
-                 {
-                   cells: {
-                     AI: {
-                       bbox: [
-                         2254.32,
-                         946.32,
-                         2340.24,
-                         985.2
-                       ],
-                       text: 'X'
-                     },
-                     POINTNAME: {
-                       bbox: [
-                         1606.08,
-                         946.32,
-                         2254.32,
-                         985.2
-                       ],
-                       text: 'SPACE AIR TEMPERATURE'
-                     },
-                     TAG: {
-                       bbox: [
-                         1508.64,
-                         946.32,
-                         1606.08,
-                         985.2
-                       ],
-                       text: '7'
-                     }
-                   },
-                   key: '7'
-                 },
-                 {
-                   cells: {
-                     DO: {
-                       bbox: [
-                         2512.08,
-                         985.2,
-                         2598,
-                         1024.32
-                       ],
-                       text: 'X'
-                     },
-                     POINTNAME: {
-                       bbox: [
-                         1606.08,
-                         985.2,
-                         2254.32,
-                         1024.32
-                       ],
-                       text: 'SPACE AIR TEMPERATURE SETPOINT'
-                     },
-                     TAG: {
-                       bbox: [
-                         1508.64,
-                         985.2,
-                         1606.08,
-                         1024.32
-                       ],
-                       text: '8'
-                     }
-                   },
-                   key: '8'
-                 },
-                 {
-                   cells: {
-                     DI: {
-                       bbox: [
-                         2426.16,
-                         1024.32,
-                         2512.08,
-                         1063.2
-                       ],
-                       text: 'X'
-                     },
-                     POINTNAME: {
-                       bbox: [
-                         1606.08,
-                         1024.32,
-                         2254.32,
-                         1063.2
-                       ],
-                       text: 'CU FAN STATUS'
-                     },
-                     TAG: {
-                       bbox: [
-                         1508.64,
-                         1024.32,
-                         1606.08,
-                         1063.2
-                       ],
-                       text: '9'
-                     }
-                   },
-                   key: '9'
-                 },
-                 {
-                   cells: {
-                     ALARM: {
-                       bbox: [
-                         2598,
-                         1063.2,
-                         2699.76,
-                         1102.32
-                       ],
-                       text: 'X'
-                     },
-                     POINTNAME: {
-                       bbox: [
-                         1606.08,
-                         1063.2,
-                         2254.32,
-                         1102.32
-                       ],
-                       text: 'CU FAN FAILURE'
-                     },
-                     TAG: {
-                       bbox: [
-                         1508.64,
-                         1063.2,
-                         1606.08,
-                         1102.32
-                       ],
-                       text: '10'
-                     }
-                   },
-                   key: '10'
-                 }
-               ],
-               sheet: 'c62b086bc4b947bc7b87e237c415df1417ec4ebd5a3bf6b15bc7328890859d4d.pdf#2',
-               title: {
-                 bbox: [
-                   1508.64,
-                   621.12,
-                   2699.76,
-                   667.92
-                 ],
-                 text: 'BAS INPUT/OUTPUT POINTLIST'
-               }
-             },
-             rows: [
-               {
-                 field_wiring_status: 'not_established',
-                 issues: [],
-                 local_key: '1',
-                 name: 'EMERGENCY SHUTDOWN (GLOBAL)',
-                 observations: [
-                   {
-                     channel: 'ALARM',
-                     kind: 'attribute',
-                     source: {
-                       bbox_px: [
-                         2598,
-                         712.08,
-                         2699.76,
-                         751.2
-                       ],
-                       column: 'ALARM',
-                       page_id: 'sha256:c62b086bc4b947bc7b87e237c415df1417ec4ebd5a3bf6b15bc7328890859d4d:p2',
-                       sheet_key: 'c62b086bc4b947bc7b87e237c415df1417ec4ebd5a3bf6b15bc7328890859d4d.pdf#2',
-                       source_id: 'sha256:c62b086bc4b947bc7b87e237c415df1417ec4ebd5a3bf6b15bc7328890859d4d',
-                       span_id: null,
-                       text: 'X'
-                     },
-                     status: 'read',
-                     value: 1
-                   }
-                 ],
-                 qualifiers: [],
-                 raw: {
-                   cells: {
-                     ALARM: {
-                       bbox: [
-                         2598,
-                         712.08,
-                         2699.76,
-                         751.2
-                       ],
-                       text: 'X'
-                     },
-                     POINTNAME: {
-                       bbox: [
-                         1606.08,
-                         712.08,
-                         2254.32,
-                         751.2
-                       ],
-                       text: 'EMERGENCY SHUTDOWN (GLOBAL)'
-                     },
-                     TAG: {
-                       bbox: [
-                         1508.64,
-                         712.08,
-                         1606.08,
-                         751.2
-                       ],
-                       text: '1'
-                     }
-                   },
-                   key: '1'
-                 },
-                 row_id: 'row:193882ab799401a774bab722ac931111c500b8a104b283791743dd9511fad5a6:1',
-                 status: 'no_typed_requirement',
-                 uninterpreted_columns: [],
-                 unobserved_columns: [
-                   'AI',
-                   'AO',
-                   'DI',
-                   'DO'
-                 ]
-               },
-               {
-                 field_wiring_status: 'not_established',
-                 issues: [],
-                 local_key: '2',
-                 name: 'COMPRESSOR STATUS',
-                 observations: [
-                   {
-                     channel: 'DI',
-                     kind: 'declared_io',
-                     source: {
-                       bbox_px: [
-                         2426.16,
-                         751.2,
-                         2512.08,
-                         790.08
-                       ],
-                       column: 'DI',
-                       page_id: 'sha256:c62b086bc4b947bc7b87e237c415df1417ec4ebd5a3bf6b15bc7328890859d4d:p2',
-                       sheet_key: 'c62b086bc4b947bc7b87e237c415df1417ec4ebd5a3bf6b15bc7328890859d4d.pdf#2',
-                       source_id: 'sha256:c62b086bc4b947bc7b87e237c415df1417ec4ebd5a3bf6b15bc7328890859d4d',
-                       span_id: null,
-                       text: 'X'
-                     },
-                     status: 'read',
-                     value: 1
-                   }
-                 ],
-                 qualifiers: [],
-                 raw: {
-                   cells: {
-                     DI: {
-                       bbox: [
-                         2426.16,
-                         751.2,
-                         2512.08,
-                         790.08
-                       ],
-                       text: 'X'
-                     },
-                     POINTNAME: {
-                       bbox: [
-                         1606.08,
-                         751.2,
-                         2254.32,
-                         790.08
-                       ],
-                       text: 'COMPRESSOR STATUS'
-                     },
-                     TAG: {
-                       bbox: [
-                         1508.64,
-                         751.2,
-                         1606.08,
-                         790.08
-                       ],
-                       text: '2'
-                     }
-                   },
-                   key: '2'
-                 },
-                 row_id: 'row:281b395bd8d8f5f30e0560e4179564ff24d679f0a3efe6aac4e8735ecf104474:1',
-                 status: 'interpreted',
-                 uninterpreted_columns: [],
-                 unobserved_columns: [
-                   'AI',
-                   'ALARM',
-                   'AO',
-                   'DO'
-                 ]
-               },
-               {
-                 field_wiring_status: 'not_established',
-                 issues: [],
-                 local_key: '3',
-                 name: 'COMPRESSOR FAILURE',
-                 observations: [
-                   {
-                     channel: 'ALARM',
-                     kind: 'attribute',
-                     source: {
-                       bbox_px: [
-                         2598,
-                         790.08,
-                         2699.76,
-                         829.2
-                       ],
-                       column: 'ALARM',
-                       page_id: 'sha256:c62b086bc4b947bc7b87e237c415df1417ec4ebd5a3bf6b15bc7328890859d4d:p2',
-                       sheet_key: 'c62b086bc4b947bc7b87e237c415df1417ec4ebd5a3bf6b15bc7328890859d4d.pdf#2',
-                       source_id: 'sha256:c62b086bc4b947bc7b87e237c415df1417ec4ebd5a3bf6b15bc7328890859d4d',
-                       span_id: null,
-                       text: 'X'
-                     },
-                     status: 'read',
-                     value: 1
-                   }
-                 ],
-                 qualifiers: [],
-                 raw: {
-                   cells: {
-                     ALARM: {
-                       bbox: [
-                         2598,
-                         790.08,
-                         2699.76,
-                         829.2
-                       ],
-                       text: 'X'
-                     },
-                     POINTNAME: {
-                       bbox: [
-                         1606.08,
-                         790.08,
-                         2254.32,
-                         829.2
-                       ],
-                       text: 'COMPRESSOR FAILURE'
-                     },
-                     TAG: {
-                       bbox: [
-                         1508.64,
-                         790.08,
-                         1606.08,
-                         829.2
-                       ],
-                       text: '3'
-                     }
-                   },
-                   key: '3'
-                 },
-                 row_id: 'row:ad2e9863c3a93b133daf9337182dde445f7564ce19ed7d4a5167794a4c007cba:1',
-                 status: 'no_typed_requirement',
-                 uninterpreted_columns: [],
-                 unobserved_columns: [
-                   'AI',
-                   'AO',
-                   'DI',
-                   'DO'
-                 ]
-               },
-               {
-                 field_wiring_status: 'not_established',
-                 issues: [],
-                 local_key: '4',
-                 name: 'SUPPLY FAN STATUS',
-                 observations: [
-                   {
-                     channel: 'DI',
-                     kind: 'declared_io',
-                     source: {
-                       bbox_px: [
-                         2426.16,
-                         829.2,
-                         2512.08,
-                         868.32
-                       ],
-                       column: 'DI',
-                       page_id: 'sha256:c62b086bc4b947bc7b87e237c415df1417ec4ebd5a3bf6b15bc7328890859d4d:p2',
-                       sheet_key: 'c62b086bc4b947bc7b87e237c415df1417ec4ebd5a3bf6b15bc7328890859d4d.pdf#2',
-                       source_id: 'sha256:c62b086bc4b947bc7b87e237c415df1417ec4ebd5a3bf6b15bc7328890859d4d',
-                       span_id: null,
-                       text: 'X'
-                     },
-                     status: 'read',
-                     value: 1
-                   }
-                 ],
-                 qualifiers: [],
-                 raw: {
-                   cells: {
-                     DI: {
-                       bbox: [
-                         2426.16,
-                         829.2,
-                         2512.08,
-                         868.32
-                       ],
-                       text: 'X'
-                     },
-                     POINTNAME: {
-                       bbox: [
-                         1606.08,
-                         829.2,
-                         2254.32,
-                         868.32
-                       ],
-                       text: 'SUPPLY FAN STATUS'
-                     },
-                     TAG: {
-                       bbox: [
-                         1508.64,
-                         829.2,
-                         1606.08,
-                         868.32
-                       ],
-                       text: '4'
-                     }
-                   },
-                   key: '4'
-                 },
-                 row_id: 'row:6d5d9d55ed0b99ea9555243e700c933b45c0e00ce2646ccee9562a0e3b6f86bb:1',
-                 status: 'interpreted',
-                 uninterpreted_columns: [],
-                 unobserved_columns: [
-                   'AI',
-                   'ALARM',
-                   'AO',
-                   'DO'
-                 ]
-               },
-               {
-                 field_wiring_status: 'not_established',
-                 issues: [],
-                 local_key: '5',
-                 name: 'SUPPLY FAN FAILURE',
-                 observations: [
-                   {
-                     channel: 'ALARM',
-                     kind: 'attribute',
-                     source: {
-                       bbox_px: [
-                         2598,
-                         868.32,
-                         2699.76,
-                         907.2
-                       ],
-                       column: 'ALARM',
-                       page_id: 'sha256:c62b086bc4b947bc7b87e237c415df1417ec4ebd5a3bf6b15bc7328890859d4d:p2',
-                       sheet_key: 'c62b086bc4b947bc7b87e237c415df1417ec4ebd5a3bf6b15bc7328890859d4d.pdf#2',
-                       source_id: 'sha256:c62b086bc4b947bc7b87e237c415df1417ec4ebd5a3bf6b15bc7328890859d4d',
-                       span_id: null,
-                       text: 'X'
-                     },
-                     status: 'read',
-                     value: 1
-                   }
-                 ],
-                 qualifiers: [],
-                 raw: {
-                   cells: {
-                     ALARM: {
-                       bbox: [
-                         2598,
-                         868.32,
-                         2699.76,
-                         907.2
-                       ],
-                       text: 'X'
-                     },
-                     POINTNAME: {
-                       bbox: [
-                         1606.08,
-                         868.32,
-                         2254.32,
-                         907.2
-                       ],
-                       text: 'SUPPLY FAN FAILURE'
-                     },
-                     TAG: {
-                       bbox: [
-                         1508.64,
-                         868.32,
-                         1606.08,
-                         907.2
-                       ],
-                       text: '5'
-                     }
-                   },
-                   key: '5'
-                 },
-                 row_id: 'row:f72c9ef46f5e83d94d7f18104d36732f181e189cb161430ced15c4ef570dc477:1',
-                 status: 'no_typed_requirement',
-                 uninterpreted_columns: [],
-                 unobserved_columns: [
-                   'AI',
-                   'AO',
-                   'DI',
-                   'DO'
-                 ]
-               },
-               {
-                 field_wiring_status: 'not_established',
-                 issues: [],
-                 local_key: '6',
-                 name: 'CONDENSATE OVER FLOW',
-                 observations: [
-                   {
-                     channel: 'ALARM',
-                     kind: 'attribute',
-                     source: {
-                       bbox_px: [
-                         2598,
-                         907.2,
-                         2699.76,
-                         946.32
-                       ],
-                       column: 'ALARM',
-                       page_id: 'sha256:c62b086bc4b947bc7b87e237c415df1417ec4ebd5a3bf6b15bc7328890859d4d:p2',
-                       sheet_key: 'c62b086bc4b947bc7b87e237c415df1417ec4ebd5a3bf6b15bc7328890859d4d.pdf#2',
-                       source_id: 'sha256:c62b086bc4b947bc7b87e237c415df1417ec4ebd5a3bf6b15bc7328890859d4d',
-                       span_id: null,
-                       text: 'X'
-                     },
-                     status: 'read',
-                     value: 1
-                   }
-                 ],
-                 qualifiers: [],
-                 raw: {
-                   cells: {
-                     ALARM: {
-                       bbox: [
-                         2598,
-                         907.2,
-                         2699.76,
-                         946.32
-                       ],
-                       text: 'X'
-                     },
-                     POINTNAME: {
-                       bbox: [
-                         1606.08,
-                         907.2,
-                         2254.32,
-                         946.32
-                       ],
-                       text: 'CONDENSATE OVER FLOW'
-                     },
-                     TAG: {
-                       bbox: [
-                         1508.64,
-                         907.2,
-                         1606.08,
-                         946.32
-                       ],
-                       text: '6'
-                     }
-                   },
-                   key: '6'
-                 },
-                 row_id: 'row:859d4451b0ad7c8ba7f1fafed1f9f29e155be0303b3ff671082cbf4287d3b75f:1',
-                 status: 'no_typed_requirement',
-                 uninterpreted_columns: [],
-                 unobserved_columns: [
-                   'AI',
-                   'AO',
-                   'DI',
-                   'DO'
-                 ]
-               },
-               {
-                 field_wiring_status: 'not_established',
-                 issues: [],
-                 local_key: '7',
-                 name: 'SPACE AIR TEMPERATURE',
-                 observations: [
-                   {
-                     channel: 'AI',
-                     kind: 'declared_io',
-                     source: {
-                       bbox_px: [
-                         2254.32,
-                         946.32,
-                         2340.24,
-                         985.2
-                       ],
-                       column: 'AI',
-                       page_id: 'sha256:c62b086bc4b947bc7b87e237c415df1417ec4ebd5a3bf6b15bc7328890859d4d:p2',
-                       sheet_key: 'c62b086bc4b947bc7b87e237c415df1417ec4ebd5a3bf6b15bc7328890859d4d.pdf#2',
-                       source_id: 'sha256:c62b086bc4b947bc7b87e237c415df1417ec4ebd5a3bf6b15bc7328890859d4d',
-                       span_id: null,
-                       text: 'X'
-                     },
-                     status: 'read',
-                     value: 1
-                   }
-                 ],
-                 qualifiers: [],
-                 raw: {
-                   cells: {
-                     AI: {
-                       bbox: [
-                         2254.32,
-                         946.32,
-                         2340.24,
-                         985.2
-                       ],
-                       text: 'X'
-                     },
-                     POINTNAME: {
-                       bbox: [
-                         1606.08,
-                         946.32,
-                         2254.32,
-                         985.2
-                       ],
-                       text: 'SPACE AIR TEMPERATURE'
-                     },
-                     TAG: {
-                       bbox: [
-                         1508.64,
-                         946.32,
-                         1606.08,
-                         985.2
-                       ],
-                       text: '7'
-                     }
-                   },
-                   key: '7'
-                 },
-                 row_id: 'row:6855bbd9f9c64e639924edbacff36bfe77c2231444e1d8c7da6ea6739ea04913:1',
-                 status: 'interpreted',
-                 uninterpreted_columns: [],
-                 unobserved_columns: [
-                   'ALARM',
-                   'AO',
-                   'DI',
-                   'DO'
-                 ]
-               },
-               {
-                 field_wiring_status: 'not_established',
-                 issues: [],
-                 local_key: '8',
-                 name: 'SPACE AIR TEMPERATURE SETPOINT',
-                 observations: [
-                   {
-                     channel: 'DO',
-                     kind: 'declared_io',
-                     source: {
-                       bbox_px: [
-                         2512.08,
-                         985.2,
-                         2598,
-                         1024.32
-                       ],
-                       column: 'DO',
-                       page_id: 'sha256:c62b086bc4b947bc7b87e237c415df1417ec4ebd5a3bf6b15bc7328890859d4d:p2',
-                       sheet_key: 'c62b086bc4b947bc7b87e237c415df1417ec4ebd5a3bf6b15bc7328890859d4d.pdf#2',
-                       source_id: 'sha256:c62b086bc4b947bc7b87e237c415df1417ec4ebd5a3bf6b15bc7328890859d4d',
-                       span_id: null,
-                       text: 'X'
-                     },
-                     status: 'read',
-                     value: 1
-                   }
-                 ],
-                 qualifiers: [],
-                 raw: {
-                   cells: {
-                     DO: {
-                       bbox: [
-                         2512.08,
-                         985.2,
-                         2598,
-                         1024.32
-                       ],
-                       text: 'X'
-                     },
-                     POINTNAME: {
-                       bbox: [
-                         1606.08,
-                         985.2,
-                         2254.32,
-                         1024.32
-                       ],
-                       text: 'SPACE AIR TEMPERATURE SETPOINT'
-                     },
-                     TAG: {
-                       bbox: [
-                         1508.64,
-                         985.2,
-                         1606.08,
-                         1024.32
-                       ],
-                       text: '8'
-                     }
-                   },
-                   key: '8'
-                 },
-                 row_id: 'row:ff12c299a049d718cd320edbc212a716178db61622e04b68b29cfc6c594da386:1',
-                 status: 'interpreted',
-                 uninterpreted_columns: [],
-                 unobserved_columns: [
-                   'AI',
-                   'ALARM',
-                   'AO',
-                   'DI'
-                 ]
-               },
-               {
-                 field_wiring_status: 'not_established',
-                 issues: [],
-                 local_key: '9',
-                 name: 'CU FAN STATUS',
-                 observations: [
-                   {
-                     channel: 'DI',
-                     kind: 'declared_io',
-                     source: {
-                       bbox_px: [
-                         2426.16,
-                         1024.32,
-                         2512.08,
-                         1063.2
-                       ],
-                       column: 'DI',
-                       page_id: 'sha256:c62b086bc4b947bc7b87e237c415df1417ec4ebd5a3bf6b15bc7328890859d4d:p2',
-                       sheet_key: 'c62b086bc4b947bc7b87e237c415df1417ec4ebd5a3bf6b15bc7328890859d4d.pdf#2',
-                       source_id: 'sha256:c62b086bc4b947bc7b87e237c415df1417ec4ebd5a3bf6b15bc7328890859d4d',
-                       span_id: null,
-                       text: 'X'
-                     },
-                     status: 'read',
-                     value: 1
-                   }
-                 ],
-                 qualifiers: [],
-                 raw: {
-                   cells: {
-                     DI: {
-                       bbox: [
-                         2426.16,
-                         1024.32,
-                         2512.08,
-                         1063.2
-                       ],
-                       text: 'X'
-                     },
-                     POINTNAME: {
-                       bbox: [
-                         1606.08,
-                         1024.32,
-                         2254.32,
-                         1063.2
-                       ],
-                       text: 'CU FAN STATUS'
-                     },
-                     TAG: {
-                       bbox: [
-                         1508.64,
-                         1024.32,
-                         1606.08,
-                         1063.2
-                       ],
-                       text: '9'
-                     }
-                   },
-                   key: '9'
-                 },
-                 row_id: 'row:aa8ae1cae67f5d6b32480b0393855bcba31c7e57af8f27a67dd959a3769ee94d:1',
-                 status: 'interpreted',
-                 uninterpreted_columns: [],
-                 unobserved_columns: [
-                   'AI',
-                   'ALARM',
-                   'AO',
-                   'DO'
-                 ]
-               },
-               {
-                 field_wiring_status: 'not_established',
-                 issues: [],
-                 local_key: '10',
-                 name: 'CU FAN FAILURE',
-                 observations: [
-                   {
-                     channel: 'ALARM',
-                     kind: 'attribute',
-                     source: {
-                       bbox_px: [
-                         2598,
-                         1063.2,
-                         2699.76,
-                         1102.32
-                       ],
-                       column: 'ALARM',
-                       page_id: 'sha256:c62b086bc4b947bc7b87e237c415df1417ec4ebd5a3bf6b15bc7328890859d4d:p2',
-                       sheet_key: 'c62b086bc4b947bc7b87e237c415df1417ec4ebd5a3bf6b15bc7328890859d4d.pdf#2',
-                       source_id: 'sha256:c62b086bc4b947bc7b87e237c415df1417ec4ebd5a3bf6b15bc7328890859d4d',
-                       span_id: null,
-                       text: 'X'
-                     },
-                     status: 'read',
-                     value: 1
-                   }
-                 ],
-                 qualifiers: [],
-                 raw: {
-                   cells: {
-                     ALARM: {
-                       bbox: [
-                         2598,
-                         1063.2,
-                         2699.76,
-                         1102.32
-                       ],
-                       text: 'X'
-                     },
-                     POINTNAME: {
-                       bbox: [
-                         1606.08,
-                         1063.2,
-                         2254.32,
-                         1102.32
-                       ],
-                       text: 'CU FAN FAILURE'
-                     },
-                     TAG: {
-                       bbox: [
-                         1508.64,
-                         1063.2,
-                         1606.08,
-                         1102.32
-                       ],
-                       text: '10'
-                     }
-                   },
-                   key: '10'
-                 },
-                 row_id: 'row:9085f40d54951d10a50e0b0176f46c2191c5547bc07c81f200df06e75ae797a4:1',
-                 status: 'no_typed_requirement',
-                 uninterpreted_columns: [],
-                 unobserved_columns: [
-                   'AI',
-                   'AO',
-                   'DI',
-                   'DO'
-                 ]
-               }
-             ],
-             source_id: 'sha256:c62b086bc4b947bc7b87e237c415df1417ec4ebd5a3bf6b15bc7328890859d4d'
-           },
-           {
-             header_rows: 1,
-             header_sources: [
-               {
-                 bbox_px: [
-                   679.44,
-                   1721.76,
-                   754.32,
-                   1806.96
-                 ],
-                 column: 'HARDWARE POINTS',
-                 page_id: 'sha256:c62b086bc4b947bc7b87e237c415df1417ec4ebd5a3bf6b15bc7328890859d4d:p2',
-                 sheet_key: 'c62b086bc4b947bc7b87e237c415df1417ec4ebd5a3bf6b15bc7328890859d4d.pdf#2',
-                 source_id: 'sha256:c62b086bc4b947bc7b87e237c415df1417ec4ebd5a3bf6b15bc7328890859d4d',
-                 span_id: null,
-                 text: 'AI'
-               },
-               {
-                 bbox_px: [
-                   754.32,
-                   1721.76,
-                   829.2,
-                   1806.96
-                 ],
-                 column: 'HARDWARE POINTS 2',
-                 page_id: 'sha256:c62b086bc4b947bc7b87e237c415df1417ec4ebd5a3bf6b15bc7328890859d4d:p2',
-                 sheet_key: 'c62b086bc4b947bc7b87e237c415df1417ec4ebd5a3bf6b15bc7328890859d4d.pdf#2',
-                 source_id: 'sha256:c62b086bc4b947bc7b87e237c415df1417ec4ebd5a3bf6b15bc7328890859d4d',
-                 span_id: null,
-                 text: 'AO'
-               },
-               {
-                 bbox_px: [
-                   829.2,
-                   1721.76,
-                   904.32,
-                   1806.96
-                 ],
-                 column: 'HARDWARE POINTS 3',
-                 page_id: 'sha256:c62b086bc4b947bc7b87e237c415df1417ec4ebd5a3bf6b15bc7328890859d4d:p2',
-                 sheet_key: 'c62b086bc4b947bc7b87e237c415df1417ec4ebd5a3bf6b15bc7328890859d4d.pdf#2',
-                 source_id: 'sha256:c62b086bc4b947bc7b87e237c415df1417ec4ebd5a3bf6b15bc7328890859d4d',
-                 span_id: null,
-                 text: 'DI'
-               },
-               {
-                 bbox_px: [
-                   904.32,
-                   1721.76,
-                   979.2,
-                   1806.96
-                 ],
-                 column: 'HARDWARE POINTS 4',
-                 page_id: 'sha256:c62b086bc4b947bc7b87e237c415df1417ec4ebd5a3bf6b15bc7328890859d4d:p2',
-                 sheet_key: 'c62b086bc4b947bc7b87e237c415df1417ec4ebd5a3bf6b15bc7328890859d4d.pdf#2',
-                 source_id: 'sha256:c62b086bc4b947bc7b87e237c415df1417ec4ebd5a3bf6b15bc7328890859d4d',
-                 span_id: null,
-                 text: 'DO'
-               },
-               {
-                 bbox_px: [
-                   979.2,
-                   1721.76,
-                   1049.76,
-                   1806.96
-                 ],
-                 column: 'SOFTWARE POINTS',
-                 page_id: 'sha256:c62b086bc4b947bc7b87e237c415df1417ec4ebd5a3bf6b15bc7328890859d4d:p2',
-                 sheet_key: 'c62b086bc4b947bc7b87e237c415df1417ec4ebd5a3bf6b15bc7328890859d4d.pdf#2',
-                 source_id: 'sha256:c62b086bc4b947bc7b87e237c415df1417ec4ebd5a3bf6b15bc7328890859d4d',
-                 span_id: null,
-                 text: 'AV'
-               },
-               {
-                 bbox_px: [
-                   1049.76,
-                   1721.76,
-                   1120.08,
-                   1806.96
-                 ],
-                 column: 'SOFTWARE POINTS 2',
-                 page_id: 'sha256:c62b086bc4b947bc7b87e237c415df1417ec4ebd5a3bf6b15bc7328890859d4d:p2',
-                 sheet_key: 'c62b086bc4b947bc7b87e237c415df1417ec4ebd5a3bf6b15bc7328890859d4d.pdf#2',
-                 source_id: 'sha256:c62b086bc4b947bc7b87e237c415df1417ec4ebd5a3bf6b15bc7328890859d4d',
-                 span_id: null,
-                 text: 'BV'
-               }
-             ],
-             issues: [],
-             matrix_id: 'matrix:282e98592003fc5295c3fce4dc5fa3cc31695b98350df55fc7700a40d7af1c9d',
-             notes: [
-               {
-                 kind: 'lon_integrated',
-                 source: {
-                   bbox_px: [
-                     264,
-                     2186.1,
-                     1070,
-                     2214.2
-                   ],
-                   column: null,
-                   page_id: 'sha256:c62b086bc4b947bc7b87e237c415df1417ec4ebd5a3bf6b15bc7328890859d4d:p2',
-                   sheet_key: 'c62b086bc4b947bc7b87e237c415df1417ec4ebd5a3bf6b15bc7328890859d4d.pdf#2',
-                   source_id: 'sha256:c62b086bc4b947bc7b87e237c415df1417ec4ebd5a3bf6b15bc7328890859d4d',
-                   span_id: 'sha256:c62b086bc4b947bc7b87e237c415df1417ec4ebd5a3bf6b15bc7328890859d4d:p2:s393',
-                   text: 'NOTE: "*" INDICATES A POINT THAT IS LON-INTEGRATED WITH DRIVE.'
-                 },
-                 subject: 'DRIVE'
-               }
-             ],
-             page_id: 'sha256:c62b086bc4b947bc7b87e237c415df1417ec4ebd5a3bf6b15bc7328890859d4d:p2',
-             quantity_basis: 'listed_matrix_only',
-             raw: {
-               headers: [
-                 'COL1',
-                 'COL2',
-                 'HARDWARE POINTS',
-                 'HARDWARE POINTS 2',
-                 'HARDWARE POINTS 3',
-                 'HARDWARE POINTS 4',
-                 'SOFTWARE POINTS',
-                 'SOFTWARE POINTS 2',
-                 'SOFTWARE POINTS 3',
-                 'SOFTWARE POINTS 4',
-                 'COL11',
-                 'COL12'
-               ],
-               region: [
-                 259.44,
-                 1638,
-                 1698.96,
-                 2226.72
-               ],
-               rows: [
-                 {
-                   cells: {
-                     'HARDWARE POINTS 2': {
-                       bbox: [
-                         754.32,
-                         1721.76,
-                         829.2,
-                         1806.96
-                       ],
-                       text: 'AO'
-                     },
-                     'HARDWARE POINTS 3': {
-                       bbox: [
-                         829.2,
-                         1721.76,
-                         904.32,
-                         1806.96
-                       ],
-                       text: 'DI'
-                     },
-                     'HARDWARE POINTS 4': {
-                       bbox: [
-                         904.32,
-                         1721.76,
-                         979.2,
-                         1806.96
-                       ],
-                       text: 'DO'
-                     },
-                     'HARDWARE POINTS': {
-                       bbox: [
-                         679.44,
-                         1721.76,
-                         754.32,
-                         1806.96
-                       ],
-                       text: 'AI'
-                     },
-                     'SOFTWARE POINTS 2': {
-                       bbox: [
-                         1049.76,
-                         1721.76,
-                         1120.08,
-                         1806.96
-                       ],
-                       text: 'BV'
-                     },
-                     'SOFTWARE POINTS 3': {
-                       bbox: [
-                         1120.08,
-                         1721.76,
-                         1229.76,
-                         1806.96
-                       ],
-                       text: 'TREND'
-                     },
-                     'SOFTWARE POINTS 4': {
-                       bbox: [
-                         1229.76,
-                         1721.76,
-                         1349.52,
-                         1806.96
-                       ],
-                       text: 'ALARM'
-                     },
-                     'SOFTWARE POINTS': {
-                       bbox: [
-                         979.2,
-                         1721.76,
-                         1049.76,
-                         1806.96
-                       ],
-                       text: 'AV'
-                     },
-                     COL11: {
-                       bbox: [
-                         1349.52,
-                         1721.76,
-                         1532.64,
-                         1806.96
-                       ],
-                       text: 'ADJUSTABLE'
-                     },
-                     COL12: {
-                       bbox: [
-                         1532.64,
-                         1721.76,
-                         1698.96,
-                         1806.96
-                       ],
-                       text: 'SHOW ON GRAPHIC'
-                     },
-                     COL1: {
-                       bbox: [
-                         259.44,
-                         1721.76,
-                         334.56,
-                         1806.96
-                       ],
-                       text: 'TAG'
-                     },
-                     COL2: {
-                       bbox: [
-                         334.56,
-                         1721.76,
-                         679.44,
-                         1806.96
-                       ],
-                       text: 'POINT NAME'
-                     }
-                   },
-                   key: 'TAG'
-                 },
-                 {
-                   cells: {
-                     'HARDWARE POINTS': {
-                       bbox: [
-                         679.44,
-                         1806.96,
-                         754.32,
-                         1848.72
-                       ],
-                       text: 'X'
-                     },
-                     COL1: {
-                       bbox: [
-                         259.44,
-                         1806.96,
-                         334.56,
-                         1848.72
-                       ],
-                       text: '1'
-                     },
-                     COL2: {
-                       bbox: [
-                         334.56,
-                         1806.96,
-                         679.44,
-                         1848.72
-                       ],
-                       text: 'WATER FLOW RATE'
-                     }
-                   },
-                   key: '1'
-                 },
-                 {
-                   cells: {
-                     'SOFTWARE POINTS 3': {
-                       bbox: [
-                         1120.08,
-                         1848.72,
-                         1229.76,
-                         1890.72
-                       ],
-                       text: 'X'
-                     },
-                     COL12: {
-                       bbox: [
-                         1532.64,
-                         1848.72,
-                         1698.96,
-                         1890.72
-                       ],
-                       text: 'X'
-                     },
-                     COL1: {
-                       bbox: [
-                         259.44,
-                         1848.72,
-                         334.56,
-                         1890.72
-                       ],
-                       text: '2'
-                     },
-                     COL2: {
-                       bbox: [
-                         334.56,
-                         1848.72,
-                         679.44,
-                         1890.72
-                       ],
-                       text: 'DEMAND'
-                     }
-                   },
-                   key: '2'
-                 },
-                 {
-                   cells: {
-                     'SOFTWARE POINTS 3': {
-                       bbox: [
-                         1120.08,
-                         1890.72,
-                         1229.76,
-                         1932.72
-                       ],
-                       text: 'X'
-                     },
-                     COL12: {
-                       bbox: [
-                         1532.64,
-                         1890.72,
-                         1698.96,
-                         1932.72
-                       ],
-                       text: 'X'
-                     },
-                     COL1: {
-                       bbox: [
-                         259.44,
-                         1890.72,
-                         334.56,
-                         1932.72
-                       ],
-                       text: '3'
-                     },
-                     COL2: {
-                       bbox: [
-                         334.56,
-                         1890.72,
-                         679.44,
-                         1932.72
-                       ],
-                       text: 'PEAK MONTH-TO-DATE'
-                     }
-                   },
-                   key: '3'
-                 },
-                 {
-                   cells: {
-                     'SOFTWARE POINTS 3': {
-                       bbox: [
-                         1120.08,
-                         1932.72,
-                         1229.76,
-                         1974.72
-                       ],
-                       text: 'X'
-                     },
-                     COL12: {
-                       bbox: [
-                         1532.64,
-                         1932.72,
-                         1698.96,
-                         1974.72
-                       ],
-                       text: 'X'
-                     },
-                     COL1: {
-                       bbox: [
-                         259.44,
-                         1932.72,
-                         334.56,
-                         1974.72
-                       ],
-                       text: '4'
-                     },
-                     COL2: {
-                       bbox: [
-                         334.56,
-                         1932.72,
-                         679.44,
-                         1974.72
-                       ],
-                       text: 'PEAK TODAY'
-                     }
-                   },
-                   key: '4'
-                 },
-                 {
-                   cells: {
-                     'SOFTWARE POINTS 3': {
-                       bbox: [
-                         1120.08,
-                         1974.72,
-                         1229.76,
-                         2016.72
-                       ],
-                       text: 'X'
-                     },
-                     COL12: {
-                       bbox: [
-                         1532.64,
-                         1974.72,
-                         1698.96,
-                         2016.72
-                       ],
-                       text: 'X'
-                     },
-                     COL1: {
-                       bbox: [
-                         259.44,
-                         1974.72,
-                         334.56,
-                         2016.72
-                       ],
-                       text: '5'
-                     },
-                     COL2: {
-                       bbox: [
-                         334.56,
-                         1974.72,
-                         679.44,
-                         2016.72
-                       ],
-                       text: 'PEAK YEAR-TO-DATE'
-                     }
-                   },
-                   key: '5'
-                 },
-                 {
-                   cells: {
-                     'SOFTWARE POINTS 3': {
-                       bbox: [
-                         1120.08,
-                         2016.72,
-                         1229.76,
-                         2058.72
-                       ],
-                       text: 'X'
-                     },
-                     COL12: {
-                       bbox: [
-                         1532.64,
-                         2016.72,
-                         1698.96,
-                         2058.72
-                       ],
-                       text: 'X'
-                     },
-                     COL1: {
-                       bbox: [
-                         259.44,
-                         2016.72,
-                         334.56,
-                         2058.72
-                       ],
-                       text: '6'
-                     },
-                     COL2: {
-                       bbox: [
-                         334.56,
-                         2016.72,
-                         679.44,
-                         2058.72
-                       ],
-                       text: 'USAGE MONTH-TO-DATE'
-                     }
-                   },
-                   key: '6'
-                 },
-                 {
-                   cells: {
-                     'SOFTWARE POINTS 3': {
-                       bbox: [
-                         1120.08,
-                         2058.72,
-                         1229.76,
-                         2100.72
-                       ],
-                       text: 'X'
-                     },
-                     COL12: {
-                       bbox: [
-                         1532.64,
-                         2058.72,
-                         1698.96,
-                         2100.72
-                       ],
-                       text: 'X'
-                     },
-                     COL1: {
-                       bbox: [
-                         259.44,
-                         2058.72,
-                         334.56,
-                         2100.72
-                       ],
-                       text: '7'
-                     },
-                     COL2: {
-                       bbox: [
-                         334.56,
-                         2058.72,
-                         679.44,
-                         2100.72
-                       ],
-                       text: 'USAGE TODAY'
-                     }
-                   },
-                   key: '7'
-                 },
-                 {
-                   cells: {
-                     'SOFTWARE POINTS 3': {
-                       bbox: [
-                         1120.08,
-                         2100.72,
-                         1229.76,
-                         2142.72
-                       ],
-                       text: 'X'
-                     },
-                     COL12: {
-                       bbox: [
-                         1532.64,
-                         2100.72,
-                         1698.96,
-                         2142.72
-                       ],
-                       text: 'X'
-                     },
-                     COL1: {
-                       bbox: [
-                         259.44,
-                         2100.72,
-                         334.56,
-                         2142.72
-                       ],
-                       text: '8'
-                     },
-                     COL2: {
-                       bbox: [
-                         334.56,
-                         2100.72,
-                         679.44,
-                         2142.72
-                       ],
-                       text: 'USAGE YEAR-TO-DATE'
-                     }
-                   },
-                   key: '8'
-                 },
-                 {
-                   cells: {
-                     'SOFTWARE POINTS 4': {
-                       bbox: [
-                         1229.76,
-                         2142.72,
-                         1349.52,
-                         2184.72
-                       ],
-                       text: 'X'
-                     },
-                     COL1: {
-                       bbox: [
-                         259.44,
-                         2142.72,
-                         334.56,
-                         2184.72
-                       ],
-                       text: '9'
-                     },
-                     COL2: {
-                       bbox: [
-                         334.56,
-                         2142.72,
-                         679.44,
-                         2184.72
-                       ],
-                       text: 'GAS METER FAILURE'
-                     }
-                   },
-                   key: '9'
-                 }
-               ],
-               sheet: 'c62b086bc4b947bc7b87e237c415df1417ec4ebd5a3bf6b15bc7328890859d4d.pdf#2',
-               title: {
-                 bbox: [
-                   259.44,
-                   1638,
-                   1698.96,
-                   1679.76
-                 ],
-                 text: 'BAS INPUT/OUTPUT POINT LIST'
-               }
-             },
-             rows: [
-               {
-                 field_wiring_status: 'not_established',
-                 issues: [],
-                 local_key: '1',
-                 name: 'WATER FLOW RATE',
-                 observations: [
-                   {
-                     channel: 'AI',
-                     kind: 'declared_io',
-                     source: {
-                       bbox_px: [
-                         679.44,
-                         1806.96,
-                         754.32,
-                         1848.72
-                       ],
-                       column: 'HARDWARE POINTS',
-                       page_id: 'sha256:c62b086bc4b947bc7b87e237c415df1417ec4ebd5a3bf6b15bc7328890859d4d:p2',
-                       sheet_key: 'c62b086bc4b947bc7b87e237c415df1417ec4ebd5a3bf6b15bc7328890859d4d.pdf#2',
-                       source_id: 'sha256:c62b086bc4b947bc7b87e237c415df1417ec4ebd5a3bf6b15bc7328890859d4d',
-                       span_id: null,
-                       text: 'X'
-                     },
-                     status: 'read',
-                     value: 1
-                   }
-                 ],
-                 qualifiers: [],
-                 raw: {
-                   cells: {
-                     'HARDWARE POINTS': {
-                       bbox: [
-                         679.44,
-                         1806.96,
-                         754.32,
-                         1848.72
-                       ],
-                       text: 'X'
-                     },
-                     COL1: {
-                       bbox: [
-                         259.44,
-                         1806.96,
-                         334.56,
-                         1848.72
-                       ],
-                       text: '1'
-                     },
-                     COL2: {
-                       bbox: [
-                         334.56,
-                         1806.96,
-                         679.44,
-                         1848.72
-                       ],
-                       text: 'WATER FLOW RATE'
-                     }
-                   },
-                   key: '1'
-                 },
-                 row_id: 'row:b0bffb479ca4748c4d1a38c235bafa47fc2222102b394f78e54dff4884ba2687:1',
-                 status: 'interpreted',
-                 uninterpreted_columns: [],
-                 unobserved_columns: [
-                   'COL11',
-                   'COL12',
-                   'HARDWARE POINTS 2',
-                   'HARDWARE POINTS 3',
-                   'HARDWARE POINTS 4',
-                   'SOFTWARE POINTS',
-                   'SOFTWARE POINTS 2',
-                   'SOFTWARE POINTS 3',
-                   'SOFTWARE POINTS 4'
-                 ]
-               },
-               {
-                 field_wiring_status: 'not_established',
-                 issues: [],
-                 local_key: '2',
-                 name: 'DEMAND',
-                 observations: [
-                   {
-                     channel: 'SHOW ON GRAPHIC',
-                     kind: 'attribute',
-                     source: {
-                       bbox_px: [
-                         1532.64,
-                         1848.72,
-                         1698.96,
-                         1890.72
-                       ],
-                       column: 'COL12',
-                       page_id: 'sha256:c62b086bc4b947bc7b87e237c415df1417ec4ebd5a3bf6b15bc7328890859d4d:p2',
-                       sheet_key: 'c62b086bc4b947bc7b87e237c415df1417ec4ebd5a3bf6b15bc7328890859d4d.pdf#2',
-                       source_id: 'sha256:c62b086bc4b947bc7b87e237c415df1417ec4ebd5a3bf6b15bc7328890859d4d',
-                       span_id: null,
-                       text: 'X'
-                     },
-                     status: 'read',
-                     value: 1
-                   },
-                   {
-                     channel: 'TREND',
-                     kind: 'attribute',
-                     source: {
-                       bbox_px: [
-                         1120.08,
-                         1848.72,
-                         1229.76,
-                         1890.72
-                       ],
-                       column: 'SOFTWARE POINTS 3',
-                       page_id: 'sha256:c62b086bc4b947bc7b87e237c415df1417ec4ebd5a3bf6b15bc7328890859d4d:p2',
-                       sheet_key: 'c62b086bc4b947bc7b87e237c415df1417ec4ebd5a3bf6b15bc7328890859d4d.pdf#2',
-                       source_id: 'sha256:c62b086bc4b947bc7b87e237c415df1417ec4ebd5a3bf6b15bc7328890859d4d',
-                       span_id: null,
-                       text: 'X'
-                     },
-                     status: 'read',
-                     value: 1
-                   }
-                 ],
-                 qualifiers: [],
-                 raw: {
-                   cells: {
-                     'SOFTWARE POINTS 3': {
-                       bbox: [
-                         1120.08,
-                         1848.72,
-                         1229.76,
-                         1890.72
-                       ],
-                       text: 'X'
-                     },
-                     COL12: {
-                       bbox: [
-                         1532.64,
-                         1848.72,
-                         1698.96,
-                         1890.72
-                       ],
-                       text: 'X'
-                     },
-                     COL1: {
-                       bbox: [
-                         259.44,
-                         1848.72,
-                         334.56,
-                         1890.72
-                       ],
-                       text: '2'
-                     },
-                     COL2: {
-                       bbox: [
-                         334.56,
-                         1848.72,
-                         679.44,
-                         1890.72
-                       ],
-                       text: 'DEMAND'
-                     }
-                   },
-                   key: '2'
-                 },
-                 row_id: 'row:952b253d20033a19dadbc466ae7265b756807540464accab30c94638b566269e:1',
-                 status: 'no_typed_requirement',
-                 uninterpreted_columns: [],
-                 unobserved_columns: [
-                   'COL11',
-                   'HARDWARE POINTS',
-                   'HARDWARE POINTS 2',
-                   'HARDWARE POINTS 3',
-                   'HARDWARE POINTS 4',
-                   'SOFTWARE POINTS',
-                   'SOFTWARE POINTS 2',
-                   'SOFTWARE POINTS 4'
-                 ]
-               },
-               {
-                 field_wiring_status: 'not_established',
-                 issues: [],
-                 local_key: '3',
-                 name: 'PEAK MONTH-TO-DATE',
-                 observations: [
-                   {
-                     channel: 'SHOW ON GRAPHIC',
-                     kind: 'attribute',
-                     source: {
-                       bbox_px: [
-                         1532.64,
-                         1890.72,
-                         1698.96,
-                         1932.72
-                       ],
-                       column: 'COL12',
-                       page_id: 'sha256:c62b086bc4b947bc7b87e237c415df1417ec4ebd5a3bf6b15bc7328890859d4d:p2',
-                       sheet_key: 'c62b086bc4b947bc7b87e237c415df1417ec4ebd5a3bf6b15bc7328890859d4d.pdf#2',
-                       source_id: 'sha256:c62b086bc4b947bc7b87e237c415df1417ec4ebd5a3bf6b15bc7328890859d4d',
-                       span_id: null,
-                       text: 'X'
-                     },
-                     status: 'read',
-                     value: 1
-                   },
-                   {
-                     channel: 'TREND',
-                     kind: 'attribute',
-                     source: {
-                       bbox_px: [
-                         1120.08,
-                         1890.72,
-                         1229.76,
-                         1932.72
-                       ],
-                       column: 'SOFTWARE POINTS 3',
-                       page_id: 'sha256:c62b086bc4b947bc7b87e237c415df1417ec4ebd5a3bf6b15bc7328890859d4d:p2',
-                       sheet_key: 'c62b086bc4b947bc7b87e237c415df1417ec4ebd5a3bf6b15bc7328890859d4d.pdf#2',
-                       source_id: 'sha256:c62b086bc4b947bc7b87e237c415df1417ec4ebd5a3bf6b15bc7328890859d4d',
-                       span_id: null,
-                       text: 'X'
-                     },
-                     status: 'read',
-                     value: 1
-                   }
-                 ],
-                 qualifiers: [],
-                 raw: {
-                   cells: {
-                     'SOFTWARE POINTS 3': {
-                       bbox: [
-                         1120.08,
-                         1890.72,
-                         1229.76,
-                         1932.72
-                       ],
-                       text: 'X'
-                     },
-                     COL12: {
-                       bbox: [
-                         1532.64,
-                         1890.72,
-                         1698.96,
-                         1932.72
-                       ],
-                       text: 'X'
-                     },
-                     COL1: {
-                       bbox: [
-                         259.44,
-                         1890.72,
-                         334.56,
-                         1932.72
-                       ],
-                       text: '3'
-                     },
-                     COL2: {
-                       bbox: [
-                         334.56,
-                         1890.72,
-                         679.44,
-                         1932.72
-                       ],
-                       text: 'PEAK MONTH-TO-DATE'
-                     }
-                   },
-                   key: '3'
-                 },
-                 row_id: 'row:162c12236ac56f57bee818b828bd2875ae5cd66aef93b975eb9220dacd89695b:1',
-                 status: 'no_typed_requirement',
-                 uninterpreted_columns: [],
-                 unobserved_columns: [
-                   'COL11',
-                   'HARDWARE POINTS',
-                   'HARDWARE POINTS 2',
-                   'HARDWARE POINTS 3',
-                   'HARDWARE POINTS 4',
-                   'SOFTWARE POINTS',
-                   'SOFTWARE POINTS 2',
-                   'SOFTWARE POINTS 4'
-                 ]
-               },
-               {
-                 field_wiring_status: 'not_established',
-                 issues: [],
-                 local_key: '4',
-                 name: 'PEAK TODAY',
-                 observations: [
-                   {
-                     channel: 'SHOW ON GRAPHIC',
-                     kind: 'attribute',
-                     source: {
-                       bbox_px: [
-                         1532.64,
-                         1932.72,
-                         1698.96,
-                         1974.72
-                       ],
-                       column: 'COL12',
-                       page_id: 'sha256:c62b086bc4b947bc7b87e237c415df1417ec4ebd5a3bf6b15bc7328890859d4d:p2',
-                       sheet_key: 'c62b086bc4b947bc7b87e237c415df1417ec4ebd5a3bf6b15bc7328890859d4d.pdf#2',
-                       source_id: 'sha256:c62b086bc4b947bc7b87e237c415df1417ec4ebd5a3bf6b15bc7328890859d4d',
-                       span_id: null,
-                       text: 'X'
-                     },
-                     status: 'read',
-                     value: 1
-                   },
-                   {
-                     channel: 'TREND',
-                     kind: 'attribute',
-                     source: {
-                       bbox_px: [
-                         1120.08,
-                         1932.72,
-                         1229.76,
-                         1974.72
-                       ],
-                       column: 'SOFTWARE POINTS 3',
-                       page_id: 'sha256:c62b086bc4b947bc7b87e237c415df1417ec4ebd5a3bf6b15bc7328890859d4d:p2',
-                       sheet_key: 'c62b086bc4b947bc7b87e237c415df1417ec4ebd5a3bf6b15bc7328890859d4d.pdf#2',
-                       source_id: 'sha256:c62b086bc4b947bc7b87e237c415df1417ec4ebd5a3bf6b15bc7328890859d4d',
-                       span_id: null,
-                       text: 'X'
-                     },
-                     status: 'read',
-                     value: 1
-                   }
-                 ],
-                 qualifiers: [],
-                 raw: {
-                   cells: {
-                     'SOFTWARE POINTS 3': {
-                       bbox: [
-                         1120.08,
-                         1932.72,
-                         1229.76,
-                         1974.72
-                       ],
-                       text: 'X'
-                     },
-                     COL12: {
-                       bbox: [
-                         1532.64,
-                         1932.72,
-                         1698.96,
-                         1974.72
-                       ],
-                       text: 'X'
-                     },
-                     COL1: {
-                       bbox: [
-                         259.44,
-                         1932.72,
-                         334.56,
-                         1974.72
-                       ],
-                       text: '4'
-                     },
-                     COL2: {
-                       bbox: [
-                         334.56,
-                         1932.72,
-                         679.44,
-                         1974.72
-                       ],
-                       text: 'PEAK TODAY'
-                     }
-                   },
-                   key: '4'
-                 },
-                 row_id: 'row:3d4fb97949c1eb956083a63df82558c58ed3cfb0bbf8a6b9ec7bf811d0f26c5c:1',
-                 status: 'no_typed_requirement',
-                 uninterpreted_columns: [],
-                 unobserved_columns: [
-                   'COL11',
-                   'HARDWARE POINTS',
-                   'HARDWARE POINTS 2',
-                   'HARDWARE POINTS 3',
-                   'HARDWARE POINTS 4',
-                   'SOFTWARE POINTS',
-                   'SOFTWARE POINTS 2',
-                   'SOFTWARE POINTS 4'
-                 ]
-               },
-               {
-                 field_wiring_status: 'not_established',
-                 issues: [],
-                 local_key: '5',
-                 name: 'PEAK YEAR-TO-DATE',
-                 observations: [
-                   {
-                     channel: 'SHOW ON GRAPHIC',
-                     kind: 'attribute',
-                     source: {
-                       bbox_px: [
-                         1532.64,
-                         1974.72,
-                         1698.96,
-                         2016.72
-                       ],
-                       column: 'COL12',
-                       page_id: 'sha256:c62b086bc4b947bc7b87e237c415df1417ec4ebd5a3bf6b15bc7328890859d4d:p2',
-                       sheet_key: 'c62b086bc4b947bc7b87e237c415df1417ec4ebd5a3bf6b15bc7328890859d4d.pdf#2',
-                       source_id: 'sha256:c62b086bc4b947bc7b87e237c415df1417ec4ebd5a3bf6b15bc7328890859d4d',
-                       span_id: null,
-                       text: 'X'
-                     },
-                     status: 'read',
-                     value: 1
-                   },
-                   {
-                     channel: 'TREND',
-                     kind: 'attribute',
-                     source: {
-                       bbox_px: [
-                         1120.08,
-                         1974.72,
-                         1229.76,
-                         2016.72
-                       ],
-                       column: 'SOFTWARE POINTS 3',
-                       page_id: 'sha256:c62b086bc4b947bc7b87e237c415df1417ec4ebd5a3bf6b15bc7328890859d4d:p2',
-                       sheet_key: 'c62b086bc4b947bc7b87e237c415df1417ec4ebd5a3bf6b15bc7328890859d4d.pdf#2',
-                       source_id: 'sha256:c62b086bc4b947bc7b87e237c415df1417ec4ebd5a3bf6b15bc7328890859d4d',
-                       span_id: null,
-                       text: 'X'
-                     },
-                     status: 'read',
-                     value: 1
-                   }
-                 ],
-                 qualifiers: [],
-                 raw: {
-                   cells: {
-                     'SOFTWARE POINTS 3': {
-                       bbox: [
-                         1120.08,
-                         1974.72,
-                         1229.76,
-                         2016.72
-                       ],
-                       text: 'X'
-                     },
-                     COL12: {
-                       bbox: [
-                         1532.64,
-                         1974.72,
-                         1698.96,
-                         2016.72
-                       ],
-                       text: 'X'
-                     },
-                     COL1: {
-                       bbox: [
-                         259.44,
-                         1974.72,
-                         334.56,
-                         2016.72
-                       ],
-                       text: '5'
-                     },
-                     COL2: {
-                       bbox: [
-                         334.56,
-                         1974.72,
-                         679.44,
-                         2016.72
-                       ],
-                       text: 'PEAK YEAR-TO-DATE'
-                     }
-                   },
-                   key: '5'
-                 },
-                 row_id: 'row:59e6b9acdd2d5a12b90a14a521c2673075f5ac654f1367df4d763c1a8176d668:1',
-                 status: 'no_typed_requirement',
-                 uninterpreted_columns: [],
-                 unobserved_columns: [
-                   'COL11',
-                   'HARDWARE POINTS',
-                   'HARDWARE POINTS 2',
-                   'HARDWARE POINTS 3',
-                   'HARDWARE POINTS 4',
-                   'SOFTWARE POINTS',
-                   'SOFTWARE POINTS 2',
-                   'SOFTWARE POINTS 4'
-                 ]
-               },
-               {
-                 field_wiring_status: 'not_established',
-                 issues: [],
-                 local_key: '6',
-                 name: 'USAGE MONTH-TO-DATE',
-                 observations: [
-                   {
-                     channel: 'SHOW ON GRAPHIC',
-                     kind: 'attribute',
-                     source: {
-                       bbox_px: [
-                         1532.64,
-                         2016.72,
-                         1698.96,
-                         2058.72
-                       ],
-                       column: 'COL12',
-                       page_id: 'sha256:c62b086bc4b947bc7b87e237c415df1417ec4ebd5a3bf6b15bc7328890859d4d:p2',
-                       sheet_key: 'c62b086bc4b947bc7b87e237c415df1417ec4ebd5a3bf6b15bc7328890859d4d.pdf#2',
-                       source_id: 'sha256:c62b086bc4b947bc7b87e237c415df1417ec4ebd5a3bf6b15bc7328890859d4d',
-                       span_id: null,
-                       text: 'X'
-                     },
-                     status: 'read',
-                     value: 1
-                   },
-                   {
-                     channel: 'TREND',
-                     kind: 'attribute',
-                     source: {
-                       bbox_px: [
-                         1120.08,
-                         2016.72,
-                         1229.76,
-                         2058.72
-                       ],
-                       column: 'SOFTWARE POINTS 3',
-                       page_id: 'sha256:c62b086bc4b947bc7b87e237c415df1417ec4ebd5a3bf6b15bc7328890859d4d:p2',
-                       sheet_key: 'c62b086bc4b947bc7b87e237c415df1417ec4ebd5a3bf6b15bc7328890859d4d.pdf#2',
-                       source_id: 'sha256:c62b086bc4b947bc7b87e237c415df1417ec4ebd5a3bf6b15bc7328890859d4d',
-                       span_id: null,
-                       text: 'X'
-                     },
-                     status: 'read',
-                     value: 1
-                   }
-                 ],
-                 qualifiers: [],
-                 raw: {
-                   cells: {
-                     'SOFTWARE POINTS 3': {
-                       bbox: [
-                         1120.08,
-                         2016.72,
-                         1229.76,
-                         2058.72
-                       ],
-                       text: 'X'
-                     },
-                     COL12: {
-                       bbox: [
-                         1532.64,
-                         2016.72,
-                         1698.96,
-                         2058.72
-                       ],
-                       text: 'X'
-                     },
-                     COL1: {
-                       bbox: [
-                         259.44,
-                         2016.72,
-                         334.56,
-                         2058.72
-                       ],
-                       text: '6'
-                     },
-                     COL2: {
-                       bbox: [
-                         334.56,
-                         2016.72,
-                         679.44,
-                         2058.72
-                       ],
-                       text: 'USAGE MONTH-TO-DATE'
-                     }
-                   },
-                   key: '6'
-                 },
-                 row_id: 'row:69982ee4508e5859d9613d9b02174079f9c24a53abe43467affd1b83f54e8b52:1',
-                 status: 'no_typed_requirement',
-                 uninterpreted_columns: [],
-                 unobserved_columns: [
-                   'COL11',
-                   'HARDWARE POINTS',
-                   'HARDWARE POINTS 2',
-                   'HARDWARE POINTS 3',
-                   'HARDWARE POINTS 4',
-                   'SOFTWARE POINTS',
-                   'SOFTWARE POINTS 2',
-                   'SOFTWARE POINTS 4'
-                 ]
-               },
-               {
-                 field_wiring_status: 'not_established',
-                 issues: [],
-                 local_key: '7',
-                 name: 'USAGE TODAY',
-                 observations: [
-                   {
-                     channel: 'SHOW ON GRAPHIC',
-                     kind: 'attribute',
-                     source: {
-                       bbox_px: [
-                         1532.64,
-                         2058.72,
-                         1698.96,
-                         2100.72
-                       ],
-                       column: 'COL12',
-                       page_id: 'sha256:c62b086bc4b947bc7b87e237c415df1417ec4ebd5a3bf6b15bc7328890859d4d:p2',
-                       sheet_key: 'c62b086bc4b947bc7b87e237c415df1417ec4ebd5a3bf6b15bc7328890859d4d.pdf#2',
-                       source_id: 'sha256:c62b086bc4b947bc7b87e237c415df1417ec4ebd5a3bf6b15bc7328890859d4d',
-                       span_id: null,
-                       text: 'X'
-                     },
-                     status: 'read',
-                     value: 1
-                   },
-                   {
-                     channel: 'TREND',
-                     kind: 'attribute',
-                     source: {
-                       bbox_px: [
-                         1120.08,
-                         2058.72,
-                         1229.76,
-                         2100.72
-                       ],
-                       column: 'SOFTWARE POINTS 3',
-                       page_id: 'sha256:c62b086bc4b947bc7b87e237c415df1417ec4ebd5a3bf6b15bc7328890859d4d:p2',
-                       sheet_key: 'c62b086bc4b947bc7b87e237c415df1417ec4ebd5a3bf6b15bc7328890859d4d.pdf#2',
-                       source_id: 'sha256:c62b086bc4b947bc7b87e237c415df1417ec4ebd5a3bf6b15bc7328890859d4d',
-                       span_id: null,
-                       text: 'X'
-                     },
-                     status: 'read',
-                     value: 1
-                   }
-                 ],
-                 qualifiers: [],
-                 raw: {
-                   cells: {
-                     'SOFTWARE POINTS 3': {
-                       bbox: [
-                         1120.08,
-                         2058.72,
-                         1229.76,
-                         2100.72
-                       ],
-                       text: 'X'
-                     },
-                     COL12: {
-                       bbox: [
-                         1532.64,
-                         2058.72,
-                         1698.96,
-                         2100.72
-                       ],
-                       text: 'X'
-                     },
-                     COL1: {
-                       bbox: [
-                         259.44,
-                         2058.72,
-                         334.56,
-                         2100.72
-                       ],
-                       text: '7'
-                     },
-                     COL2: {
-                       bbox: [
-                         334.56,
-                         2058.72,
-                         679.44,
-                         2100.72
-                       ],
-                       text: 'USAGE TODAY'
-                     }
-                   },
-                   key: '7'
-                 },
-                 row_id: 'row:441ec505385fcb0c6ffa3132539ceef189d302fac08967990ddaadf1620e146d:1',
-                 status: 'no_typed_requirement',
-                 uninterpreted_columns: [],
-                 unobserved_columns: [
-                   'COL11',
-                   'HARDWARE POINTS',
-                   'HARDWARE POINTS 2',
-                   'HARDWARE POINTS 3',
-                   'HARDWARE POINTS 4',
-                   'SOFTWARE POINTS',
-                   'SOFTWARE POINTS 2',
-                   'SOFTWARE POINTS 4'
-                 ]
-               },
-               {
-                 field_wiring_status: 'not_established',
-                 issues: [],
-                 local_key: '8',
-                 name: 'USAGE YEAR-TO-DATE',
-                 observations: [
-                   {
-                     channel: 'SHOW ON GRAPHIC',
-                     kind: 'attribute',
-                     source: {
-                       bbox_px: [
-                         1532.64,
-                         2100.72,
-                         1698.96,
-                         2142.72
-                       ],
-                       column: 'COL12',
-                       page_id: 'sha256:c62b086bc4b947bc7b87e237c415df1417ec4ebd5a3bf6b15bc7328890859d4d:p2',
-                       sheet_key: 'c62b086bc4b947bc7b87e237c415df1417ec4ebd5a3bf6b15bc7328890859d4d.pdf#2',
-                       source_id: 'sha256:c62b086bc4b947bc7b87e237c415df1417ec4ebd5a3bf6b15bc7328890859d4d',
-                       span_id: null,
-                       text: 'X'
-                     },
-                     status: 'read',
-                     value: 1
-                   },
-                   {
-                     channel: 'TREND',
-                     kind: 'attribute',
-                     source: {
-                       bbox_px: [
-                         1120.08,
-                         2100.72,
-                         1229.76,
-                         2142.72
-                       ],
-                       column: 'SOFTWARE POINTS 3',
-                       page_id: 'sha256:c62b086bc4b947bc7b87e237c415df1417ec4ebd5a3bf6b15bc7328890859d4d:p2',
-                       sheet_key: 'c62b086bc4b947bc7b87e237c415df1417ec4ebd5a3bf6b15bc7328890859d4d.pdf#2',
-                       source_id: 'sha256:c62b086bc4b947bc7b87e237c415df1417ec4ebd5a3bf6b15bc7328890859d4d',
-                       span_id: null,
-                       text: 'X'
-                     },
-                     status: 'read',
-                     value: 1
-                   }
-                 ],
-                 qualifiers: [],
-                 raw: {
-                   cells: {
-                     'SOFTWARE POINTS 3': {
-                       bbox: [
-                         1120.08,
-                         2100.72,
-                         1229.76,
-                         2142.72
-                       ],
-                       text: 'X'
-                     },
-                     COL12: {
-                       bbox: [
-                         1532.64,
-                         2100.72,
-                         1698.96,
-                         2142.72
-                       ],
-                       text: 'X'
-                     },
-                     COL1: {
-                       bbox: [
-                         259.44,
-                         2100.72,
-                         334.56,
-                         2142.72
-                       ],
-                       text: '8'
-                     },
-                     COL2: {
-                       bbox: [
-                         334.56,
-                         2100.72,
-                         679.44,
-                         2142.72
-                       ],
-                       text: 'USAGE YEAR-TO-DATE'
-                     }
-                   },
-                   key: '8'
-                 },
-                 row_id: 'row:b28149f3a685d9857bb62ee85d16acc707039c8d0030370df393423706e64195:1',
-                 status: 'no_typed_requirement',
-                 uninterpreted_columns: [],
-                 unobserved_columns: [
-                   'COL11',
-                   'HARDWARE POINTS',
-                   'HARDWARE POINTS 2',
-                   'HARDWARE POINTS 3',
-                   'HARDWARE POINTS 4',
-                   'SOFTWARE POINTS',
-                   'SOFTWARE POINTS 2',
-                   'SOFTWARE POINTS 4'
-                 ]
-               },
-               {
-                 field_wiring_status: 'not_established',
-                 issues: [],
-                 local_key: '9',
-                 name: 'GAS METER FAILURE',
-                 observations: [
-                   {
-                     channel: 'ALARM',
-                     kind: 'attribute',
-                     source: {
-                       bbox_px: [
-                         1229.76,
-                         2142.72,
-                         1349.52,
-                         2184.72
-                       ],
-                       column: 'SOFTWARE POINTS 4',
-                       page_id: 'sha256:c62b086bc4b947bc7b87e237c415df1417ec4ebd5a3bf6b15bc7328890859d4d:p2',
-                       sheet_key: 'c62b086bc4b947bc7b87e237c415df1417ec4ebd5a3bf6b15bc7328890859d4d.pdf#2',
-                       source_id: 'sha256:c62b086bc4b947bc7b87e237c415df1417ec4ebd5a3bf6b15bc7328890859d4d',
-                       span_id: null,
-                       text: 'X'
-                     },
-                     status: 'read',
-                     value: 1
-                   }
-                 ],
-                 qualifiers: [],
-                 raw: {
-                   cells: {
-                     'SOFTWARE POINTS 4': {
-                       bbox: [
-                         1229.76,
-                         2142.72,
-                         1349.52,
-                         2184.72
-                       ],
-                       text: 'X'
-                     },
-                     COL1: {
-                       bbox: [
-                         259.44,
-                         2142.72,
-                         334.56,
-                         2184.72
-                       ],
-                       text: '9'
-                     },
-                     COL2: {
-                       bbox: [
-                         334.56,
-                         2142.72,
-                         679.44,
-                         2184.72
-                       ],
-                       text: 'GAS METER FAILURE'
-                     }
-                   },
-                   key: '9'
-                 },
-                 row_id: 'row:a45d10b7e45fd151c01cebdd815ae5cc0f8735f67ad320d960686b5857555c1a:1',
-                 status: 'no_typed_requirement',
-                 uninterpreted_columns: [],
-                 unobserved_columns: [
-                   'COL11',
-                   'COL12',
-                   'HARDWARE POINTS',
-                   'HARDWARE POINTS 2',
-                   'HARDWARE POINTS 3',
-                   'HARDWARE POINTS 4',
-                   'SOFTWARE POINTS',
-                   'SOFTWARE POINTS 2',
-                   'SOFTWARE POINTS 3'
-                 ]
-               }
-             ],
-             source_id: 'sha256:c62b086bc4b947bc7b87e237c415df1417ec4ebd5a3bf6b15bc7328890859d4d'
-           },
-           {
-             header_rows: 0,
-             header_sources: [],
-             issues: [],
-             matrix_id: 'matrix:4044db996fe54299ab4b7c6a3149b81f88d5d93ad1c6254348e74a11704f301b',
-             notes: [
-               {
-                 kind: 'controller_provided',
-                 source: {
-                   bbox_px: [
-                     3104.4,
-                     2628,
-                     3754.4,
-                     2656.1
-                   ],
-                   column: null,
-                   page_id: 'sha256:c62b086bc4b947bc7b87e237c415df1417ec4ebd5a3bf6b15bc7328890859d4d:p3',
-                   sheet_key: 'c62b086bc4b947bc7b87e237c415df1417ec4ebd5a3bf6b15bc7328890859d4d.pdf#3',
-                   source_id: 'sha256:c62b086bc4b947bc7b87e237c415df1417ec4ebd5a3bf6b15bc7328890859d4d',
-                   span_id: 'sha256:c62b086bc4b947bc7b87e237c415df1417ec4ebd5a3bf6b15bc7328890859d4d:p3:s226',
-                   text: '* INDICATES POINT PULLED FROM CHILLER CONTROLLER'
-                 },
-                 subject: 'CHILLER CONTROLLER'
-               }
-             ],
-             page_id: 'sha256:c62b086bc4b947bc7b87e237c415df1417ec4ebd5a3bf6b15bc7328890859d4d:p3',
-             quantity_basis: 'listed_matrix_only',
-             raw: {
-               headers: [
-                 'TAG',
-                 'POINT NAME',
-                 'AI',
-                 'AO',
-                 'DI',
-                 'DO',
-                 'ALARM'
-               ],
-               region: [
-                 3054,
-                 1456.08,
-                 4245.14,
-                 2569.68
-               ],
-               rows: [
-                 {
-                   cells: {
-                     'POINT NAME': {
-                       bbox: [
-                         3139.92,
-                         1572.24,
-                         3799.68,
-                         1611.84
-                       ],
-                       text: 'CHILLER 1 STATUS*'
-                     },
-                     DI: {
-                       bbox: [
-                         3971.52,
-                         1572.24,
-                         4057.44,
-                         1611.84
-                       ],
-                       text: 'X'
-                     },
-                     TAG: {
-                       bbox: [
-                         3054,
-                         1572.24,
-                         3139.92,
-                         1611.84
-                       ],
-                       text: '1'
-                     }
-                   },
-                   key: '1'
-                 },
-                 {
-                   cells: {
-                     'POINT NAME': {
-                       bbox: [
-                         3139.92,
-                         1611.84,
-                         3799.68,
-                         1651.44
-                       ],
-                       text: 'CHILLER 1 ENABLE/DISABLE'
-                     },
-                     DO: {
-                       bbox: [
-                         4057.44,
-                         1611.84,
-                         4143.34,
-                         1651.44
-                       ],
-                       text: 'X'
-                     },
-                     TAG: {
-                       bbox: [
-                         3054,
-                         1611.84,
-                         3139.92,
-                         1651.44
-                       ],
-                       text: '2'
-                     }
-                   },
-                   key: '2'
-                 },
-                 {
-                   cells: {
-                     'POINT NAME': {
-                       bbox: [
-                         3139.92,
-                         1651.44,
-                         3799.68,
-                         1690.8
-                       ],
-                       text: 'CHILLER 1 FAILURE*'
-                     },
-                     ALARM: {
-                       bbox: [
-                         4143.34,
-                         1651.44,
-                         4245.14,
-                         1690.8
-                       ],
-                       text: 'X'
-                     },
-                     TAG: {
-                       bbox: [
-                         3054,
-                         1651.44,
-                         3139.92,
-                         1690.8
-                       ],
-                       text: '3'
-                     }
-                   },
-                   key: '3'
-                 },
-                 {
-                   cells: {
-                     'POINT NAME': {
-                       bbox: [
-                         3139.92,
-                         1690.8,
-                         3799.68,
-                         1730.4
-                       ],
-                       text: 'CHILLER 1 LOAD*'
-                     },
-                     AI: {
-                       bbox: [
-                         3799.68,
-                         1690.8,
-                         3885.6,
-                         1730.4
-                       ],
-                       text: 'X'
-                     },
-                     TAG: {
-                       bbox: [
-                         3054,
-                         1690.8,
-                         3139.92,
-                         1730.4
-                       ],
-                       text: '4'
-                     }
-                   },
-                   key: '4'
-                 },
-                 {
-                   cells: {
-                     'POINT NAME': {
-                       bbox: [
-                         3139.92,
-                         1730.4,
-                         3799.68,
-                         1770
-                       ],
-                       text: 'HIGH/LOW CHW PRESSURE DROP ACROSS CHILLER 1'
-                     },
-                     AI: {
-                       bbox: [
-                         3799.68,
-                         1730.4,
-                         3885.6,
-                         1770
-                       ],
-                       text: 'X'
-                     },
-                     ALARM: {
-                       bbox: [
-                         4143.34,
-                         1730.4,
-                         4245.14,
-                         1770
-                       ],
-                       text: 'X'
-                     },
-                     TAG: {
-                       bbox: [
-                         3054,
-                         1730.4,
-                         3139.92,
-                         1770
-                       ],
-                       text: '5'
-                     }
-                   },
-                   key: '5'
-                 },
-                 {
-                   cells: {
-                     'POINT NAME': {
-                       bbox: [
-                         3139.92,
-                         1770,
-                         3799.68,
-                         1809.6
-                       ],
-                       text: 'CHILLER 1 PROOF OF FLOW*'
-                     },
-                     ALARM: {
-                       bbox: [
-                         4143.34,
-                         1770,
-                         4245.14,
-                         1809.6
-                       ],
-                       text: 'X'
-                     },
-                     DI: {
-                       bbox: [
-                         3971.52,
-                         1770,
-                         4057.44,
-                         1809.6
-                       ],
-                       text: 'X'
-                     },
-                     TAG: {
-                       bbox: [
-                         3054,
-                         1770,
-                         3139.92,
-                         1809.6
-                       ],
-                       text: '6'
-                     }
-                   },
-                   key: '6'
-                 },
-                 {
-                   cells: {
-                     'POINT NAME': {
-                       bbox: [
-                         3139.92,
-                         1809.6,
-                         3799.68,
-                         1849.2
-                       ],
-                       text: 'CHILLER 1 LOW CHW FLOW ALARM*'
-                     },
-                     ALARM: {
-                       bbox: [
-                         4143.34,
-                         1809.6,
-                         4245.14,
-                         1849.2
-                       ],
-                       text: 'X'
-                     },
-                     TAG: {
-                       bbox: [
-                         3054,
-                         1809.6,
-                         3139.92,
-                         1849.2
-                       ],
-                       text: '7'
-                     }
-                   },
-                   key: '7'
-                 },
-                 {
-                   cells: {
-                     'POINT NAME': {
-                       bbox: [
-                         3139.92,
-                         1849.2,
-                         3799.68,
-                         1888.56
-                       ],
-                       text: 'CHP 1 STATUS VIA CT'
-                     },
-                     DI: {
-                       bbox: [
-                         3971.52,
-                         1849.2,
-                         4057.44,
-                         1888.56
-                       ],
-                       text: 'X'
-                     },
-                     TAG: {
-                       bbox: [
-                         3054,
-                         1849.2,
-                         3139.92,
-                         1888.56
-                       ],
-                       text: '8'
-                     }
-                   },
-                   key: '8'
-                 },
-                 {
-                   cells: {
-                     'POINT NAME': {
-                       bbox: [
-                         3139.92,
-                         1888.56,
-                         3799.68,
-                         1936.08
-                       ],
-                       text: 'CHP 1 ON/OFF'
-                     },
-                     DO: {
-                       bbox: [
-                         4057.44,
-                         1888.56,
-                         4143.34,
-                         1936.08
-                       ],
-                       text: 'X'
-                     },
-                     TAG: {
-                       bbox: [
-                         3054,
-                         1888.56,
-                         3139.92,
-                         1936.08
-                       ],
-                       text: '9'
-                     }
-                   },
-                   key: '9'
-                 },
-                 {
-                   cells: {
-                     'POINT NAME': {
-                       bbox: [
-                         3139.92,
-                         1936.08,
-                         3799.68,
-                         1975.68
-                       ],
-                       text: 'CHP 1 FAILURE'
-                     },
-                     ALARM: {
-                       bbox: [
-                         4143.34,
-                         1936.08,
-                         4245.14,
-                         1975.68
-                       ],
-                       text: 'X'
-                     },
-                     TAG: {
-                       bbox: [
-                         3054,
-                         1936.08,
-                         3139.92,
-                         1975.68
-                       ],
-                       text: '10'
-                     }
-                   },
-                   key: '10'
-                 },
-                 {
-                   cells: {
-                     'POINT NAME': {
-                       bbox: [
-                         3139.92,
-                         1975.68,
-                         3799.68,
-                         2015.28
-                       ],
-                       text: 'CHP 1 SPEED'
-                     },
-                     AO: {
-                       bbox: [
-                         3885.6,
-                         1975.68,
-                         3971.52,
-                         2015.28
-                       ],
-                       text: 'X'
-                     },
-                     TAG: {
-                       bbox: [
-                         3054,
-                         1975.68,
-                         3139.92,
-                         2015.28
-                       ],
-                       text: '11'
-                     }
-                   },
-                   key: '11'
-                 },
-                 {
-                   cells: {
-                     'POINT NAME': {
-                       bbox: [
-                         3139.92,
-                         2015.28,
-                         3799.68,
-                         2054.64
-                       ],
-                       text: 'CHP 1 ECM FAULT'
-                     },
-                     ALARM: {
-                       bbox: [
-                         4143.34,
-                         2015.28,
-                         4245.14,
-                         2054.64
-                       ],
-                       text: 'X'
-                     },
-                     TAG: {
-                       bbox: [
-                         3054,
-                         2015.28,
-                         3139.92,
-                         2054.64
-                       ],
-                       text: '12'
-                     }
-                   },
-                   key: '12'
-                 },
-                 {
-                   cells: {
-                     'POINT NAME': {
-                       bbox: [
-                         3139.92,
-                         2054.64,
-                         3799.68,
-                         2094.24
-                       ],
-                       text: 'CHP 2 STATUS VIA CT'
-                     },
-                     DI: {
-                       bbox: [
-                         3971.52,
-                         2054.64,
-                         4057.44,
-                         2094.24
-                       ],
-                       text: 'X'
-                     },
-                     TAG: {
-                       bbox: [
-                         3054,
-                         2054.64,
-                         3139.92,
-                         2094.24
-                       ],
-                       text: '13'
-                     }
-                   },
-                   key: '13'
-                 },
-                 {
-                   cells: {
-                     'POINT NAME': {
-                       bbox: [
-                         3139.92,
-                         2094.24,
-                         3799.68,
-                         2133.84
-                       ],
-                       text: 'CHP 2 ON/OFF'
-                     },
-                     DO: {
-                       bbox: [
-                         4057.44,
-                         2094.24,
-                         4143.34,
-                         2133.84
-                       ],
-                       text: 'X'
-                     },
-                     TAG: {
-                       bbox: [
-                         3054,
-                         2094.24,
-                         3139.92,
-                         2133.84
-                       ],
-                       text: '14'
-                     }
-                   },
-                   key: '14'
-                 },
-                 {
-                   cells: {
-                     'POINT NAME': {
-                       bbox: [
-                         3139.92,
-                         2133.84,
-                         3799.68,
-                         2173.44
-                       ],
-                       text: 'CHP 2 FAILURE'
-                     },
-                     ALARM: {
-                       bbox: [
-                         4143.34,
-                         2133.84,
-                         4245.14,
-                         2173.44
-                       ],
-                       text: 'X'
-                     },
-                     TAG: {
-                       bbox: [
-                         3054,
-                         2133.84,
-                         3139.92,
-                         2173.44
-                       ],
-                       text: '15'
-                     }
-                   },
-                   key: '15'
-                 },
-                 {
-                   cells: {
-                     'POINT NAME': {
-                       bbox: [
-                         3139.92,
-                         2173.44,
-                         3799.68,
-                         2212.8
-                       ],
-                       text: 'CHP 2 SPEED'
-                     },
-                     AO: {
-                       bbox: [
-                         3885.6,
-                         2173.44,
-                         3971.52,
-                         2212.8
-                       ],
-                       text: 'X'
-                     },
-                     TAG: {
-                       bbox: [
-                         3054,
-                         2173.44,
-                         3139.92,
-                         2212.8
-                       ],
-                       text: '16'
-                     }
-                   },
-                   key: '16'
-                 },
-                 {
-                   cells: {
-                     'POINT NAME': {
-                       bbox: [
-                         3139.92,
-                         2212.8,
-                         3799.68,
-                         2253.36
-                       ],
-                       text: 'CHP 2 ECM FAULT'
-                     },
-                     ALARM: {
-                       bbox: [
-                         4143.34,
-                         2212.8,
-                         4245.14,
-                         2253.36
-                       ],
-                       text: 'X'
-                     },
-                     TAG: {
-                       bbox: [
-                         3054,
-                         2212.8,
-                         3139.92,
-                         2253.36
-                       ],
-                       text: '17'
-                     }
-                   },
-                   key: '17'
-                 },
-                 {
-                   cells: {
-                     'POINT NAME': {
-                       bbox: [
-                         3139.92,
-                         2253.36,
-                         3799.68,
-                         2292.96
-                       ],
-                       text: 'CHILLED WATER SUPPLY TEMPERATURE*'
-                     },
-                     AI: {
-                       bbox: [
-                         3799.68,
-                         2253.36,
-                         3885.6,
-                         2292.96
-                       ],
-                       text: 'X'
-                     },
-                     TAG: {
-                       bbox: [
-                         3054,
-                         2253.36,
-                         3139.92,
-                         2292.96
-                       ],
-                       text: '18'
-                     }
-                   },
-                   key: '18'
-                 },
-                 {
-                   cells: {
-                     'POINT NAME': {
-                       bbox: [
-                         3139.92,
-                         2292.96,
-                         3799.68,
-                         2332.56
-                       ],
-                       text: 'CHILLER WATER SUPPLY TEMPERATURE SETPOINT'
-                     },
-                     AO: {
-                       bbox: [
-                         3885.6,
-                         2292.96,
-                         3971.52,
-                         2332.56
-                       ],
-                       text: 'X'
-                     },
-                     TAG: {
-                       bbox: [
-                         3054,
-                         2292.96,
-                         3139.92,
-                         2332.56
-                       ],
-                       text: '19'
-                     }
-                   },
-                   key: '19'
-                 },
-                 {
-                   cells: {
-                     'POINT NAME': {
-                       bbox: [
-                         3139.92,
-                         2332.56,
-                         3799.68,
-                         2372.16
-                       ],
-                       text: 'CHILLED WATER RETURN TEMPERATURE*'
-                     },
-                     AI: {
-                       bbox: [
-                         3799.68,
-                         2332.56,
-                         3885.6,
-                         2372.16
-                       ],
-                       text: 'X'
-                     },
-                     TAG: {
-                       bbox: [
-                         3054,
-                         2332.56,
-                         3139.92,
-                         2372.16
-                       ],
-                       text: '20'
-                     }
-                   },
-                   key: '20'
-                 },
-                 {
-                   cells: {
-                     'POINT NAME': {
-                       bbox: [
-                         3139.92,
-                         2372.16,
-                         3799.68,
-                         2411.52
-                       ],
-                       text: 'CHILLED WATER SYSTEM BYPASS VALVE POSITION'
-                     },
-                     AO: {
-                       bbox: [
-                         3885.6,
-                         2372.16,
-                         3971.52,
-                         2411.52
-                       ],
-                       text: 'X'
-                     },
-                     TAG: {
-                       bbox: [
-                         3054,
-                         2372.16,
-                         3139.92,
-                         2411.52
-                       ],
-                       text: '21'
-                     }
-                   },
-                   key: '21'
-                 },
-                 {
-                   cells: {
-                     'POINT NAME': {
-                       bbox: [
-                         3139.92,
-                         2411.52,
-                         3799.68,
-                         2451.12
-                       ],
-                       text: 'OUTSIDE AIR TEMPERATURE (GLOBAL)'
-                     },
-                     AI: {
-                       bbox: [
-                         3799.68,
-                         2411.52,
-                         3885.6,
-                         2451.12
-                       ],
-                       text: 'X'
-                     },
-                     TAG: {
-                       bbox: [
-                         3054,
-                         2411.52,
-                         3139.92,
-                         2451.12
-                       ],
-                       text: '22'
-                     }
-                   },
-                   key: '22'
-                 },
-                 {
-                   cells: {
-                     'POINT NAME': {
-                       bbox: [
-                         3139.92,
-                         2451.12,
-                         3799.68,
-                         2490.72
-                       ],
-                       text: 'EMERGENCY SHUTDOWN (GLOBAL)'
-                     },
-                     ALARM: {
-                       bbox: [
-                         4143.34,
-                         2451.12,
-                         4245.14,
-                         2490.72
-                       ],
-                       text: 'X'
-                     },
-                     DI: {
-                       bbox: [
-                         3971.52,
-                         2451.12,
-                         4057.44,
-                         2490.72
-                       ],
-                       text: 'X'
-                     },
-                     TAG: {
-                       bbox: [
-                         3054,
-                         2451.12,
-                         3139.92,
-                         2490.72
-                       ],
-                       text: '23'
-                     }
-                   },
-                   key: '23'
-                 },
-                 {
-                   cells: {
-                     'POINT NAME': {
-                       bbox: [
-                         3139.92,
-                         2490.72,
-                         3799.68,
-                         2530.32
-                       ],
-                       text: 'CHILLED WATER FLOW RATE (GPM)'
-                     },
-                     AI: {
-                       bbox: [
-                         3799.68,
-                         2490.72,
-                         3885.6,
-                         2530.32
-                       ],
-                       text: 'X'
-                     },
-                     TAG: {
-                       bbox: [
-                         3054,
-                         2490.72,
-                         3139.92,
-                         2530.32
-                       ],
-                       text: '24'
-                     }
-                   },
-                   key: '24'
-                 },
-                 {
-                   cells: {
-                     'POINT NAME': {
-                       bbox: [
-                         3139.92,
-                         2530.32,
-                         3799.68,
-                         2569.68
-                       ],
-                       text: 'FREEZE PROTECTION'
-                     },
-                     ALARM: {
-                       bbox: [
-                         4143.34,
-                         2530.32,
-                         4245.14,
-                         2569.68
-                       ],
-                       text: 'X'
-                     },
-                     TAG: {
-                       bbox: [
-                         3054,
-                         2530.32,
-                         3139.92,
-                         2569.68
-                       ],
-                       text: '25'
-                     }
-                   },
-                   key: '25'
-                 }
-               ],
-               sheet: 'c62b086bc4b947bc7b87e237c415df1417ec4ebd5a3bf6b15bc7328890859d4d.pdf#3',
-               title: {
-                 bbox: [
-                   3054,
-                   1456.08,
-                   4245.14,
-                   1528.08
-                 ],
-                 text: 'BAS INPUT/OUTPUT POINT LIST'
-               }
-             },
-             rows: [
-               {
-                 field_wiring_status: 'not_established',
-                 issues: [],
-                 local_key: '1',
-                 name: 'CHILLER 1 STATUS*',
-                 observations: [
-                   {
-                     channel: 'DI',
-                     kind: 'declared_io',
-                     source: {
-                       bbox_px: [
-                         3971.52,
-                         1572.24,
-                         4057.44,
-                         1611.84
-                       ],
-                       column: 'DI',
-                       page_id: 'sha256:c62b086bc4b947bc7b87e237c415df1417ec4ebd5a3bf6b15bc7328890859d4d:p3',
-                       sheet_key: 'c62b086bc4b947bc7b87e237c415df1417ec4ebd5a3bf6b15bc7328890859d4d.pdf#3',
-                       source_id: 'sha256:c62b086bc4b947bc7b87e237c415df1417ec4ebd5a3bf6b15bc7328890859d4d',
-                       span_id: null,
-                       text: 'X'
-                     },
-                     status: 'read',
-                     value: 1
-                   }
-                 ],
-                 qualifiers: [
-                   {
-                     kind: 'controller_provided',
-                     source: {
-                       bbox_px: [
-                         3104.4,
-                         2628,
-                         3754.4,
-                         2656.1
-                       ],
-                       column: null,
-                       page_id: 'sha256:c62b086bc4b947bc7b87e237c415df1417ec4ebd5a3bf6b15bc7328890859d4d:p3',
-                       sheet_key: 'c62b086bc4b947bc7b87e237c415df1417ec4ebd5a3bf6b15bc7328890859d4d.pdf#3',
-                       source_id: 'sha256:c62b086bc4b947bc7b87e237c415df1417ec4ebd5a3bf6b15bc7328890859d4d',
-                       span_id: 'sha256:c62b086bc4b947bc7b87e237c415df1417ec4ebd5a3bf6b15bc7328890859d4d:p3:s226',
-                       text: '* INDICATES POINT PULLED FROM CHILLER CONTROLLER'
-                     },
-                     subject: 'CHILLER CONTROLLER'
-                   }
-                 ],
-                 raw: {
-                   cells: {
-                     'POINT NAME': {
-                       bbox: [
-                         3139.92,
-                         1572.24,
-                         3799.68,
-                         1611.84
-                       ],
-                       text: 'CHILLER 1 STATUS*'
-                     },
-                     DI: {
-                       bbox: [
-                         3971.52,
-                         1572.24,
-                         4057.44,
-                         1611.84
-                       ],
-                       text: 'X'
-                     },
-                     TAG: {
-                       bbox: [
-                         3054,
-                         1572.24,
-                         3139.92,
-                         1611.84
-                       ],
-                       text: '1'
-                     }
-                   },
-                   key: '1'
-                 },
-                 row_id: 'row:20b61cedee7b968ca15db4861778e1894cd425521ebb1388e94f960f70894580:1',
-                 status: 'interpreted',
-                 uninterpreted_columns: [],
-                 unobserved_columns: [
-                   'AI',
-                   'ALARM',
-                   'AO',
-                   'DO'
-                 ]
-               },
-               {
-                 field_wiring_status: 'not_established',
-                 issues: [],
-                 local_key: '2',
-                 name: 'CHILLER 1 ENABLE/DISABLE',
-                 observations: [
-                   {
-                     channel: 'DO',
-                     kind: 'declared_io',
-                     source: {
-                       bbox_px: [
-                         4057.44,
-                         1611.84,
-                         4143.34,
-                         1651.44
-                       ],
-                       column: 'DO',
-                       page_id: 'sha256:c62b086bc4b947bc7b87e237c415df1417ec4ebd5a3bf6b15bc7328890859d4d:p3',
-                       sheet_key: 'c62b086bc4b947bc7b87e237c415df1417ec4ebd5a3bf6b15bc7328890859d4d.pdf#3',
-                       source_id: 'sha256:c62b086bc4b947bc7b87e237c415df1417ec4ebd5a3bf6b15bc7328890859d4d',
-                       span_id: null,
-                       text: 'X'
-                     },
-                     status: 'read',
-                     value: 1
-                   }
-                 ],
-                 qualifiers: [],
-                 raw: {
-                   cells: {
-                     'POINT NAME': {
-                       bbox: [
-                         3139.92,
-                         1611.84,
-                         3799.68,
-                         1651.44
-                       ],
-                       text: 'CHILLER 1 ENABLE/DISABLE'
-                     },
-                     DO: {
-                       bbox: [
-                         4057.44,
-                         1611.84,
-                         4143.34,
-                         1651.44
-                       ],
-                       text: 'X'
-                     },
-                     TAG: {
-                       bbox: [
-                         3054,
-                         1611.84,
-                         3139.92,
-                         1651.44
-                       ],
-                       text: '2'
-                     }
-                   },
-                   key: '2'
-                 },
-                 row_id: 'row:e9b41017e8567f556e35d7465abcf41c5583b48fe5212b624adf9f0ee9aff7aa:1',
-                 status: 'interpreted',
-                 uninterpreted_columns: [],
-                 unobserved_columns: [
-                   'AI',
-                   'ALARM',
-                   'AO',
-                   'DI'
-                 ]
-               },
-               {
-                 field_wiring_status: 'not_established',
-                 issues: [],
-                 local_key: '3',
-                 name: 'CHILLER 1 FAILURE*',
-                 observations: [
-                   {
-                     channel: 'ALARM',
-                     kind: 'attribute',
-                     source: {
-                       bbox_px: [
-                         4143.34,
-                         1651.44,
-                         4245.14,
-                         1690.8
-                       ],
-                       column: 'ALARM',
-                       page_id: 'sha256:c62b086bc4b947bc7b87e237c415df1417ec4ebd5a3bf6b15bc7328890859d4d:p3',
-                       sheet_key: 'c62b086bc4b947bc7b87e237c415df1417ec4ebd5a3bf6b15bc7328890859d4d.pdf#3',
-                       source_id: 'sha256:c62b086bc4b947bc7b87e237c415df1417ec4ebd5a3bf6b15bc7328890859d4d',
-                       span_id: null,
-                       text: 'X'
-                     },
-                     status: 'read',
-                     value: 1
-                   }
-                 ],
-                 qualifiers: [
-                   {
-                     kind: 'controller_provided',
-                     source: {
-                       bbox_px: [
-                         3104.4,
-                         2628,
-                         3754.4,
-                         2656.1
-                       ],
-                       column: null,
-                       page_id: 'sha256:c62b086bc4b947bc7b87e237c415df1417ec4ebd5a3bf6b15bc7328890859d4d:p3',
-                       sheet_key: 'c62b086bc4b947bc7b87e237c415df1417ec4ebd5a3bf6b15bc7328890859d4d.pdf#3',
-                       source_id: 'sha256:c62b086bc4b947bc7b87e237c415df1417ec4ebd5a3bf6b15bc7328890859d4d',
-                       span_id: 'sha256:c62b086bc4b947bc7b87e237c415df1417ec4ebd5a3bf6b15bc7328890859d4d:p3:s226',
-                       text: '* INDICATES POINT PULLED FROM CHILLER CONTROLLER'
-                     },
-                     subject: 'CHILLER CONTROLLER'
-                   }
-                 ],
-                 raw: {
-                   cells: {
-                     'POINT NAME': {
-                       bbox: [
-                         3139.92,
-                         1651.44,
-                         3799.68,
-                         1690.8
-                       ],
-                       text: 'CHILLER 1 FAILURE*'
-                     },
-                     ALARM: {
-                       bbox: [
-                         4143.34,
-                         1651.44,
-                         4245.14,
-                         1690.8
-                       ],
-                       text: 'X'
-                     },
-                     TAG: {
-                       bbox: [
-                         3054,
-                         1651.44,
-                         3139.92,
-                         1690.8
-                       ],
-                       text: '3'
-                     }
-                   },
-                   key: '3'
-                 },
-                 row_id: 'row:f463877819cba0f5d008f268a5e51e1ab36f53d2ff9dc09d705ea863224c7c97:1',
-                 status: 'no_typed_requirement',
-                 uninterpreted_columns: [],
-                 unobserved_columns: [
-                   'AI',
-                   'AO',
-                   'DI',
-                   'DO'
-                 ]
-               },
-               {
-                 field_wiring_status: 'not_established',
-                 issues: [],
-                 local_key: '4',
-                 name: 'CHILLER 1 LOAD*',
-                 observations: [
-                   {
-                     channel: 'AI',
-                     kind: 'declared_io',
-                     source: {
-                       bbox_px: [
-                         3799.68,
-                         1690.8,
-                         3885.6,
-                         1730.4
-                       ],
-                       column: 'AI',
-                       page_id: 'sha256:c62b086bc4b947bc7b87e237c415df1417ec4ebd5a3bf6b15bc7328890859d4d:p3',
-                       sheet_key: 'c62b086bc4b947bc7b87e237c415df1417ec4ebd5a3bf6b15bc7328890859d4d.pdf#3',
-                       source_id: 'sha256:c62b086bc4b947bc7b87e237c415df1417ec4ebd5a3bf6b15bc7328890859d4d',
-                       span_id: null,
-                       text: 'X'
-                     },
-                     status: 'read',
-                     value: 1
-                   }
-                 ],
-                 qualifiers: [
-                   {
-                     kind: 'controller_provided',
-                     source: {
-                       bbox_px: [
-                         3104.4,
-                         2628,
-                         3754.4,
-                         2656.1
-                       ],
-                       column: null,
-                       page_id: 'sha256:c62b086bc4b947bc7b87e237c415df1417ec4ebd5a3bf6b15bc7328890859d4d:p3',
-                       sheet_key: 'c62b086bc4b947bc7b87e237c415df1417ec4ebd5a3bf6b15bc7328890859d4d.pdf#3',
-                       source_id: 'sha256:c62b086bc4b947bc7b87e237c415df1417ec4ebd5a3bf6b15bc7328890859d4d',
-                       span_id: 'sha256:c62b086bc4b947bc7b87e237c415df1417ec4ebd5a3bf6b15bc7328890859d4d:p3:s226',
-                       text: '* INDICATES POINT PULLED FROM CHILLER CONTROLLER'
-                     },
-                     subject: 'CHILLER CONTROLLER'
-                   }
-                 ],
-                 raw: {
-                   cells: {
-                     'POINT NAME': {
-                       bbox: [
-                         3139.92,
-                         1690.8,
-                         3799.68,
-                         1730.4
-                       ],
-                       text: 'CHILLER 1 LOAD*'
-                     },
-                     AI: {
-                       bbox: [
-                         3799.68,
-                         1690.8,
-                         3885.6,
-                         1730.4
-                       ],
-                       text: 'X'
-                     },
-                     TAG: {
-                       bbox: [
-                         3054,
-                         1690.8,
-                         3139.92,
-                         1730.4
-                       ],
-                       text: '4'
-                     }
-                   },
-                   key: '4'
-                 },
-                 row_id: 'row:cecb758410570bfb1c0c091bc3bb5b218757dfdf2861d3191efbd42c10a5bf79:1',
-                 status: 'interpreted',
-                 uninterpreted_columns: [],
-                 unobserved_columns: [
-                   'ALARM',
-                   'AO',
-                   'DI',
-                   'DO'
-                 ]
-               },
-               {
-                 field_wiring_status: 'not_established',
-                 issues: [],
-                 local_key: '5',
-                 name: 'HIGH/LOW CHW PRESSURE DROP ACROSS CHILLER 1',
-                 observations: [
-                   {
-                     channel: 'AI',
-                     kind: 'declared_io',
-                     source: {
-                       bbox_px: [
-                         3799.68,
-                         1730.4,
-                         3885.6,
-                         1770
-                       ],
-                       column: 'AI',
-                       page_id: 'sha256:c62b086bc4b947bc7b87e237c415df1417ec4ebd5a3bf6b15bc7328890859d4d:p3',
-                       sheet_key: 'c62b086bc4b947bc7b87e237c415df1417ec4ebd5a3bf6b15bc7328890859d4d.pdf#3',
-                       source_id: 'sha256:c62b086bc4b947bc7b87e237c415df1417ec4ebd5a3bf6b15bc7328890859d4d',
-                       span_id: null,
-                       text: 'X'
-                     },
-                     status: 'read',
-                     value: 1
-                   },
-                   {
-                     channel: 'ALARM',
-                     kind: 'attribute',
-                     source: {
-                       bbox_px: [
-                         4143.34,
-                         1730.4,
-                         4245.14,
-                         1770
-                       ],
-                       column: 'ALARM',
-                       page_id: 'sha256:c62b086bc4b947bc7b87e237c415df1417ec4ebd5a3bf6b15bc7328890859d4d:p3',
-                       sheet_key: 'c62b086bc4b947bc7b87e237c415df1417ec4ebd5a3bf6b15bc7328890859d4d.pdf#3',
-                       source_id: 'sha256:c62b086bc4b947bc7b87e237c415df1417ec4ebd5a3bf6b15bc7328890859d4d',
-                       span_id: null,
-                       text: 'X'
-                     },
-                     status: 'read',
-                     value: 1
-                   }
-                 ],
-                 qualifiers: [],
-                 raw: {
-                   cells: {
-                     'POINT NAME': {
-                       bbox: [
-                         3139.92,
-                         1730.4,
-                         3799.68,
-                         1770
-                       ],
-                       text: 'HIGH/LOW CHW PRESSURE DROP ACROSS CHILLER 1'
-                     },
-                     AI: {
-                       bbox: [
-                         3799.68,
-                         1730.4,
-                         3885.6,
-                         1770
-                       ],
-                       text: 'X'
-                     },
-                     ALARM: {
-                       bbox: [
-                         4143.34,
-                         1730.4,
-                         4245.14,
-                         1770
-                       ],
-                       text: 'X'
-                     },
-                     TAG: {
-                       bbox: [
-                         3054,
-                         1730.4,
-                         3139.92,
-                         1770
-                       ],
-                       text: '5'
-                     }
-                   },
-                   key: '5'
-                 },
-                 row_id: 'row:f13c9f0f64be52968d4127794e759f6c4f69e9f460c25e75795c01edacadff20:1',
-                 status: 'interpreted',
-                 uninterpreted_columns: [],
-                 unobserved_columns: [
-                   'AO',
-                   'DI',
-                   'DO'
-                 ]
-               },
-               {
-                 field_wiring_status: 'not_established',
-                 issues: [],
-                 local_key: '6',
-                 name: 'CHILLER 1 PROOF OF FLOW*',
-                 observations: [
-                   {
-                     channel: 'ALARM',
-                     kind: 'attribute',
-                     source: {
-                       bbox_px: [
-                         4143.34,
-                         1770,
-                         4245.14,
-                         1809.6
-                       ],
-                       column: 'ALARM',
-                       page_id: 'sha256:c62b086bc4b947bc7b87e237c415df1417ec4ebd5a3bf6b15bc7328890859d4d:p3',
-                       sheet_key: 'c62b086bc4b947bc7b87e237c415df1417ec4ebd5a3bf6b15bc7328890859d4d.pdf#3',
-                       source_id: 'sha256:c62b086bc4b947bc7b87e237c415df1417ec4ebd5a3bf6b15bc7328890859d4d',
-                       span_id: null,
-                       text: 'X'
-                     },
-                     status: 'read',
-                     value: 1
-                   },
-                   {
-                     channel: 'DI',
-                     kind: 'declared_io',
-                     source: {
-                       bbox_px: [
-                         3971.52,
-                         1770,
-                         4057.44,
-                         1809.6
-                       ],
-                       column: 'DI',
-                       page_id: 'sha256:c62b086bc4b947bc7b87e237c415df1417ec4ebd5a3bf6b15bc7328890859d4d:p3',
-                       sheet_key: 'c62b086bc4b947bc7b87e237c415df1417ec4ebd5a3bf6b15bc7328890859d4d.pdf#3',
-                       source_id: 'sha256:c62b086bc4b947bc7b87e237c415df1417ec4ebd5a3bf6b15bc7328890859d4d',
-                       span_id: null,
-                       text: 'X'
-                     },
-                     status: 'read',
-                     value: 1
-                   }
-                 ],
-                 qualifiers: [
-                   {
-                     kind: 'controller_provided',
-                     source: {
-                       bbox_px: [
-                         3104.4,
-                         2628,
-                         3754.4,
-                         2656.1
-                       ],
-                       column: null,
-                       page_id: 'sha256:c62b086bc4b947bc7b87e237c415df1417ec4ebd5a3bf6b15bc7328890859d4d:p3',
-                       sheet_key: 'c62b086bc4b947bc7b87e237c415df1417ec4ebd5a3bf6b15bc7328890859d4d.pdf#3',
-                       source_id: 'sha256:c62b086bc4b947bc7b87e237c415df1417ec4ebd5a3bf6b15bc7328890859d4d',
-                       span_id: 'sha256:c62b086bc4b947bc7b87e237c415df1417ec4ebd5a3bf6b15bc7328890859d4d:p3:s226',
-                       text: '* INDICATES POINT PULLED FROM CHILLER CONTROLLER'
-                     },
-                     subject: 'CHILLER CONTROLLER'
-                   }
-                 ],
-                 raw: {
-                   cells: {
-                     'POINT NAME': {
-                       bbox: [
-                         3139.92,
-                         1770,
-                         3799.68,
-                         1809.6
-                       ],
-                       text: 'CHILLER 1 PROOF OF FLOW*'
-                     },
-                     ALARM: {
-                       bbox: [
-                         4143.34,
-                         1770,
-                         4245.14,
-                         1809.6
-                       ],
-                       text: 'X'
-                     },
-                     DI: {
-                       bbox: [
-                         3971.52,
-                         1770,
-                         4057.44,
-                         1809.6
-                       ],
-                       text: 'X'
-                     },
-                     TAG: {
-                       bbox: [
-                         3054,
-                         1770,
-                         3139.92,
-                         1809.6
-                       ],
-                       text: '6'
-                     }
-                   },
-                   key: '6'
-                 },
-                 row_id: 'row:5cf76ec344173ac191af3b4d4cd6e1c6d7b1c804ee366f134bbd93a87b5dc2cc:1',
-                 status: 'interpreted',
-                 uninterpreted_columns: [],
-                 unobserved_columns: [
-                   'AI',
-                   'AO',
-                   'DO'
-                 ]
-               },
-               {
-                 field_wiring_status: 'not_established',
-                 issues: [],
-                 local_key: '7',
-                 name: 'CHILLER 1 LOW CHW FLOW ALARM*',
-                 observations: [
-                   {
-                     channel: 'ALARM',
-                     kind: 'attribute',
-                     source: {
-                       bbox_px: [
-                         4143.34,
-                         1809.6,
-                         4245.14,
-                         1849.2
-                       ],
-                       column: 'ALARM',
-                       page_id: 'sha256:c62b086bc4b947bc7b87e237c415df1417ec4ebd5a3bf6b15bc7328890859d4d:p3',
-                       sheet_key: 'c62b086bc4b947bc7b87e237c415df1417ec4ebd5a3bf6b15bc7328890859d4d.pdf#3',
-                       source_id: 'sha256:c62b086bc4b947bc7b87e237c415df1417ec4ebd5a3bf6b15bc7328890859d4d',
-                       span_id: null,
-                       text: 'X'
-                     },
-                     status: 'read',
-                     value: 1
-                   }
-                 ],
-                 qualifiers: [
-                   {
-                     kind: 'controller_provided',
-                     source: {
-                       bbox_px: [
-                         3104.4,
-                         2628,
-                         3754.4,
-                         2656.1
-                       ],
-                       column: null,
-                       page_id: 'sha256:c62b086bc4b947bc7b87e237c415df1417ec4ebd5a3bf6b15bc7328890859d4d:p3',
-                       sheet_key: 'c62b086bc4b947bc7b87e237c415df1417ec4ebd5a3bf6b15bc7328890859d4d.pdf#3',
-                       source_id: 'sha256:c62b086bc4b947bc7b87e237c415df1417ec4ebd5a3bf6b15bc7328890859d4d',
-                       span_id: 'sha256:c62b086bc4b947bc7b87e237c415df1417ec4ebd5a3bf6b15bc7328890859d4d:p3:s226',
-                       text: '* INDICATES POINT PULLED FROM CHILLER CONTROLLER'
-                     },
-                     subject: 'CHILLER CONTROLLER'
-                   }
-                 ],
-                 raw: {
-                   cells: {
-                     'POINT NAME': {
-                       bbox: [
-                         3139.92,
-                         1809.6,
-                         3799.68,
-                         1849.2
-                       ],
-                       text: 'CHILLER 1 LOW CHW FLOW ALARM*'
-                     },
-                     ALARM: {
-                       bbox: [
-                         4143.34,
-                         1809.6,
-                         4245.14,
-                         1849.2
-                       ],
-                       text: 'X'
-                     },
-                     TAG: {
-                       bbox: [
-                         3054,
-                         1809.6,
-                         3139.92,
-                         1849.2
-                       ],
-                       text: '7'
-                     }
-                   },
-                   key: '7'
-                 },
-                 row_id: 'row:1506e4d7ed4549099c5b835b612b21d3a2c5bfbe74535e5fb8c94dcb88c96bd1:1',
-                 status: 'no_typed_requirement',
-                 uninterpreted_columns: [],
-                 unobserved_columns: [
-                   'AI',
-                   'AO',
-                   'DI',
-                   'DO'
-                 ]
-               },
-               {
-                 field_wiring_status: 'not_established',
-                 issues: [],
-                 local_key: '8',
-                 name: 'CHP 1 STATUS VIA CT',
-                 observations: [
-                   {
-                     channel: 'DI',
-                     kind: 'declared_io',
-                     source: {
-                       bbox_px: [
-                         3971.52,
-                         1849.2,
-                         4057.44,
-                         1888.56
-                       ],
-                       column: 'DI',
-                       page_id: 'sha256:c62b086bc4b947bc7b87e237c415df1417ec4ebd5a3bf6b15bc7328890859d4d:p3',
-                       sheet_key: 'c62b086bc4b947bc7b87e237c415df1417ec4ebd5a3bf6b15bc7328890859d4d.pdf#3',
-                       source_id: 'sha256:c62b086bc4b947bc7b87e237c415df1417ec4ebd5a3bf6b15bc7328890859d4d',
-                       span_id: null,
-                       text: 'X'
-                     },
-                     status: 'read',
-                     value: 1
-                   }
-                 ],
-                 qualifiers: [],
-                 raw: {
-                   cells: {
-                     'POINT NAME': {
-                       bbox: [
-                         3139.92,
-                         1849.2,
-                         3799.68,
-                         1888.56
-                       ],
-                       text: 'CHP 1 STATUS VIA CT'
-                     },
-                     DI: {
-                       bbox: [
-                         3971.52,
-                         1849.2,
-                         4057.44,
-                         1888.56
-                       ],
-                       text: 'X'
-                     },
-                     TAG: {
-                       bbox: [
-                         3054,
-                         1849.2,
-                         3139.92,
-                         1888.56
-                       ],
-                       text: '8'
-                     }
-                   },
-                   key: '8'
-                 },
-                 row_id: 'row:3846fa8882cbb61c95775738b0fe2ae30cea790914426110fc73c1c6168ea80f:1',
-                 status: 'interpreted',
-                 uninterpreted_columns: [],
-                 unobserved_columns: [
-                   'AI',
-                   'ALARM',
-                   'AO',
-                   'DO'
-                 ]
-               },
-               {
-                 field_wiring_status: 'not_established',
-                 issues: [],
-                 local_key: '9',
-                 name: 'CHP 1 ON/OFF',
-                 observations: [
-                   {
-                     channel: 'DO',
-                     kind: 'declared_io',
-                     source: {
-                       bbox_px: [
-                         4057.44,
-                         1888.56,
-                         4143.34,
-                         1936.08
-                       ],
-                       column: 'DO',
-                       page_id: 'sha256:c62b086bc4b947bc7b87e237c415df1417ec4ebd5a3bf6b15bc7328890859d4d:p3',
-                       sheet_key: 'c62b086bc4b947bc7b87e237c415df1417ec4ebd5a3bf6b15bc7328890859d4d.pdf#3',
-                       source_id: 'sha256:c62b086bc4b947bc7b87e237c415df1417ec4ebd5a3bf6b15bc7328890859d4d',
-                       span_id: null,
-                       text: 'X'
-                     },
-                     status: 'read',
-                     value: 1
-                   }
-                 ],
-                 qualifiers: [],
-                 raw: {
-                   cells: {
-                     'POINT NAME': {
-                       bbox: [
-                         3139.92,
-                         1888.56,
-                         3799.68,
-                         1936.08
-                       ],
-                       text: 'CHP 1 ON/OFF'
-                     },
-                     DO: {
-                       bbox: [
-                         4057.44,
-                         1888.56,
-                         4143.34,
-                         1936.08
-                       ],
-                       text: 'X'
-                     },
-                     TAG: {
-                       bbox: [
-                         3054,
-                         1888.56,
-                         3139.92,
-                         1936.08
-                       ],
-                       text: '9'
-                     }
-                   },
-                   key: '9'
-                 },
-                 row_id: 'row:45d723573fc0378c0b9a03914ec9c1d6b1c3d38e9b490b3b653f7a494fbbdc76:1',
-                 status: 'interpreted',
-                 uninterpreted_columns: [],
-                 unobserved_columns: [
-                   'AI',
-                   'ALARM',
-                   'AO',
-                   'DI'
-                 ]
-               },
-               {
-                 field_wiring_status: 'not_established',
-                 issues: [],
-                 local_key: '10',
-                 name: 'CHP 1 FAILURE',
-                 observations: [
-                   {
-                     channel: 'ALARM',
-                     kind: 'attribute',
-                     source: {
-                       bbox_px: [
-                         4143.34,
-                         1936.08,
-                         4245.14,
-                         1975.68
-                       ],
-                       column: 'ALARM',
-                       page_id: 'sha256:c62b086bc4b947bc7b87e237c415df1417ec4ebd5a3bf6b15bc7328890859d4d:p3',
-                       sheet_key: 'c62b086bc4b947bc7b87e237c415df1417ec4ebd5a3bf6b15bc7328890859d4d.pdf#3',
-                       source_id: 'sha256:c62b086bc4b947bc7b87e237c415df1417ec4ebd5a3bf6b15bc7328890859d4d',
-                       span_id: null,
-                       text: 'X'
-                     },
-                     status: 'read',
-                     value: 1
-                   }
-                 ],
-                 qualifiers: [],
-                 raw: {
-                   cells: {
-                     'POINT NAME': {
-                       bbox: [
-                         3139.92,
-                         1936.08,
-                         3799.68,
-                         1975.68
-                       ],
-                       text: 'CHP 1 FAILURE'
-                     },
-                     ALARM: {
-                       bbox: [
-                         4143.34,
-                         1936.08,
-                         4245.14,
-                         1975.68
-                       ],
-                       text: 'X'
-                     },
-                     TAG: {
-                       bbox: [
-                         3054,
-                         1936.08,
-                         3139.92,
-                         1975.68
-                       ],
-                       text: '10'
-                     }
-                   },
-                   key: '10'
-                 },
-                 row_id: 'row:5a9c2c726e4bf86df8ae7111020282208ab41bf9d8e9556c4b513bd6973feda4:1',
-                 status: 'no_typed_requirement',
-                 uninterpreted_columns: [],
-                 unobserved_columns: [
-                   'AI',
-                   'AO',
-                   'DI',
-                   'DO'
-                 ]
-               },
-               {
-                 field_wiring_status: 'not_established',
-                 issues: [],
-                 local_key: '11',
-                 name: 'CHP 1 SPEED',
-                 observations: [
-                   {
-                     channel: 'AO',
-                     kind: 'declared_io',
-                     source: {
-                       bbox_px: [
-                         3885.6,
-                         1975.68,
-                         3971.52,
-                         2015.28
-                       ],
-                       column: 'AO',
-                       page_id: 'sha256:c62b086bc4b947bc7b87e237c415df1417ec4ebd5a3bf6b15bc7328890859d4d:p3',
-                       sheet_key: 'c62b086bc4b947bc7b87e237c415df1417ec4ebd5a3bf6b15bc7328890859d4d.pdf#3',
-                       source_id: 'sha256:c62b086bc4b947bc7b87e237c415df1417ec4ebd5a3bf6b15bc7328890859d4d',
-                       span_id: null,
-                       text: 'X'
-                     },
-                     status: 'read',
-                     value: 1
-                   }
-                 ],
-                 qualifiers: [],
-                 raw: {
-                   cells: {
-                     'POINT NAME': {
-                       bbox: [
-                         3139.92,
-                         1975.68,
-                         3799.68,
-                         2015.28
-                       ],
-                       text: 'CHP 1 SPEED'
-                     },
-                     AO: {
-                       bbox: [
-                         3885.6,
-                         1975.68,
-                         3971.52,
-                         2015.28
-                       ],
-                       text: 'X'
-                     },
-                     TAG: {
-                       bbox: [
-                         3054,
-                         1975.68,
-                         3139.92,
-                         2015.28
-                       ],
-                       text: '11'
-                     }
-                   },
-                   key: '11'
-                 },
-                 row_id: 'row:efdb905bd91c54accb5e61398b90585a17f720c9c578c76e178b7eaff026508c:1',
-                 status: 'interpreted',
-                 uninterpreted_columns: [],
-                 unobserved_columns: [
-                   'AI',
-                   'ALARM',
-                   'DI',
-                   'DO'
-                 ]
-               },
-               {
-                 field_wiring_status: 'not_established',
-                 issues: [],
-                 local_key: '12',
-                 name: 'CHP 1 ECM FAULT',
-                 observations: [
-                   {
-                     channel: 'ALARM',
-                     kind: 'attribute',
-                     source: {
-                       bbox_px: [
-                         4143.34,
-                         2015.28,
-                         4245.14,
-                         2054.64
-                       ],
-                       column: 'ALARM',
-                       page_id: 'sha256:c62b086bc4b947bc7b87e237c415df1417ec4ebd5a3bf6b15bc7328890859d4d:p3',
-                       sheet_key: 'c62b086bc4b947bc7b87e237c415df1417ec4ebd5a3bf6b15bc7328890859d4d.pdf#3',
-                       source_id: 'sha256:c62b086bc4b947bc7b87e237c415df1417ec4ebd5a3bf6b15bc7328890859d4d',
-                       span_id: null,
-                       text: 'X'
-                     },
-                     status: 'read',
-                     value: 1
-                   }
-                 ],
-                 qualifiers: [],
-                 raw: {
-                   cells: {
-                     'POINT NAME': {
-                       bbox: [
-                         3139.92,
-                         2015.28,
-                         3799.68,
-                         2054.64
-                       ],
-                       text: 'CHP 1 ECM FAULT'
-                     },
-                     ALARM: {
-                       bbox: [
-                         4143.34,
-                         2015.28,
-                         4245.14,
-                         2054.64
-                       ],
-                       text: 'X'
-                     },
-                     TAG: {
-                       bbox: [
-                         3054,
-                         2015.28,
-                         3139.92,
-                         2054.64
-                       ],
-                       text: '12'
-                     }
-                   },
-                   key: '12'
-                 },
-                 row_id: 'row:5bf8c74619cf50e1d6fd75746a9611e9a5836f7aa2a9a795c9934a67fe7a6df1:1',
-                 status: 'no_typed_requirement',
-                 uninterpreted_columns: [],
-                 unobserved_columns: [
-                   'AI',
-                   'AO',
-                   'DI',
-                   'DO'
-                 ]
-               },
-               {
-                 field_wiring_status: 'not_established',
-                 issues: [],
-                 local_key: '13',
-                 name: 'CHP 2 STATUS VIA CT',
-                 observations: [
-                   {
-                     channel: 'DI',
-                     kind: 'declared_io',
-                     source: {
-                       bbox_px: [
-                         3971.52,
-                         2054.64,
-                         4057.44,
-                         2094.24
-                       ],
-                       column: 'DI',
-                       page_id: 'sha256:c62b086bc4b947bc7b87e237c415df1417ec4ebd5a3bf6b15bc7328890859d4d:p3',
-                       sheet_key: 'c62b086bc4b947bc7b87e237c415df1417ec4ebd5a3bf6b15bc7328890859d4d.pdf#3',
-                       source_id: 'sha256:c62b086bc4b947bc7b87e237c415df1417ec4ebd5a3bf6b15bc7328890859d4d',
-                       span_id: null,
-                       text: 'X'
-                     },
-                     status: 'read',
-                     value: 1
-                   }
-                 ],
-                 qualifiers: [],
-                 raw: {
-                   cells: {
-                     'POINT NAME': {
-                       bbox: [
-                         3139.92,
-                         2054.64,
-                         3799.68,
-                         2094.24
-                       ],
-                       text: 'CHP 2 STATUS VIA CT'
-                     },
-                     DI: {
-                       bbox: [
-                         3971.52,
-                         2054.64,
-                         4057.44,
-                         2094.24
-                       ],
-                       text: 'X'
-                     },
-                     TAG: {
-                       bbox: [
-                         3054,
-                         2054.64,
-                         3139.92,
-                         2094.24
-                       ],
-                       text: '13'
-                     }
-                   },
-                   key: '13'
-                 },
-                 row_id: 'row:20596b167069b373558af1a9982be43f691c6ee1f5de7faaabffee0d80df5d7d:1',
-                 status: 'interpreted',
-                 uninterpreted_columns: [],
-                 unobserved_columns: [
-                   'AI',
-                   'ALARM',
-                   'AO',
-                   'DO'
-                 ]
-               },
-               {
-                 field_wiring_status: 'not_established',
-                 issues: [],
-                 local_key: '14',
-                 name: 'CHP 2 ON/OFF',
-                 observations: [
-                   {
-                     channel: 'DO',
-                     kind: 'declared_io',
-                     source: {
-                       bbox_px: [
-                         4057.44,
-                         2094.24,
-                         4143.34,
-                         2133.84
-                       ],
-                       column: 'DO',
-                       page_id: 'sha256:c62b086bc4b947bc7b87e237c415df1417ec4ebd5a3bf6b15bc7328890859d4d:p3',
-                       sheet_key: 'c62b086bc4b947bc7b87e237c415df1417ec4ebd5a3bf6b15bc7328890859d4d.pdf#3',
-                       source_id: 'sha256:c62b086bc4b947bc7b87e237c415df1417ec4ebd5a3bf6b15bc7328890859d4d',
-                       span_id: null,
-                       text: 'X'
-                     },
-                     status: 'read',
-                     value: 1
-                   }
-                 ],
-                 qualifiers: [],
-                 raw: {
-                   cells: {
-                     'POINT NAME': {
-                       bbox: [
-                         3139.92,
-                         2094.24,
-                         3799.68,
-                         2133.84
-                       ],
-                       text: 'CHP 2 ON/OFF'
-                     },
-                     DO: {
-                       bbox: [
-                         4057.44,
-                         2094.24,
-                         4143.34,
-                         2133.84
-                       ],
-                       text: 'X'
-                     },
-                     TAG: {
-                       bbox: [
-                         3054,
-                         2094.24,
-                         3139.92,
-                         2133.84
-                       ],
-                       text: '14'
-                     }
-                   },
-                   key: '14'
-                 },
-                 row_id: 'row:378a44fba084a7ff91285883ffa839096e41cd8cea2cd09cdb5cf6f452549b06:1',
-                 status: 'interpreted',
-                 uninterpreted_columns: [],
-                 unobserved_columns: [
-                   'AI',
-                   'ALARM',
-                   'AO',
-                   'DI'
-                 ]
-               },
-               {
-                 field_wiring_status: 'not_established',
-                 issues: [],
-                 local_key: '15',
-                 name: 'CHP 2 FAILURE',
-                 observations: [
-                   {
-                     channel: 'ALARM',
-                     kind: 'attribute',
-                     source: {
-                       bbox_px: [
-                         4143.34,
-                         2133.84,
-                         4245.14,
-                         2173.44
-                       ],
-                       column: 'ALARM',
-                       page_id: 'sha256:c62b086bc4b947bc7b87e237c415df1417ec4ebd5a3bf6b15bc7328890859d4d:p3',
-                       sheet_key: 'c62b086bc4b947bc7b87e237c415df1417ec4ebd5a3bf6b15bc7328890859d4d.pdf#3',
-                       source_id: 'sha256:c62b086bc4b947bc7b87e237c415df1417ec4ebd5a3bf6b15bc7328890859d4d',
-                       span_id: null,
-                       text: 'X'
-                     },
-                     status: 'read',
-                     value: 1
-                   }
-                 ],
-                 qualifiers: [],
-                 raw: {
-                   cells: {
-                     'POINT NAME': {
-                       bbox: [
-                         3139.92,
-                         2133.84,
-                         3799.68,
-                         2173.44
-                       ],
-                       text: 'CHP 2 FAILURE'
-                     },
-                     ALARM: {
-                       bbox: [
-                         4143.34,
-                         2133.84,
-                         4245.14,
-                         2173.44
-                       ],
-                       text: 'X'
-                     },
-                     TAG: {
-                       bbox: [
-                         3054,
-                         2133.84,
-                         3139.92,
-                         2173.44
-                       ],
-                       text: '15'
-                     }
-                   },
-                   key: '15'
-                 },
-                 row_id: 'row:1d93f1fc44f7dad97ffdcf0f0a0c94a7d74f06483b7a9840ecc8f49a3b95450b:1',
-                 status: 'no_typed_requirement',
-                 uninterpreted_columns: [],
-                 unobserved_columns: [
-                   'AI',
-                   'AO',
-                   'DI',
-                   'DO'
-                 ]
-               },
-               {
-                 field_wiring_status: 'not_established',
-                 issues: [],
-                 local_key: '16',
-                 name: 'CHP 2 SPEED',
-                 observations: [
-                   {
-                     channel: 'AO',
-                     kind: 'declared_io',
-                     source: {
-                       bbox_px: [
-                         3885.6,
-                         2173.44,
-                         3971.52,
-                         2212.8
-                       ],
-                       column: 'AO',
-                       page_id: 'sha256:c62b086bc4b947bc7b87e237c415df1417ec4ebd5a3bf6b15bc7328890859d4d:p3',
-                       sheet_key: 'c62b086bc4b947bc7b87e237c415df1417ec4ebd5a3bf6b15bc7328890859d4d.pdf#3',
-                       source_id: 'sha256:c62b086bc4b947bc7b87e237c415df1417ec4ebd5a3bf6b15bc7328890859d4d',
-                       span_id: null,
-                       text: 'X'
-                     },
-                     status: 'read',
-                     value: 1
-                   }
-                 ],
-                 qualifiers: [],
-                 raw: {
-                   cells: {
-                     'POINT NAME': {
-                       bbox: [
-                         3139.92,
-                         2173.44,
-                         3799.68,
-                         2212.8
-                       ],
-                       text: 'CHP 2 SPEED'
-                     },
-                     AO: {
-                       bbox: [
-                         3885.6,
-                         2173.44,
-                         3971.52,
-                         2212.8
-                       ],
-                       text: 'X'
-                     },
-                     TAG: {
-                       bbox: [
-                         3054,
-                         2173.44,
-                         3139.92,
-                         2212.8
-                       ],
-                       text: '16'
-                     }
-                   },
-                   key: '16'
-                 },
-                 row_id: 'row:6c10112d05d9014cfe6a8d1989b9442ca51827e1419c89bcc5d991a3cb06d07b:1',
-                 status: 'interpreted',
-                 uninterpreted_columns: [],
-                 unobserved_columns: [
-                   'AI',
-                   'ALARM',
-                   'DI',
-                   'DO'
-                 ]
-               },
-               {
-                 field_wiring_status: 'not_established',
-                 issues: [],
-                 local_key: '17',
-                 name: 'CHP 2 ECM FAULT',
-                 observations: [
-                   {
-                     channel: 'ALARM',
-                     kind: 'attribute',
-                     source: {
-                       bbox_px: [
-                         4143.34,
-                         2212.8,
-                         4245.14,
-                         2253.36
-                       ],
-                       column: 'ALARM',
-                       page_id: 'sha256:c62b086bc4b947bc7b87e237c415df1417ec4ebd5a3bf6b15bc7328890859d4d:p3',
-                       sheet_key: 'c62b086bc4b947bc7b87e237c415df1417ec4ebd5a3bf6b15bc7328890859d4d.pdf#3',
-                       source_id: 'sha256:c62b086bc4b947bc7b87e237c415df1417ec4ebd5a3bf6b15bc7328890859d4d',
-                       span_id: null,
-                       text: 'X'
-                     },
-                     status: 'read',
-                     value: 1
-                   }
-                 ],
-                 qualifiers: [],
-                 raw: {
-                   cells: {
-                     'POINT NAME': {
-                       bbox: [
-                         3139.92,
-                         2212.8,
-                         3799.68,
-                         2253.36
-                       ],
-                       text: 'CHP 2 ECM FAULT'
-                     },
-                     ALARM: {
-                       bbox: [
-                         4143.34,
-                         2212.8,
-                         4245.14,
-                         2253.36
-                       ],
-                       text: 'X'
-                     },
-                     TAG: {
-                       bbox: [
-                         3054,
-                         2212.8,
-                         3139.92,
-                         2253.36
-                       ],
-                       text: '17'
-                     }
-                   },
-                   key: '17'
-                 },
-                 row_id: 'row:a5d0d64679f243a39aaa27b55b6db5bc21e70e8148d5eb0f5bca0f820cc8f06f:1',
-                 status: 'no_typed_requirement',
-                 uninterpreted_columns: [],
-                 unobserved_columns: [
-                   'AI',
-                   'AO',
-                   'DI',
-                   'DO'
-                 ]
-               },
-               {
-                 field_wiring_status: 'not_established',
-                 issues: [],
-                 local_key: '18',
-                 name: 'CHILLED WATER SUPPLY TEMPERATURE*',
-                 observations: [
-                   {
-                     channel: 'AI',
-                     kind: 'declared_io',
-                     source: {
-                       bbox_px: [
-                         3799.68,
-                         2253.36,
-                         3885.6,
-                         2292.96
-                       ],
-                       column: 'AI',
-                       page_id: 'sha256:c62b086bc4b947bc7b87e237c415df1417ec4ebd5a3bf6b15bc7328890859d4d:p3',
-                       sheet_key: 'c62b086bc4b947bc7b87e237c415df1417ec4ebd5a3bf6b15bc7328890859d4d.pdf#3',
-                       source_id: 'sha256:c62b086bc4b947bc7b87e237c415df1417ec4ebd5a3bf6b15bc7328890859d4d',
-                       span_id: null,
-                       text: 'X'
-                     },
-                     status: 'read',
-                     value: 1
-                   }
-                 ],
-                 qualifiers: [
-                   {
-                     kind: 'controller_provided',
-                     source: {
-                       bbox_px: [
-                         3104.4,
-                         2628,
-                         3754.4,
-                         2656.1
-                       ],
-                       column: null,
-                       page_id: 'sha256:c62b086bc4b947bc7b87e237c415df1417ec4ebd5a3bf6b15bc7328890859d4d:p3',
-                       sheet_key: 'c62b086bc4b947bc7b87e237c415df1417ec4ebd5a3bf6b15bc7328890859d4d.pdf#3',
-                       source_id: 'sha256:c62b086bc4b947bc7b87e237c415df1417ec4ebd5a3bf6b15bc7328890859d4d',
-                       span_id: 'sha256:c62b086bc4b947bc7b87e237c415df1417ec4ebd5a3bf6b15bc7328890859d4d:p3:s226',
-                       text: '* INDICATES POINT PULLED FROM CHILLER CONTROLLER'
-                     },
-                     subject: 'CHILLER CONTROLLER'
-                   }
-                 ],
-                 raw: {
-                   cells: {
-                     'POINT NAME': {
-                       bbox: [
-                         3139.92,
-                         2253.36,
-                         3799.68,
-                         2292.96
-                       ],
-                       text: 'CHILLED WATER SUPPLY TEMPERATURE*'
-                     },
-                     AI: {
-                       bbox: [
-                         3799.68,
-                         2253.36,
-                         3885.6,
-                         2292.96
-                       ],
-                       text: 'X'
-                     },
-                     TAG: {
-                       bbox: [
-                         3054,
-                         2253.36,
-                         3139.92,
-                         2292.96
-                       ],
-                       text: '18'
-                     }
-                   },
-                   key: '18'
-                 },
-                 row_id: 'row:821a1286da9677c2b9fdc4b54eeb5f06e936fe1da55a1fcc82055e2bc1b25c16:1',
-                 status: 'interpreted',
-                 uninterpreted_columns: [],
-                 unobserved_columns: [
-                   'ALARM',
-                   'AO',
-                   'DI',
-                   'DO'
-                 ]
-               },
-               {
-                 field_wiring_status: 'not_established',
-                 issues: [],
-                 local_key: '19',
-                 name: 'CHILLER WATER SUPPLY TEMPERATURE SETPOINT',
-                 observations: [
-                   {
-                     channel: 'AO',
-                     kind: 'declared_io',
-                     source: {
-                       bbox_px: [
-                         3885.6,
-                         2292.96,
-                         3971.52,
-                         2332.56
-                       ],
-                       column: 'AO',
-                       page_id: 'sha256:c62b086bc4b947bc7b87e237c415df1417ec4ebd5a3bf6b15bc7328890859d4d:p3',
-                       sheet_key: 'c62b086bc4b947bc7b87e237c415df1417ec4ebd5a3bf6b15bc7328890859d4d.pdf#3',
-                       source_id: 'sha256:c62b086bc4b947bc7b87e237c415df1417ec4ebd5a3bf6b15bc7328890859d4d',
-                       span_id: null,
-                       text: 'X'
-                     },
-                     status: 'read',
-                     value: 1
-                   }
-                 ],
-                 qualifiers: [],
-                 raw: {
-                   cells: {
-                     'POINT NAME': {
-                       bbox: [
-                         3139.92,
-                         2292.96,
-                         3799.68,
-                         2332.56
-                       ],
-                       text: 'CHILLER WATER SUPPLY TEMPERATURE SETPOINT'
-                     },
-                     AO: {
-                       bbox: [
-                         3885.6,
-                         2292.96,
-                         3971.52,
-                         2332.56
-                       ],
-                       text: 'X'
-                     },
-                     TAG: {
-                       bbox: [
-                         3054,
-                         2292.96,
-                         3139.92,
-                         2332.56
-                       ],
-                       text: '19'
-                     }
-                   },
-                   key: '19'
-                 },
-                 row_id: 'row:540d503da699db1e1e2fbc022fbb5b5cf5c0a4dc1df4dbf7102cbda2873a9420:1',
-                 status: 'interpreted',
-                 uninterpreted_columns: [],
-                 unobserved_columns: [
-                   'AI',
-                   'ALARM',
-                   'DI',
-                   'DO'
-                 ]
-               },
-               {
-                 field_wiring_status: 'not_established',
-                 issues: [],
-                 local_key: '20',
-                 name: 'CHILLED WATER RETURN TEMPERATURE*',
-                 observations: [
-                   {
-                     channel: 'AI',
-                     kind: 'declared_io',
-                     source: {
-                       bbox_px: [
-                         3799.68,
-                         2332.56,
-                         3885.6,
-                         2372.16
-                       ],
-                       column: 'AI',
-                       page_id: 'sha256:c62b086bc4b947bc7b87e237c415df1417ec4ebd5a3bf6b15bc7328890859d4d:p3',
-                       sheet_key: 'c62b086bc4b947bc7b87e237c415df1417ec4ebd5a3bf6b15bc7328890859d4d.pdf#3',
-                       source_id: 'sha256:c62b086bc4b947bc7b87e237c415df1417ec4ebd5a3bf6b15bc7328890859d4d',
-                       span_id: null,
-                       text: 'X'
-                     },
-                     status: 'read',
-                     value: 1
-                   }
-                 ],
-                 qualifiers: [
-                   {
-                     kind: 'controller_provided',
-                     source: {
-                       bbox_px: [
-                         3104.4,
-                         2628,
-                         3754.4,
-                         2656.1
-                       ],
-                       column: null,
-                       page_id: 'sha256:c62b086bc4b947bc7b87e237c415df1417ec4ebd5a3bf6b15bc7328890859d4d:p3',
-                       sheet_key: 'c62b086bc4b947bc7b87e237c415df1417ec4ebd5a3bf6b15bc7328890859d4d.pdf#3',
-                       source_id: 'sha256:c62b086bc4b947bc7b87e237c415df1417ec4ebd5a3bf6b15bc7328890859d4d',
-                       span_id: 'sha256:c62b086bc4b947bc7b87e237c415df1417ec4ebd5a3bf6b15bc7328890859d4d:p3:s226',
-                       text: '* INDICATES POINT PULLED FROM CHILLER CONTROLLER'
-                     },
-                     subject: 'CHILLER CONTROLLER'
-                   }
-                 ],
-                 raw: {
-                   cells: {
-                     'POINT NAME': {
-                       bbox: [
-                         3139.92,
-                         2332.56,
-                         3799.68,
-                         2372.16
-                       ],
-                       text: 'CHILLED WATER RETURN TEMPERATURE*'
-                     },
-                     AI: {
-                       bbox: [
-                         3799.68,
-                         2332.56,
-                         3885.6,
-                         2372.16
-                       ],
-                       text: 'X'
-                     },
-                     TAG: {
-                       bbox: [
-                         3054,
-                         2332.56,
-                         3139.92,
-                         2372.16
-                       ],
-                       text: '20'
-                     }
-                   },
-                   key: '20'
-                 },
-                 row_id: 'row:6a6de038c6008a29e03f6c5b841d45da40187cdbbd4f3e42f080a3ff965b167a:1',
-                 status: 'interpreted',
-                 uninterpreted_columns: [],
-                 unobserved_columns: [
-                   'ALARM',
-                   'AO',
-                   'DI',
-                   'DO'
-                 ]
-               },
-               {
-                 field_wiring_status: 'not_established',
-                 issues: [],
-                 local_key: '21',
-                 name: 'CHILLED WATER SYSTEM BYPASS VALVE POSITION',
-                 observations: [
-                   {
-                     channel: 'AO',
-                     kind: 'declared_io',
-                     source: {
-                       bbox_px: [
-                         3885.6,
-                         2372.16,
-                         3971.52,
-                         2411.52
-                       ],
-                       column: 'AO',
-                       page_id: 'sha256:c62b086bc4b947bc7b87e237c415df1417ec4ebd5a3bf6b15bc7328890859d4d:p3',
-                       sheet_key: 'c62b086bc4b947bc7b87e237c415df1417ec4ebd5a3bf6b15bc7328890859d4d.pdf#3',
-                       source_id: 'sha256:c62b086bc4b947bc7b87e237c415df1417ec4ebd5a3bf6b15bc7328890859d4d',
-                       span_id: null,
-                       text: 'X'
-                     },
-                     status: 'read',
-                     value: 1
-                   }
-                 ],
-                 qualifiers: [],
-                 raw: {
-                   cells: {
-                     'POINT NAME': {
-                       bbox: [
-                         3139.92,
-                         2372.16,
-                         3799.68,
-                         2411.52
-                       ],
-                       text: 'CHILLED WATER SYSTEM BYPASS VALVE POSITION'
-                     },
-                     AO: {
-                       bbox: [
-                         3885.6,
-                         2372.16,
-                         3971.52,
-                         2411.52
-                       ],
-                       text: 'X'
-                     },
-                     TAG: {
-                       bbox: [
-                         3054,
-                         2372.16,
-                         3139.92,
-                         2411.52
-                       ],
-                       text: '21'
-                     }
-                   },
-                   key: '21'
-                 },
-                 row_id: 'row:c203d794f3d2795dcc8fcdaaf541a5586976da93d1dc066eb8a1b6e7462db0c2:1',
-                 status: 'interpreted',
-                 uninterpreted_columns: [],
-                 unobserved_columns: [
-                   'AI',
-                   'ALARM',
-                   'DI',
-                   'DO'
-                 ]
-               },
-               {
-                 field_wiring_status: 'not_established',
-                 issues: [],
-                 local_key: '22',
-                 name: 'OUTSIDE AIR TEMPERATURE (GLOBAL)',
-                 observations: [
-                   {
-                     channel: 'AI',
-                     kind: 'declared_io',
-                     source: {
-                       bbox_px: [
-                         3799.68,
-                         2411.52,
-                         3885.6,
-                         2451.12
-                       ],
-                       column: 'AI',
-                       page_id: 'sha256:c62b086bc4b947bc7b87e237c415df1417ec4ebd5a3bf6b15bc7328890859d4d:p3',
-                       sheet_key: 'c62b086bc4b947bc7b87e237c415df1417ec4ebd5a3bf6b15bc7328890859d4d.pdf#3',
-                       source_id: 'sha256:c62b086bc4b947bc7b87e237c415df1417ec4ebd5a3bf6b15bc7328890859d4d',
-                       span_id: null,
-                       text: 'X'
-                     },
-                     status: 'read',
-                     value: 1
-                   }
-                 ],
-                 qualifiers: [],
-                 raw: {
-                   cells: {
-                     'POINT NAME': {
-                       bbox: [
-                         3139.92,
-                         2411.52,
-                         3799.68,
-                         2451.12
-                       ],
-                       text: 'OUTSIDE AIR TEMPERATURE (GLOBAL)'
-                     },
-                     AI: {
-                       bbox: [
-                         3799.68,
-                         2411.52,
-                         3885.6,
-                         2451.12
-                       ],
-                       text: 'X'
-                     },
-                     TAG: {
-                       bbox: [
-                         3054,
-                         2411.52,
-                         3139.92,
-                         2451.12
-                       ],
-                       text: '22'
-                     }
-                   },
-                   key: '22'
-                 },
-                 row_id: 'row:ef285c77afaf8055b1865bcfa2c9409bea8b36653e2fb56b382206a1c31a03e1:1',
-                 status: 'interpreted',
-                 uninterpreted_columns: [],
-                 unobserved_columns: [
-                   'ALARM',
-                   'AO',
-                   'DI',
-                   'DO'
-                 ]
-               },
-               {
-                 field_wiring_status: 'not_established',
-                 issues: [],
-                 local_key: '23',
-                 name: 'EMERGENCY SHUTDOWN (GLOBAL)',
-                 observations: [
-                   {
-                     channel: 'ALARM',
-                     kind: 'attribute',
-                     source: {
-                       bbox_px: [
-                         4143.34,
-                         2451.12,
-                         4245.14,
-                         2490.72
-                       ],
-                       column: 'ALARM',
-                       page_id: 'sha256:c62b086bc4b947bc7b87e237c415df1417ec4ebd5a3bf6b15bc7328890859d4d:p3',
-                       sheet_key: 'c62b086bc4b947bc7b87e237c415df1417ec4ebd5a3bf6b15bc7328890859d4d.pdf#3',
-                       source_id: 'sha256:c62b086bc4b947bc7b87e237c415df1417ec4ebd5a3bf6b15bc7328890859d4d',
-                       span_id: null,
-                       text: 'X'
-                     },
-                     status: 'read',
-                     value: 1
-                   },
-                   {
-                     channel: 'DI',
-                     kind: 'declared_io',
-                     source: {
-                       bbox_px: [
-                         3971.52,
-                         2451.12,
-                         4057.44,
-                         2490.72
-                       ],
-                       column: 'DI',
-                       page_id: 'sha256:c62b086bc4b947bc7b87e237c415df1417ec4ebd5a3bf6b15bc7328890859d4d:p3',
-                       sheet_key: 'c62b086bc4b947bc7b87e237c415df1417ec4ebd5a3bf6b15bc7328890859d4d.pdf#3',
-                       source_id: 'sha256:c62b086bc4b947bc7b87e237c415df1417ec4ebd5a3bf6b15bc7328890859d4d',
-                       span_id: null,
-                       text: 'X'
-                     },
-                     status: 'read',
-                     value: 1
-                   }
-                 ],
-                 qualifiers: [],
-                 raw: {
-                   cells: {
-                     'POINT NAME': {
-                       bbox: [
-                         3139.92,
-                         2451.12,
-                         3799.68,
-                         2490.72
-                       ],
-                       text: 'EMERGENCY SHUTDOWN (GLOBAL)'
-                     },
-                     ALARM: {
-                       bbox: [
-                         4143.34,
-                         2451.12,
-                         4245.14,
-                         2490.72
-                       ],
-                       text: 'X'
-                     },
-                     DI: {
-                       bbox: [
-                         3971.52,
-                         2451.12,
-                         4057.44,
-                         2490.72
-                       ],
-                       text: 'X'
-                     },
-                     TAG: {
-                       bbox: [
-                         3054,
-                         2451.12,
-                         3139.92,
-                         2490.72
-                       ],
-                       text: '23'
-                     }
-                   },
-                   key: '23'
-                 },
-                 row_id: 'row:e16db0c9749d8bac982d9d12cef6a500c863caf4f9198d84600c5a45c9244603:1',
-                 status: 'interpreted',
-                 uninterpreted_columns: [],
-                 unobserved_columns: [
-                   'AI',
-                   'AO',
-                   'DO'
-                 ]
-               },
-               {
-                 field_wiring_status: 'not_established',
-                 issues: [],
-                 local_key: '24',
-                 name: 'CHILLED WATER FLOW RATE (GPM)',
-                 observations: [
-                   {
-                     channel: 'AI',
-                     kind: 'declared_io',
-                     source: {
-                       bbox_px: [
-                         3799.68,
-                         2490.72,
-                         3885.6,
-                         2530.32
-                       ],
-                       column: 'AI',
-                       page_id: 'sha256:c62b086bc4b947bc7b87e237c415df1417ec4ebd5a3bf6b15bc7328890859d4d:p3',
-                       sheet_key: 'c62b086bc4b947bc7b87e237c415df1417ec4ebd5a3bf6b15bc7328890859d4d.pdf#3',
-                       source_id: 'sha256:c62b086bc4b947bc7b87e237c415df1417ec4ebd5a3bf6b15bc7328890859d4d',
-                       span_id: null,
-                       text: 'X'
-                     },
-                     status: 'read',
-                     value: 1
-                   }
-                 ],
-                 qualifiers: [],
-                 raw: {
-                   cells: {
-                     'POINT NAME': {
-                       bbox: [
-                         3139.92,
-                         2490.72,
-                         3799.68,
-                         2530.32
-                       ],
-                       text: 'CHILLED WATER FLOW RATE (GPM)'
-                     },
-                     AI: {
-                       bbox: [
-                         3799.68,
-                         2490.72,
-                         3885.6,
-                         2530.32
-                       ],
-                       text: 'X'
-                     },
-                     TAG: {
-                       bbox: [
-                         3054,
-                         2490.72,
-                         3139.92,
-                         2530.32
-                       ],
-                       text: '24'
-                     }
-                   },
-                   key: '24'
-                 },
-                 row_id: 'row:c3ed5d268b2c6815e658dc5c8aac0acd90d5785d7c7f54fcc71c48c273973d98:1',
-                 status: 'interpreted',
-                 uninterpreted_columns: [],
-                 unobserved_columns: [
-                   'ALARM',
-                   'AO',
-                   'DI',
-                   'DO'
-                 ]
-               },
-               {
-                 field_wiring_status: 'not_established',
-                 issues: [],
-                 local_key: '25',
-                 name: 'FREEZE PROTECTION',
-                 observations: [
-                   {
-                     channel: 'ALARM',
-                     kind: 'attribute',
-                     source: {
-                       bbox_px: [
-                         4143.34,
-                         2530.32,
-                         4245.14,
-                         2569.68
-                       ],
-                       column: 'ALARM',
-                       page_id: 'sha256:c62b086bc4b947bc7b87e237c415df1417ec4ebd5a3bf6b15bc7328890859d4d:p3',
-                       sheet_key: 'c62b086bc4b947bc7b87e237c415df1417ec4ebd5a3bf6b15bc7328890859d4d.pdf#3',
-                       source_id: 'sha256:c62b086bc4b947bc7b87e237c415df1417ec4ebd5a3bf6b15bc7328890859d4d',
-                       span_id: null,
-                       text: 'X'
-                     },
-                     status: 'read',
-                     value: 1
-                   }
-                 ],
-                 qualifiers: [],
-                 raw: {
-                   cells: {
-                     'POINT NAME': {
-                       bbox: [
-                         3139.92,
-                         2530.32,
-                         3799.68,
-                         2569.68
-                       ],
-                       text: 'FREEZE PROTECTION'
-                     },
-                     ALARM: {
-                       bbox: [
-                         4143.34,
-                         2530.32,
-                         4245.14,
-                         2569.68
-                       ],
-                       text: 'X'
-                     },
-                     TAG: {
-                       bbox: [
-                         3054,
-                         2530.32,
-                         3139.92,
-                         2569.68
-                       ],
-                       text: '25'
-                     }
-                   },
-                   key: '25'
-                 },
-                 row_id: 'row:be39adce9e6922e77f77f8729634a7dd82c6ec2ce1002970deab556893f3f461:1',
-                 status: 'no_typed_requirement',
-                 uninterpreted_columns: [],
-                 unobserved_columns: [
-                   'AI',
-                   'AO',
-                   'DI',
-                   'DO'
-                 ]
-               }
-             ],
-             source_id: 'sha256:c62b086bc4b947bc7b87e237c415df1417ec4ebd5a3bf6b15bc7328890859d4d'
-           },
-           {
-             header_rows: 1,
-             header_sources: [
-               {
-                 bbox_px: [
-                   3514.8,
-                   1735.44,
-                   3579.12,
-                   1825.2
-                 ],
-                 column: 'HARDWARE POINTS',
-                 page_id: 'sha256:c62b086bc4b947bc7b87e237c415df1417ec4ebd5a3bf6b15bc7328890859d4d:p2',
-                 sheet_key: 'c62b086bc4b947bc7b87e237c415df1417ec4ebd5a3bf6b15bc7328890859d4d.pdf#2',
-                 source_id: 'sha256:c62b086bc4b947bc7b87e237c415df1417ec4ebd5a3bf6b15bc7328890859d4d',
-                 span_id: null,
-                 text: 'AI'
-               },
-               {
-                 bbox_px: [
-                   3579.12,
-                   1735.44,
-                   3643.66,
-                   1825.2
-                 ],
-                 column: 'HARDWARE POINTS 2',
-                 page_id: 'sha256:c62b086bc4b947bc7b87e237c415df1417ec4ebd5a3bf6b15bc7328890859d4d:p2',
-                 sheet_key: 'c62b086bc4b947bc7b87e237c415df1417ec4ebd5a3bf6b15bc7328890859d4d.pdf#2',
-                 source_id: 'sha256:c62b086bc4b947bc7b87e237c415df1417ec4ebd5a3bf6b15bc7328890859d4d',
-                 span_id: null,
-                 text: 'AO'
-               },
-               {
-                 bbox_px: [
-                   3643.66,
-                   1735.44,
-                   3708.24,
-                   1825.2
-                 ],
-                 column: 'HARDWARE POINTS 3',
-                 page_id: 'sha256:c62b086bc4b947bc7b87e237c415df1417ec4ebd5a3bf6b15bc7328890859d4d:p2',
-                 sheet_key: 'c62b086bc4b947bc7b87e237c415df1417ec4ebd5a3bf6b15bc7328890859d4d.pdf#2',
-                 source_id: 'sha256:c62b086bc4b947bc7b87e237c415df1417ec4ebd5a3bf6b15bc7328890859d4d',
-                 span_id: null,
-                 text: 'DI'
-               },
-               {
-                 bbox_px: [
-                   3708.24,
-                   1735.44,
-                   3772.56,
-                   1825.2
-                 ],
-                 column: 'HARDWARE POINTS 4',
-                 page_id: 'sha256:c62b086bc4b947bc7b87e237c415df1417ec4ebd5a3bf6b15bc7328890859d4d:p2',
-                 sheet_key: 'c62b086bc4b947bc7b87e237c415df1417ec4ebd5a3bf6b15bc7328890859d4d.pdf#2',
-                 source_id: 'sha256:c62b086bc4b947bc7b87e237c415df1417ec4ebd5a3bf6b15bc7328890859d4d',
-                 span_id: null,
-                 text: 'DO'
-               },
-               {
-                 bbox_px: [
-                   3772.56,
-                   1735.44,
-                   3841.68,
-                   1825.2
-                 ],
-                 column: 'SOFTWARE POINTS',
-                 page_id: 'sha256:c62b086bc4b947bc7b87e237c415df1417ec4ebd5a3bf6b15bc7328890859d4d:p2',
-                 sheet_key: 'c62b086bc4b947bc7b87e237c415df1417ec4ebd5a3bf6b15bc7328890859d4d.pdf#2',
-                 source_id: 'sha256:c62b086bc4b947bc7b87e237c415df1417ec4ebd5a3bf6b15bc7328890859d4d',
-                 span_id: null,
-                 text: 'AV'
-               },
-               {
-                 bbox_px: [
-                   3841.68,
-                   1735.44,
-                   3910.56,
-                   1825.2
-                 ],
-                 column: 'SOFTWARE POINTS 2',
-                 page_id: 'sha256:c62b086bc4b947bc7b87e237c415df1417ec4ebd5a3bf6b15bc7328890859d4d:p2',
-                 sheet_key: 'c62b086bc4b947bc7b87e237c415df1417ec4ebd5a3bf6b15bc7328890859d4d.pdf#2',
-                 source_id: 'sha256:c62b086bc4b947bc7b87e237c415df1417ec4ebd5a3bf6b15bc7328890859d4d',
-                 span_id: null,
-                 text: 'BV'
-               }
-             ],
-             issues: [],
-             matrix_id: 'matrix:4c72b23329f16db6d82585342c8067f7877cf4bc21d1867fbe500262ea12bd6c',
-             notes: [
-               {
-                 kind: 'lon_integrated',
-                 source: {
-                   bbox_px: [
-                     3132.2,
-                     2456.4,
-                     3938.3,
-                     2484.5
-                   ],
-                   column: null,
-                   page_id: 'sha256:c62b086bc4b947bc7b87e237c415df1417ec4ebd5a3bf6b15bc7328890859d4d:p2',
-                   sheet_key: 'c62b086bc4b947bc7b87e237c415df1417ec4ebd5a3bf6b15bc7328890859d4d.pdf#2',
-                   source_id: 'sha256:c62b086bc4b947bc7b87e237c415df1417ec4ebd5a3bf6b15bc7328890859d4d',
-                   span_id: 'sha256:c62b086bc4b947bc7b87e237c415df1417ec4ebd5a3bf6b15bc7328890859d4d:p2:s432',
-                   text: 'NOTE: "*" INDICATES A POINT THAT IS LON-INTEGRATED WITH DRIVE.'
-                 },
-                 subject: 'DRIVE'
-               }
-             ],
-             page_id: 'sha256:c62b086bc4b947bc7b87e237c415df1417ec4ebd5a3bf6b15bc7328890859d4d:p2',
-             quantity_basis: 'listed_matrix_only',
-             raw: {
-               headers: [
-                 'COL1',
-                 'COL2',
-                 'HARDWARE POINTS',
-                 'HARDWARE POINTS 2',
-                 'HARDWARE POINTS 3',
-                 'HARDWARE POINTS 4',
-                 'SOFTWARE POINTS',
-                 'SOFTWARE POINTS 2',
-                 'SOFTWARE POINTS 3',
-                 'SOFTWARE POINTS 4',
-                 'COL11',
-                 'COL12'
-               ],
-               region: [
-                 3127.92,
-                 1638,
-                 4460.86,
-                 2496.96
-               ],
-               rows: [
-                 {
-                   cells: {
-                     'HARDWARE POINTS 2': {
-                       bbox: [
-                         3579.12,
-                         1735.44,
-                         3643.66,
-                         1825.2
-                       ],
-                       text: 'AO'
-                     },
-                     'HARDWARE POINTS 3': {
-                       bbox: [
-                         3643.66,
-                         1735.44,
-                         3708.24,
-                         1825.2
-                       ],
-                       text: 'DI'
-                     },
-                     'HARDWARE POINTS 4': {
-                       bbox: [
-                         3708.24,
-                         1735.44,
-                         3772.56,
-                         1825.2
-                       ],
-                       text: 'DO'
-                     },
-                     'HARDWARE POINTS': {
-                       bbox: [
-                         3514.8,
-                         1735.44,
-                         3579.12,
-                         1825.2
-                       ],
-                       text: 'AI'
-                     },
-                     'SOFTWARE POINTS 2': {
-                       bbox: [
-                         3841.68,
-                         1735.44,
-                         3910.56,
-                         1825.2
-                       ],
-                       text: 'BV'
-                     },
-                     'SOFTWARE POINTS 3': {
-                       bbox: [
-                         3910.56,
-                         1735.44,
-                         4017.12,
-                         1825.2
-                       ],
-                       text: 'TREND'
-                     },
-                     'SOFTWARE POINTS 4': {
-                       bbox: [
-                         4017.12,
-                         1735.44,
-                         4129.42,
-                         1825.2
-                       ],
-                       text: 'ALARM'
-                     },
-                     'SOFTWARE POINTS': {
-                       bbox: [
-                         3772.56,
-                         1735.44,
-                         3841.68,
-                         1825.2
-                       ],
-                       text: 'AV'
-                     },
-                     COL11: {
-                       bbox: [
-                         4129.42,
-                         1735.44,
-                         4303.44,
-                         1825.2
-                       ],
-                       text: 'ADJUSTABLE'
-                     },
-                     COL12: {
-                       bbox: [
-                         4303.44,
-                         1735.44,
-                         4460.86,
-                         1825.2
-                       ],
-                       text: 'SHOW ON GRAPHIC'
-                     },
-                     COL1: {
-                       bbox: [
-                         3127.92,
-                         1735.44,
-                         3201.36,
-                         1825.2
-                       ],
-                       text: 'TAG'
-                     },
-                     COL2: {
-                       bbox: [
-                         3201.36,
-                         1735.44,
-                         3514.8,
-                         1825.2
-                       ],
-                       text: 'POINT NAME'
-                     }
-                   },
-                   key: 'TAG'
-                 },
-                 {
-                   cells: {
-                     'SOFTWARE POINTS 3': {
-                       bbox: [
-                         3910.56,
-                         1825.2,
-                         4017.12,
-                         1867.2
-                       ],
-                       text: 'X'
-                     },
-                     'SOFTWARE POINTS': {
-                       bbox: [
-                         3772.56,
-                         1825.2,
-                         3841.68,
-                         1867.2
-                       ],
-                       text: 'X'
-                     },
-                     COL12: {
-                       bbox: [
-                         4303.44,
-                         1825.2,
-                         4460.86,
-                         1867.2
-                       ],
-                       text: 'X'
-                     },
-                     COL1: {
-                       bbox: [
-                         3127.92,
-                         1825.2,
-                         3201.36,
-                         1867.2
-                       ],
-                       text: '1'
-                     },
-                     COL2: {
-                       bbox: [
-                         3201.36,
-                         1825.2,
-                         3514.8,
-                         1867.2
-                       ],
-                       text: 'APPARENT POWER - KVA'
-                     }
-                   },
-                   key: '1'
-                 },
-                 {
-                   cells: {
-                     'SOFTWARE POINTS 3': {
-                       bbox: [
-                         3910.56,
-                         1867.2,
-                         4017.12,
-                         1909.2
-                       ],
-                       text: 'X'
-                     },
-                     'SOFTWARE POINTS': {
-                       bbox: [
-                         3772.56,
-                         1867.2,
-                         3841.68,
-                         1909.2
-                       ],
-                       text: 'X'
-                     },
-                     COL12: {
-                       bbox: [
-                         4303.44,
-                         1867.2,
-                         4460.86,
-                         1909.2
-                       ],
-                       text: 'X'
-                     },
-                     COL1: {
-                       bbox: [
-                         3127.92,
-                         1867.2,
-                         3201.36,
-                         1909.2
-                       ],
-                       text: '2'
-                     },
-                     COL2: {
-                       bbox: [
-                         3201.36,
-                         1867.2,
-                         3514.8,
-                         1909.2
-                       ],
-                       text: 'CURRENT NEUTRAL'
-                     }
-                   },
-                   key: '2'
-                 },
-                 {
-                   cells: {
-                     'SOFTWARE POINTS 3': {
-                       bbox: [
-                         3910.56,
-                         1909.2,
-                         4017.12,
-                         1951.2
-                       ],
-                       text: 'X'
-                     },
-                     'SOFTWARE POINTS': {
-                       bbox: [
-                         3772.56,
-                         1909.2,
-                         3841.68,
-                         1951.2
-                       ],
-                       text: 'X'
-                     },
-                     COL12: {
-                       bbox: [
-                         4303.44,
-                         1909.2,
-                         4460.86,
-                         1951.2
-                       ],
-                       text: 'X'
-                     },
-                     COL1: {
-                       bbox: [
-                         3127.92,
-                         1909.2,
-                         3201.36,
-                         1951.2
-                       ],
-                       text: '3'
-                     },
-                     COL2: {
-                       bbox: [
-                         3201.36,
-                         1909.2,
-                         3514.8,
-                         1951.2
-                       ],
-                       text: 'CURRENT PHASE A'
-                     }
-                   },
-                   key: '3'
-                 },
-                 {
-                   cells: {
-                     'SOFTWARE POINTS 3': {
-                       bbox: [
-                         3910.56,
-                         1951.2,
-                         4017.12,
-                         1993.2
-                       ],
-                       text: 'X'
-                     },
-                     'SOFTWARE POINTS': {
-                       bbox: [
-                         3772.56,
-                         1951.2,
-                         3841.68,
-                         1993.2
-                       ],
-                       text: 'X'
-                     },
-                     COL12: {
-                       bbox: [
-                         4303.44,
-                         1951.2,
-                         4460.86,
-                         1993.2
-                       ],
-                       text: 'X'
-                     },
-                     COL1: {
-                       bbox: [
-                         3127.92,
-                         1951.2,
-                         3201.36,
-                         1993.2
-                       ],
-                       text: '4'
-                     },
-                     COL2: {
-                       bbox: [
-                         3201.36,
-                         1951.2,
-                         3514.8,
-                         1993.2
-                       ],
-                       text: 'CURRENT PHASE B'
-                     }
-                   },
-                   key: '4'
-                 },
-                 {
-                   cells: {
-                     'SOFTWARE POINTS 3': {
-                       bbox: [
-                         3910.56,
-                         1993.2,
-                         4017.12,
-                         2035.2
-                       ],
-                       text: 'X'
-                     },
-                     'SOFTWARE POINTS': {
-                       bbox: [
-                         3772.56,
-                         1993.2,
-                         3841.68,
-                         2035.2
-                       ],
-                       text: 'X'
-                     },
-                     COL12: {
-                       bbox: [
-                         4303.44,
-                         1993.2,
-                         4460.86,
-                         2035.2
-                       ],
-                       text: 'X'
-                     },
-                     COL1: {
-                       bbox: [
-                         3127.92,
-                         1993.2,
-                         3201.36,
-                         2035.2
-                       ],
-                       text: '5'
-                     },
-                     COL2: {
-                       bbox: [
-                         3201.36,
-                         1993.2,
-                         3514.8,
-                         2035.2
-                       ],
-                       text: 'CURRENT PHASE C'
-                     }
-                   },
-                   key: '5'
-                 },
-                 {
-                   cells: {
-                     'SOFTWARE POINTS 3': {
-                       bbox: [
-                         3910.56,
-                         2035.2,
-                         4017.12,
-                         2077.2
-                       ],
-                       text: 'X'
-                     },
-                     'SOFTWARE POINTS': {
-                       bbox: [
-                         3772.56,
-                         2035.2,
-                         3841.68,
-                         2077.2
-                       ],
-                       text: 'X'
-                     },
-                     COL12: {
-                       bbox: [
-                         4303.44,
-                         2035.2,
-                         4460.86,
-                         2077.2
-                       ],
-                       text: 'X'
-                     },
-                     COL1: {
-                       bbox: [
-                         3127.92,
-                         2035.2,
-                         3201.36,
-                         2077.2
-                       ],
-                       text: '6'
-                     },
-                     COL2: {
-                       bbox: [
-                         3201.36,
-                         2035.2,
-                         3514.8,
-                         2077.2
-                       ],
-                       text: 'FREQUENCY'
-                     }
-                   },
-                   key: '6'
-                 },
-                 {
-                   cells: {
-                     'SOFTWARE POINTS 3': {
-                       bbox: [
-                         3910.56,
-                         2077.2,
-                         4017.12,
-                         2119.2
-                       ],
-                       text: 'X'
-                     },
-                     'SOFTWARE POINTS': {
-                       bbox: [
-                         3772.56,
-                         2077.2,
-                         3841.68,
-                         2119.2
-                       ],
-                       text: 'X'
-                     },
-                     COL12: {
-                       bbox: [
-                         4303.44,
-                         2077.2,
-                         4460.86,
-                         2119.2
-                       ],
-                       text: 'X'
-                     },
-                     COL1: {
-                       bbox: [
-                         3127.92,
-                         2077.2,
-                         3201.36,
-                         2119.2
-                       ],
-                       text: '7'
-                     },
-                     COL2: {
-                       bbox: [
-                         3201.36,
-                         2077.2,
-                         3514.8,
-                         2119.2
-                       ],
-                       text: 'POWER FACTOR'
-                     }
-                   },
-                   key: '7'
-                 },
-                 {
-                   cells: {
-                     'SOFTWARE POINTS 3': {
-                       bbox: [
-                         3910.56,
-                         2119.2,
-                         4017.12,
-                         2161.2
-                       ],
-                       text: 'X'
-                     },
-                     'SOFTWARE POINTS': {
-                       bbox: [
-                         3772.56,
-                         2119.2,
-                         3841.68,
-                         2161.2
-                       ],
-                       text: 'X'
-                     },
-                     COL12: {
-                       bbox: [
-                         4303.44,
-                         2119.2,
-                         4460.86,
-                         2161.2
-                       ],
-                       text: 'X'
-                     },
-                     COL1: {
-                       bbox: [
-                         3127.92,
-                         2119.2,
-                         3201.36,
-                         2161.2
-                       ],
-                       text: '8'
-                     },
-                     COL2: {
-                       bbox: [
-                         3201.36,
-                         2119.2,
-                         3514.8,
-                         2161.2
-                       ],
-                       text: 'REAL ENERGY - KWH'
-                     }
-                   },
-                   key: '8'
-                 },
-                 {
-                   cells: {
-                     'SOFTWARE POINTS 3': {
-                       bbox: [
-                         3910.56,
-                         2161.2,
-                         4017.12,
-                         2203.2
-                       ],
-                       text: 'X'
-                     },
-                     'SOFTWARE POINTS': {
-                       bbox: [
-                         3772.56,
-                         2161.2,
-                         3841.68,
-                         2203.2
-                       ],
-                       text: 'X'
-                     },
-                     COL12: {
-                       bbox: [
-                         4303.44,
-                         2161.2,
-                         4460.86,
-                         2203.2
-                       ],
-                       text: 'X'
-                     },
-                     COL1: {
-                       bbox: [
-                         3127.92,
-                         2161.2,
-                         3201.36,
-                         2203.2
-                       ],
-                       text: '9'
-                     },
-                     COL2: {
-                       bbox: [
-                         3201.36,
-                         2161.2,
-                         3514.8,
-                         2203.2
-                       ],
-                       text: 'REAL POWER - KW'
-                     }
-                   },
-                   key: '9'
-                 },
-                 {
-                   cells: {
-                     'SOFTWARE POINTS 3': {
-                       bbox: [
-                         3910.56,
-                         2203.2,
-                         4017.12,
-                         2245.2
-                       ],
-                       text: 'X'
-                     },
-                     'SOFTWARE POINTS': {
-                       bbox: [
-                         3772.56,
-                         2203.2,
-                         3841.68,
-                         2245.2
-                       ],
-                       text: 'X'
-                     },
-                     COL12: {
-                       bbox: [
-                         4303.44,
-                         2203.2,
-                         4460.86,
-                         2245.2
-                       ],
-                       text: 'X'
-                     },
-                     COL1: {
-                       bbox: [
-                         3127.92,
-                         2203.2,
-                         3201.36,
-                         2245.2
-                       ],
-                       text: '10'
-                     },
-                     COL2: {
-                       bbox: [
-                         3201.36,
-                         2203.2,
-                         3514.8,
-                         2245.2
-                       ],
-                       text: 'VOLTAGE A-B'
-                     }
-                   },
-                   key: '10'
-                 },
-                 {
-                   cells: {
-                     'SOFTWARE POINTS 3': {
-                       bbox: [
-                         3910.56,
-                         2245.2,
-                         4017.12,
-                         2287.2
-                       ],
-                       text: 'X'
-                     },
-                     'SOFTWARE POINTS': {
-                       bbox: [
-                         3772.56,
-                         2245.2,
-                         3841.68,
-                         2287.2
-                       ],
-                       text: 'X'
-                     },
-                     COL12: {
-                       bbox: [
-                         4303.44,
-                         2245.2,
-                         4460.86,
-                         2287.2
-                       ],
-                       text: 'X'
-                     },
-                     COL1: {
-                       bbox: [
-                         3127.92,
-                         2245.2,
-                         3201.36,
-                         2287.2
-                       ],
-                       text: '11'
-                     },
-                     COL2: {
-                       bbox: [
-                         3201.36,
-                         2245.2,
-                         3514.8,
-                         2287.2
-                       ],
-                       text: 'VOLTAGE A-N'
-                     }
-                   },
-                   key: '11'
-                 },
-                 {
-                   cells: {
-                     'SOFTWARE POINTS 3': {
-                       bbox: [
-                         3910.56,
-                         2287.2,
-                         4017.12,
-                         2328.96
-                       ],
-                       text: 'X'
-                     },
-                     'SOFTWARE POINTS': {
-                       bbox: [
-                         3772.56,
-                         2287.2,
-                         3841.68,
-                         2328.96
-                       ],
-                       text: 'X'
-                     },
-                     COL12: {
-                       bbox: [
-                         4303.44,
-                         2287.2,
-                         4460.86,
-                         2328.96
-                       ],
-                       text: 'X'
-                     },
-                     COL1: {
-                       bbox: [
-                         3127.92,
-                         2287.2,
-                         3201.36,
-                         2328.96
-                       ],
-                       text: '12'
-                     },
-                     COL2: {
-                       bbox: [
-                         3201.36,
-                         2287.2,
-                         3514.8,
-                         2328.96
-                       ],
-                       text: 'VOLTAGE B-C'
-                     }
-                   },
-                   key: '12'
-                 },
-                 {
-                   cells: {
-                     'SOFTWARE POINTS 3': {
-                       bbox: [
-                         3910.56,
-                         2328.96,
-                         4017.12,
-                         2370.96
-                       ],
-                       text: 'X'
-                     },
-                     'SOFTWARE POINTS': {
-                       bbox: [
-                         3772.56,
-                         2328.96,
-                         3841.68,
-                         2370.96
-                       ],
-                       text: 'X'
-                     },
-                     COL12: {
-                       bbox: [
-                         4303.44,
-                         2328.96,
-                         4460.86,
-                         2370.96
-                       ],
-                       text: 'X'
-                     },
-                     COL1: {
-                       bbox: [
-                         3127.92,
-                         2328.96,
-                         3201.36,
-                         2370.96
-                       ],
-                       text: '13'
-                     },
-                     COL2: {
-                       bbox: [
-                         3201.36,
-                         2328.96,
-                         3514.8,
-                         2370.96
-                       ],
-                       text: 'VOLTAGE B-N'
-                     }
-                   },
-                   key: '13'
-                 },
-                 {
-                   cells: {
-                     'SOFTWARE POINTS 3': {
-                       bbox: [
-                         3910.56,
-                         2370.96,
-                         4017.12,
-                         2412.96
-                       ],
-                       text: 'X'
-                     },
-                     'SOFTWARE POINTS': {
-                       bbox: [
-                         3772.56,
-                         2370.96,
-                         3841.68,
-                         2412.96
-                       ],
-                       text: 'X'
-                     },
-                     COL12: {
-                       bbox: [
-                         4303.44,
-                         2370.96,
-                         4460.86,
-                         2412.96
-                       ],
-                       text: 'X'
-                     },
-                     COL1: {
-                       bbox: [
-                         3127.92,
-                         2370.96,
-                         3201.36,
-                         2412.96
-                       ],
-                       text: '14'
-                     },
-                     COL2: {
-                       bbox: [
-                         3201.36,
-                         2370.96,
-                         3514.8,
-                         2412.96
-                       ],
-                       text: 'VOLTAGE C-A'
-                     }
-                   },
-                   key: '14'
-                 },
-                 {
-                   cells: {
-                     'SOFTWARE POINTS 3': {
-                       bbox: [
-                         3910.56,
-                         2412.96,
-                         4017.12,
-                         2454.96
-                       ],
-                       text: 'X'
-                     },
-                     'SOFTWARE POINTS': {
-                       bbox: [
-                         3772.56,
-                         2412.96,
-                         3841.68,
-                         2454.96
-                       ],
-                       text: 'X'
-                     },
-                     COL12: {
-                       bbox: [
-                         4303.44,
-                         2412.96,
-                         4460.86,
-                         2454.96
-                       ],
-                       text: 'X'
-                     },
-                     COL1: {
-                       bbox: [
-                         3127.92,
-                         2412.96,
-                         3201.36,
-                         2454.96
-                       ],
-                       text: '15'
-                     },
-                     COL2: {
-                       bbox: [
-                         3201.36,
-                         2412.96,
-                         3514.8,
-                         2454.96
-                       ],
-                       text: 'VOLTAGE C-N'
-                     }
-                   },
-                   key: '15'
-                 }
-               ],
-               sheet: 'c62b086bc4b947bc7b87e237c415df1417ec4ebd5a3bf6b15bc7328890859d4d.pdf#2',
-               title: {
-                 bbox: [
-                   3127.92,
-                   1638,
-                   4460.86,
-                   1693.44
-                 ],
-                 text: 'BAS INPUT/OUTPUT POINT LIST'
-               }
-             },
-             rows: [
-               {
-                 field_wiring_status: 'not_established',
-                 issues: [],
-                 local_key: '1',
-                 name: 'APPARENT POWER - KVA',
-                 observations: [
-                   {
-                     channel: 'SHOW ON GRAPHIC',
-                     kind: 'attribute',
-                     source: {
-                       bbox_px: [
-                         4303.44,
-                         1825.2,
-                         4460.86,
-                         1867.2
-                       ],
-                       column: 'COL12',
-                       page_id: 'sha256:c62b086bc4b947bc7b87e237c415df1417ec4ebd5a3bf6b15bc7328890859d4d:p2',
-                       sheet_key: 'c62b086bc4b947bc7b87e237c415df1417ec4ebd5a3bf6b15bc7328890859d4d.pdf#2',
-                       source_id: 'sha256:c62b086bc4b947bc7b87e237c415df1417ec4ebd5a3bf6b15bc7328890859d4d',
-                       span_id: null,
-                       text: 'X'
-                     },
-                     status: 'read',
-                     value: 1
-                   },
-                   {
-                     channel: 'SOFTWARE POINTS AV',
-                     kind: 'software_value',
-                     source: {
-                       bbox_px: [
-                         3772.56,
-                         1825.2,
-                         3841.68,
-                         1867.2
-                       ],
-                       column: 'SOFTWARE POINTS',
-                       page_id: 'sha256:c62b086bc4b947bc7b87e237c415df1417ec4ebd5a3bf6b15bc7328890859d4d:p2',
-                       sheet_key: 'c62b086bc4b947bc7b87e237c415df1417ec4ebd5a3bf6b15bc7328890859d4d.pdf#2',
-                       source_id: 'sha256:c62b086bc4b947bc7b87e237c415df1417ec4ebd5a3bf6b15bc7328890859d4d',
-                       span_id: null,
-                       text: 'X'
-                     },
-                     status: 'read',
-                     value: 1
-                   },
-                   {
-                     channel: 'TREND',
-                     kind: 'attribute',
-                     source: {
-                       bbox_px: [
-                         3910.56,
-                         1825.2,
-                         4017.12,
-                         1867.2
-                       ],
-                       column: 'SOFTWARE POINTS 3',
-                       page_id: 'sha256:c62b086bc4b947bc7b87e237c415df1417ec4ebd5a3bf6b15bc7328890859d4d:p2',
-                       sheet_key: 'c62b086bc4b947bc7b87e237c415df1417ec4ebd5a3bf6b15bc7328890859d4d.pdf#2',
-                       source_id: 'sha256:c62b086bc4b947bc7b87e237c415df1417ec4ebd5a3bf6b15bc7328890859d4d',
-                       span_id: null,
-                       text: 'X'
-                     },
-                     status: 'read',
-                     value: 1
-                   }
-                 ],
-                 qualifiers: [],
-                 raw: {
-                   cells: {
-                     'SOFTWARE POINTS 3': {
-                       bbox: [
-                         3910.56,
-                         1825.2,
-                         4017.12,
-                         1867.2
-                       ],
-                       text: 'X'
-                     },
-                     'SOFTWARE POINTS': {
-                       bbox: [
-                         3772.56,
-                         1825.2,
-                         3841.68,
-                         1867.2
-                       ],
-                       text: 'X'
-                     },
-                     COL12: {
-                       bbox: [
-                         4303.44,
-                         1825.2,
-                         4460.86,
-                         1867.2
-                       ],
-                       text: 'X'
-                     },
-                     COL1: {
-                       bbox: [
-                         3127.92,
-                         1825.2,
-                         3201.36,
-                         1867.2
-                       ],
-                       text: '1'
-                     },
-                     COL2: {
-                       bbox: [
-                         3201.36,
-                         1825.2,
-                         3514.8,
-                         1867.2
-                       ],
-                       text: 'APPARENT POWER - KVA'
-                     }
-                   },
-                   key: '1'
-                 },
-                 row_id: 'row:be4f57280a1577dcfde3dccc3d04e595c9a24e68069d531dde57165f09f88ef2:1',
-                 status: 'interpreted',
-                 uninterpreted_columns: [],
-                 unobserved_columns: [
-                   'COL11',
-                   'HARDWARE POINTS',
-                   'HARDWARE POINTS 2',
-                   'HARDWARE POINTS 3',
-                   'HARDWARE POINTS 4',
-                   'SOFTWARE POINTS 2',
-                   'SOFTWARE POINTS 4'
-                 ]
-               },
-               {
-                 field_wiring_status: 'not_established',
-                 issues: [],
-                 local_key: '2',
-                 name: 'CURRENT NEUTRAL',
-                 observations: [
-                   {
-                     channel: 'SHOW ON GRAPHIC',
-                     kind: 'attribute',
-                     source: {
-                       bbox_px: [
-                         4303.44,
-                         1867.2,
-                         4460.86,
-                         1909.2
-                       ],
-                       column: 'COL12',
-                       page_id: 'sha256:c62b086bc4b947bc7b87e237c415df1417ec4ebd5a3bf6b15bc7328890859d4d:p2',
-                       sheet_key: 'c62b086bc4b947bc7b87e237c415df1417ec4ebd5a3bf6b15bc7328890859d4d.pdf#2',
-                       source_id: 'sha256:c62b086bc4b947bc7b87e237c415df1417ec4ebd5a3bf6b15bc7328890859d4d',
-                       span_id: null,
-                       text: 'X'
-                     },
-                     status: 'read',
-                     value: 1
-                   },
-                   {
-                     channel: 'SOFTWARE POINTS AV',
-                     kind: 'software_value',
-                     source: {
-                       bbox_px: [
-                         3772.56,
-                         1867.2,
-                         3841.68,
-                         1909.2
-                       ],
-                       column: 'SOFTWARE POINTS',
-                       page_id: 'sha256:c62b086bc4b947bc7b87e237c415df1417ec4ebd5a3bf6b15bc7328890859d4d:p2',
-                       sheet_key: 'c62b086bc4b947bc7b87e237c415df1417ec4ebd5a3bf6b15bc7328890859d4d.pdf#2',
-                       source_id: 'sha256:c62b086bc4b947bc7b87e237c415df1417ec4ebd5a3bf6b15bc7328890859d4d',
-                       span_id: null,
-                       text: 'X'
-                     },
-                     status: 'read',
-                     value: 1
-                   },
-                   {
-                     channel: 'TREND',
-                     kind: 'attribute',
-                     source: {
-                       bbox_px: [
-                         3910.56,
-                         1867.2,
-                         4017.12,
-                         1909.2
-                       ],
-                       column: 'SOFTWARE POINTS 3',
-                       page_id: 'sha256:c62b086bc4b947bc7b87e237c415df1417ec4ebd5a3bf6b15bc7328890859d4d:p2',
-                       sheet_key: 'c62b086bc4b947bc7b87e237c415df1417ec4ebd5a3bf6b15bc7328890859d4d.pdf#2',
-                       source_id: 'sha256:c62b086bc4b947bc7b87e237c415df1417ec4ebd5a3bf6b15bc7328890859d4d',
-                       span_id: null,
-                       text: 'X'
-                     },
-                     status: 'read',
-                     value: 1
-                   }
-                 ],
-                 qualifiers: [],
-                 raw: {
-                   cells: {
-                     'SOFTWARE POINTS 3': {
-                       bbox: [
-                         3910.56,
-                         1867.2,
-                         4017.12,
-                         1909.2
-                       ],
-                       text: 'X'
-                     },
-                     'SOFTWARE POINTS': {
-                       bbox: [
-                         3772.56,
-                         1867.2,
-                         3841.68,
-                         1909.2
-                       ],
-                       text: 'X'
-                     },
-                     COL12: {
-                       bbox: [
-                         4303.44,
-                         1867.2,
-                         4460.86,
-                         1909.2
-                       ],
-                       text: 'X'
-                     },
-                     COL1: {
-                       bbox: [
-                         3127.92,
-                         1867.2,
-                         3201.36,
-                         1909.2
-                       ],
-                       text: '2'
-                     },
-                     COL2: {
-                       bbox: [
-                         3201.36,
-                         1867.2,
-                         3514.8,
-                         1909.2
-                       ],
-                       text: 'CURRENT NEUTRAL'
-                     }
-                   },
-                   key: '2'
-                 },
-                 row_id: 'row:9617d1202edc48df41b177531ced608d0660c6478a9b16e8a9e2a0bee3edc493:1',
-                 status: 'interpreted',
-                 uninterpreted_columns: [],
-                 unobserved_columns: [
-                   'COL11',
-                   'HARDWARE POINTS',
-                   'HARDWARE POINTS 2',
-                   'HARDWARE POINTS 3',
-                   'HARDWARE POINTS 4',
-                   'SOFTWARE POINTS 2',
-                   'SOFTWARE POINTS 4'
-                 ]
-               },
-               {
-                 field_wiring_status: 'not_established',
-                 issues: [],
-                 local_key: '3',
-                 name: 'CURRENT PHASE A',
-                 observations: [
-                   {
-                     channel: 'SHOW ON GRAPHIC',
-                     kind: 'attribute',
-                     source: {
-                       bbox_px: [
-                         4303.44,
-                         1909.2,
-                         4460.86,
-                         1951.2
-                       ],
-                       column: 'COL12',
-                       page_id: 'sha256:c62b086bc4b947bc7b87e237c415df1417ec4ebd5a3bf6b15bc7328890859d4d:p2',
-                       sheet_key: 'c62b086bc4b947bc7b87e237c415df1417ec4ebd5a3bf6b15bc7328890859d4d.pdf#2',
-                       source_id: 'sha256:c62b086bc4b947bc7b87e237c415df1417ec4ebd5a3bf6b15bc7328890859d4d',
-                       span_id: null,
-                       text: 'X'
-                     },
-                     status: 'read',
-                     value: 1
-                   },
-                   {
-                     channel: 'SOFTWARE POINTS AV',
-                     kind: 'software_value',
-                     source: {
-                       bbox_px: [
-                         3772.56,
-                         1909.2,
-                         3841.68,
-                         1951.2
-                       ],
-                       column: 'SOFTWARE POINTS',
-                       page_id: 'sha256:c62b086bc4b947bc7b87e237c415df1417ec4ebd5a3bf6b15bc7328890859d4d:p2',
-                       sheet_key: 'c62b086bc4b947bc7b87e237c415df1417ec4ebd5a3bf6b15bc7328890859d4d.pdf#2',
-                       source_id: 'sha256:c62b086bc4b947bc7b87e237c415df1417ec4ebd5a3bf6b15bc7328890859d4d',
-                       span_id: null,
-                       text: 'X'
-                     },
-                     status: 'read',
-                     value: 1
-                   },
-                   {
-                     channel: 'TREND',
-                     kind: 'attribute',
-                     source: {
-                       bbox_px: [
-                         3910.56,
-                         1909.2,
-                         4017.12,
-                         1951.2
-                       ],
-                       column: 'SOFTWARE POINTS 3',
-                       page_id: 'sha256:c62b086bc4b947bc7b87e237c415df1417ec4ebd5a3bf6b15bc7328890859d4d:p2',
-                       sheet_key: 'c62b086bc4b947bc7b87e237c415df1417ec4ebd5a3bf6b15bc7328890859d4d.pdf#2',
-                       source_id: 'sha256:c62b086bc4b947bc7b87e237c415df1417ec4ebd5a3bf6b15bc7328890859d4d',
-                       span_id: null,
-                       text: 'X'
-                     },
-                     status: 'read',
-                     value: 1
-                   }
-                 ],
-                 qualifiers: [],
-                 raw: {
-                   cells: {
-                     'SOFTWARE POINTS 3': {
-                       bbox: [
-                         3910.56,
-                         1909.2,
-                         4017.12,
-                         1951.2
-                       ],
-                       text: 'X'
-                     },
-                     'SOFTWARE POINTS': {
-                       bbox: [
-                         3772.56,
-                         1909.2,
-                         3841.68,
-                         1951.2
-                       ],
-                       text: 'X'
-                     },
-                     COL12: {
-                       bbox: [
-                         4303.44,
-                         1909.2,
-                         4460.86,
-                         1951.2
-                       ],
-                       text: 'X'
-                     },
-                     COL1: {
-                       bbox: [
-                         3127.92,
-                         1909.2,
-                         3201.36,
-                         1951.2
-                       ],
-                       text: '3'
-                     },
-                     COL2: {
-                       bbox: [
-                         3201.36,
-                         1909.2,
-                         3514.8,
-                         1951.2
-                       ],
-                       text: 'CURRENT PHASE A'
-                     }
-                   },
-                   key: '3'
-                 },
-                 row_id: 'row:8c18cbe34516fc2da2ef58da6a821be3f1cd8448b67c2f30900ffd222e2bbca8:1',
-                 status: 'interpreted',
-                 uninterpreted_columns: [],
-                 unobserved_columns: [
-                   'COL11',
-                   'HARDWARE POINTS',
-                   'HARDWARE POINTS 2',
-                   'HARDWARE POINTS 3',
-                   'HARDWARE POINTS 4',
-                   'SOFTWARE POINTS 2',
-                   'SOFTWARE POINTS 4'
-                 ]
-               },
-               {
-                 field_wiring_status: 'not_established',
-                 issues: [],
-                 local_key: '4',
-                 name: 'CURRENT PHASE B',
-                 observations: [
-                   {
-                     channel: 'SHOW ON GRAPHIC',
-                     kind: 'attribute',
-                     source: {
-                       bbox_px: [
-                         4303.44,
-                         1951.2,
-                         4460.86,
-                         1993.2
-                       ],
-                       column: 'COL12',
-                       page_id: 'sha256:c62b086bc4b947bc7b87e237c415df1417ec4ebd5a3bf6b15bc7328890859d4d:p2',
-                       sheet_key: 'c62b086bc4b947bc7b87e237c415df1417ec4ebd5a3bf6b15bc7328890859d4d.pdf#2',
-                       source_id: 'sha256:c62b086bc4b947bc7b87e237c415df1417ec4ebd5a3bf6b15bc7328890859d4d',
-                       span_id: null,
-                       text: 'X'
-                     },
-                     status: 'read',
-                     value: 1
-                   },
-                   {
-                     channel: 'SOFTWARE POINTS AV',
-                     kind: 'software_value',
-                     source: {
-                       bbox_px: [
-                         3772.56,
-                         1951.2,
-                         3841.68,
-                         1993.2
-                       ],
-                       column: 'SOFTWARE POINTS',
-                       page_id: 'sha256:c62b086bc4b947bc7b87e237c415df1417ec4ebd5a3bf6b15bc7328890859d4d:p2',
-                       sheet_key: 'c62b086bc4b947bc7b87e237c415df1417ec4ebd5a3bf6b15bc7328890859d4d.pdf#2',
-                       source_id: 'sha256:c62b086bc4b947bc7b87e237c415df1417ec4ebd5a3bf6b15bc7328890859d4d',
-                       span_id: null,
-                       text: 'X'
-                     },
-                     status: 'read',
-                     value: 1
-                   },
-                   {
-                     channel: 'TREND',
-                     kind: 'attribute',
-                     source: {
-                       bbox_px: [
-                         3910.56,
-                         1951.2,
-                         4017.12,
-                         1993.2
-                       ],
-                       column: 'SOFTWARE POINTS 3',
-                       page_id: 'sha256:c62b086bc4b947bc7b87e237c415df1417ec4ebd5a3bf6b15bc7328890859d4d:p2',
-                       sheet_key: 'c62b086bc4b947bc7b87e237c415df1417ec4ebd5a3bf6b15bc7328890859d4d.pdf#2',
-                       source_id: 'sha256:c62b086bc4b947bc7b87e237c415df1417ec4ebd5a3bf6b15bc7328890859d4d',
-                       span_id: null,
-                       text: 'X'
-                     },
-                     status: 'read',
-                     value: 1
-                   }
-                 ],
-                 qualifiers: [],
-                 raw: {
-                   cells: {
-                     'SOFTWARE POINTS 3': {
-                       bbox: [
-                         3910.56,
-                         1951.2,
-                         4017.12,
-                         1993.2
-                       ],
-                       text: 'X'
-                     },
-                     'SOFTWARE POINTS': {
-                       bbox: [
-                         3772.56,
-                         1951.2,
-                         3841.68,
-                         1993.2
-                       ],
-                       text: 'X'
-                     },
-                     COL12: {
-                       bbox: [
-                         4303.44,
-                         1951.2,
-                         4460.86,
-                         1993.2
-                       ],
-                       text: 'X'
-                     },
-                     COL1: {
-                       bbox: [
-                         3127.92,
-                         1951.2,
-                         3201.36,
-                         1993.2
-                       ],
-                       text: '4'
-                     },
-                     COL2: {
-                       bbox: [
-                         3201.36,
-                         1951.2,
-                         3514.8,
-                         1993.2
-                       ],
-                       text: 'CURRENT PHASE B'
-                     }
-                   },
-                   key: '4'
-                 },
-                 row_id: 'row:99d4bb5b96d267bbf8df5db413aabcfe2a3072ffa60bf62179780b78cae3e372:1',
-                 status: 'interpreted',
-                 uninterpreted_columns: [],
-                 unobserved_columns: [
-                   'COL11',
-                   'HARDWARE POINTS',
-                   'HARDWARE POINTS 2',
-                   'HARDWARE POINTS 3',
-                   'HARDWARE POINTS 4',
-                   'SOFTWARE POINTS 2',
-                   'SOFTWARE POINTS 4'
-                 ]
-               },
-               {
-                 field_wiring_status: 'not_established',
-                 issues: [],
-                 local_key: '5',
-                 name: 'CURRENT PHASE C',
-                 observations: [
-                   {
-                     channel: 'SHOW ON GRAPHIC',
-                     kind: 'attribute',
-                     source: {
-                       bbox_px: [
-                         4303.44,
-                         1993.2,
-                         4460.86,
-                         2035.2
-                       ],
-                       column: 'COL12',
-                       page_id: 'sha256:c62b086bc4b947bc7b87e237c415df1417ec4ebd5a3bf6b15bc7328890859d4d:p2',
-                       sheet_key: 'c62b086bc4b947bc7b87e237c415df1417ec4ebd5a3bf6b15bc7328890859d4d.pdf#2',
-                       source_id: 'sha256:c62b086bc4b947bc7b87e237c415df1417ec4ebd5a3bf6b15bc7328890859d4d',
-                       span_id: null,
-                       text: 'X'
-                     },
-                     status: 'read',
-                     value: 1
-                   },
-                   {
-                     channel: 'SOFTWARE POINTS AV',
-                     kind: 'software_value',
-                     source: {
-                       bbox_px: [
-                         3772.56,
-                         1993.2,
-                         3841.68,
-                         2035.2
-                       ],
-                       column: 'SOFTWARE POINTS',
-                       page_id: 'sha256:c62b086bc4b947bc7b87e237c415df1417ec4ebd5a3bf6b15bc7328890859d4d:p2',
-                       sheet_key: 'c62b086bc4b947bc7b87e237c415df1417ec4ebd5a3bf6b15bc7328890859d4d.pdf#2',
-                       source_id: 'sha256:c62b086bc4b947bc7b87e237c415df1417ec4ebd5a3bf6b15bc7328890859d4d',
-                       span_id: null,
-                       text: 'X'
-                     },
-                     status: 'read',
-                     value: 1
-                   },
-                   {
-                     channel: 'TREND',
-                     kind: 'attribute',
-                     source: {
-                       bbox_px: [
-                         3910.56,
-                         1993.2,
-                         4017.12,
-                         2035.2
-                       ],
-                       column: 'SOFTWARE POINTS 3',
-                       page_id: 'sha256:c62b086bc4b947bc7b87e237c415df1417ec4ebd5a3bf6b15bc7328890859d4d:p2',
-                       sheet_key: 'c62b086bc4b947bc7b87e237c415df1417ec4ebd5a3bf6b15bc7328890859d4d.pdf#2',
-                       source_id: 'sha256:c62b086bc4b947bc7b87e237c415df1417ec4ebd5a3bf6b15bc7328890859d4d',
-                       span_id: null,
-                       text: 'X'
-                     },
-                     status: 'read',
-                     value: 1
-                   }
-                 ],
-                 qualifiers: [],
-                 raw: {
-                   cells: {
-                     'SOFTWARE POINTS 3': {
-                       bbox: [
-                         3910.56,
-                         1993.2,
-                         4017.12,
-                         2035.2
-                       ],
-                       text: 'X'
-                     },
-                     'SOFTWARE POINTS': {
-                       bbox: [
-                         3772.56,
-                         1993.2,
-                         3841.68,
-                         2035.2
-                       ],
-                       text: 'X'
-                     },
-                     COL12: {
-                       bbox: [
-                         4303.44,
-                         1993.2,
-                         4460.86,
-                         2035.2
-                       ],
-                       text: 'X'
-                     },
-                     COL1: {
-                       bbox: [
-                         3127.92,
-                         1993.2,
-                         3201.36,
-                         2035.2
-                       ],
-                       text: '5'
-                     },
-                     COL2: {
-                       bbox: [
-                         3201.36,
-                         1993.2,
-                         3514.8,
-                         2035.2
-                       ],
-                       text: 'CURRENT PHASE C'
-                     }
-                   },
-                   key: '5'
-                 },
-                 row_id: 'row:6c08f9198f876475e2f5aa69940c878f0768ddfdbd6ad67cf9c3d4882a77b9f8:1',
-                 status: 'interpreted',
-                 uninterpreted_columns: [],
-                 unobserved_columns: [
-                   'COL11',
-                   'HARDWARE POINTS',
-                   'HARDWARE POINTS 2',
-                   'HARDWARE POINTS 3',
-                   'HARDWARE POINTS 4',
-                   'SOFTWARE POINTS 2',
-                   'SOFTWARE POINTS 4'
-                 ]
-               },
-               {
-                 field_wiring_status: 'not_established',
-                 issues: [],
-                 local_key: '6',
-                 name: 'FREQUENCY',
-                 observations: [
-                   {
-                     channel: 'SHOW ON GRAPHIC',
-                     kind: 'attribute',
-                     source: {
-                       bbox_px: [
-                         4303.44,
-                         2035.2,
-                         4460.86,
-                         2077.2
-                       ],
-                       column: 'COL12',
-                       page_id: 'sha256:c62b086bc4b947bc7b87e237c415df1417ec4ebd5a3bf6b15bc7328890859d4d:p2',
-                       sheet_key: 'c62b086bc4b947bc7b87e237c415df1417ec4ebd5a3bf6b15bc7328890859d4d.pdf#2',
-                       source_id: 'sha256:c62b086bc4b947bc7b87e237c415df1417ec4ebd5a3bf6b15bc7328890859d4d',
-                       span_id: null,
-                       text: 'X'
-                     },
-                     status: 'read',
-                     value: 1
-                   },
-                   {
-                     channel: 'SOFTWARE POINTS AV',
-                     kind: 'software_value',
-                     source: {
-                       bbox_px: [
-                         3772.56,
-                         2035.2,
-                         3841.68,
-                         2077.2
-                       ],
-                       column: 'SOFTWARE POINTS',
-                       page_id: 'sha256:c62b086bc4b947bc7b87e237c415df1417ec4ebd5a3bf6b15bc7328890859d4d:p2',
-                       sheet_key: 'c62b086bc4b947bc7b87e237c415df1417ec4ebd5a3bf6b15bc7328890859d4d.pdf#2',
-                       source_id: 'sha256:c62b086bc4b947bc7b87e237c415df1417ec4ebd5a3bf6b15bc7328890859d4d',
-                       span_id: null,
-                       text: 'X'
-                     },
-                     status: 'read',
-                     value: 1
-                   },
-                   {
-                     channel: 'TREND',
-                     kind: 'attribute',
-                     source: {
-                       bbox_px: [
-                         3910.56,
-                         2035.2,
-                         4017.12,
-                         2077.2
-                       ],
-                       column: 'SOFTWARE POINTS 3',
-                       page_id: 'sha256:c62b086bc4b947bc7b87e237c415df1417ec4ebd5a3bf6b15bc7328890859d4d:p2',
-                       sheet_key: 'c62b086bc4b947bc7b87e237c415df1417ec4ebd5a3bf6b15bc7328890859d4d.pdf#2',
-                       source_id: 'sha256:c62b086bc4b947bc7b87e237c415df1417ec4ebd5a3bf6b15bc7328890859d4d',
-                       span_id: null,
-                       text: 'X'
-                     },
-                     status: 'read',
-                     value: 1
-                   }
-                 ],
-                 qualifiers: [],
-                 raw: {
-                   cells: {
-                     'SOFTWARE POINTS 3': {
-                       bbox: [
-                         3910.56,
-                         2035.2,
-                         4017.12,
-                         2077.2
-                       ],
-                       text: 'X'
-                     },
-                     'SOFTWARE POINTS': {
-                       bbox: [
-                         3772.56,
-                         2035.2,
-                         3841.68,
-                         2077.2
-                       ],
-                       text: 'X'
-                     },
-                     COL12: {
-                       bbox: [
-                         4303.44,
-                         2035.2,
-                         4460.86,
-                         2077.2
-                       ],
-                       text: 'X'
-                     },
-                     COL1: {
-                       bbox: [
-                         3127.92,
-                         2035.2,
-                         3201.36,
-                         2077.2
-                       ],
-                       text: '6'
-                     },
-                     COL2: {
-                       bbox: [
-                         3201.36,
-                         2035.2,
-                         3514.8,
-                         2077.2
-                       ],
-                       text: 'FREQUENCY'
-                     }
-                   },
-                   key: '6'
-                 },
-                 row_id: 'row:7851bc7853293c172267f3c1cbdb72e4200f31c50bd24ea324de9a2722fe7311:1',
-                 status: 'interpreted',
-                 uninterpreted_columns: [],
-                 unobserved_columns: [
-                   'COL11',
-                   'HARDWARE POINTS',
-                   'HARDWARE POINTS 2',
-                   'HARDWARE POINTS 3',
-                   'HARDWARE POINTS 4',
-                   'SOFTWARE POINTS 2',
-                   'SOFTWARE POINTS 4'
-                 ]
-               },
-               {
-                 field_wiring_status: 'not_established',
-                 issues: [],
-                 local_key: '7',
-                 name: 'POWER FACTOR',
-                 observations: [
-                   {
-                     channel: 'SHOW ON GRAPHIC',
-                     kind: 'attribute',
-                     source: {
-                       bbox_px: [
-                         4303.44,
-                         2077.2,
-                         4460.86,
-                         2119.2
-                       ],
-                       column: 'COL12',
-                       page_id: 'sha256:c62b086bc4b947bc7b87e237c415df1417ec4ebd5a3bf6b15bc7328890859d4d:p2',
-                       sheet_key: 'c62b086bc4b947bc7b87e237c415df1417ec4ebd5a3bf6b15bc7328890859d4d.pdf#2',
-                       source_id: 'sha256:c62b086bc4b947bc7b87e237c415df1417ec4ebd5a3bf6b15bc7328890859d4d',
-                       span_id: null,
-                       text: 'X'
-                     },
-                     status: 'read',
-                     value: 1
-                   },
-                   {
-                     channel: 'SOFTWARE POINTS AV',
-                     kind: 'software_value',
-                     source: {
-                       bbox_px: [
-                         3772.56,
-                         2077.2,
-                         3841.68,
-                         2119.2
-                       ],
-                       column: 'SOFTWARE POINTS',
-                       page_id: 'sha256:c62b086bc4b947bc7b87e237c415df1417ec4ebd5a3bf6b15bc7328890859d4d:p2',
-                       sheet_key: 'c62b086bc4b947bc7b87e237c415df1417ec4ebd5a3bf6b15bc7328890859d4d.pdf#2',
-                       source_id: 'sha256:c62b086bc4b947bc7b87e237c415df1417ec4ebd5a3bf6b15bc7328890859d4d',
-                       span_id: null,
-                       text: 'X'
-                     },
-                     status: 'read',
-                     value: 1
-                   },
-                   {
-                     channel: 'TREND',
-                     kind: 'attribute',
-                     source: {
-                       bbox_px: [
-                         3910.56,
-                         2077.2,
-                         4017.12,
-                         2119.2
-                       ],
-                       column: 'SOFTWARE POINTS 3',
-                       page_id: 'sha256:c62b086bc4b947bc7b87e237c415df1417ec4ebd5a3bf6b15bc7328890859d4d:p2',
-                       sheet_key: 'c62b086bc4b947bc7b87e237c415df1417ec4ebd5a3bf6b15bc7328890859d4d.pdf#2',
-                       source_id: 'sha256:c62b086bc4b947bc7b87e237c415df1417ec4ebd5a3bf6b15bc7328890859d4d',
-                       span_id: null,
-                       text: 'X'
-                     },
-                     status: 'read',
-                     value: 1
-                   }
-                 ],
-                 qualifiers: [],
-                 raw: {
-                   cells: {
-                     'SOFTWARE POINTS 3': {
-                       bbox: [
-                         3910.56,
-                         2077.2,
-                         4017.12,
-                         2119.2
-                       ],
-                       text: 'X'
-                     },
-                     'SOFTWARE POINTS': {
-                       bbox: [
-                         3772.56,
-                         2077.2,
-                         3841.68,
-                         2119.2
-                       ],
-                       text: 'X'
-                     },
-                     COL12: {
-                       bbox: [
-                         4303.44,
-                         2077.2,
-                         4460.86,
-                         2119.2
-                       ],
-                       text: 'X'
-                     },
-                     COL1: {
-                       bbox: [
-                         3127.92,
-                         2077.2,
-                         3201.36,
-                         2119.2
-                       ],
-                       text: '7'
-                     },
-                     COL2: {
-                       bbox: [
-                         3201.36,
-                         2077.2,
-                         3514.8,
-                         2119.2
-                       ],
-                       text: 'POWER FACTOR'
-                     }
-                   },
-                   key: '7'
-                 },
-                 row_id: 'row:ca776908fbef17d719f65c9176b4b69184d2c978463514e88870e9403fdde866:1',
-                 status: 'interpreted',
-                 uninterpreted_columns: [],
-                 unobserved_columns: [
-                   'COL11',
-                   'HARDWARE POINTS',
-                   'HARDWARE POINTS 2',
-                   'HARDWARE POINTS 3',
-                   'HARDWARE POINTS 4',
-                   'SOFTWARE POINTS 2',
-                   'SOFTWARE POINTS 4'
-                 ]
-               },
-               {
-                 field_wiring_status: 'not_established',
-                 issues: [],
-                 local_key: '8',
-                 name: 'REAL ENERGY - KWH',
-                 observations: [
-                   {
-                     channel: 'SHOW ON GRAPHIC',
-                     kind: 'attribute',
-                     source: {
-                       bbox_px: [
-                         4303.44,
-                         2119.2,
-                         4460.86,
-                         2161.2
-                       ],
-                       column: 'COL12',
-                       page_id: 'sha256:c62b086bc4b947bc7b87e237c415df1417ec4ebd5a3bf6b15bc7328890859d4d:p2',
-                       sheet_key: 'c62b086bc4b947bc7b87e237c415df1417ec4ebd5a3bf6b15bc7328890859d4d.pdf#2',
-                       source_id: 'sha256:c62b086bc4b947bc7b87e237c415df1417ec4ebd5a3bf6b15bc7328890859d4d',
-                       span_id: null,
-                       text: 'X'
-                     },
-                     status: 'read',
-                     value: 1
-                   },
-                   {
-                     channel: 'SOFTWARE POINTS AV',
-                     kind: 'software_value',
-                     source: {
-                       bbox_px: [
-                         3772.56,
-                         2119.2,
-                         3841.68,
-                         2161.2
-                       ],
-                       column: 'SOFTWARE POINTS',
-                       page_id: 'sha256:c62b086bc4b947bc7b87e237c415df1417ec4ebd5a3bf6b15bc7328890859d4d:p2',
-                       sheet_key: 'c62b086bc4b947bc7b87e237c415df1417ec4ebd5a3bf6b15bc7328890859d4d.pdf#2',
-                       source_id: 'sha256:c62b086bc4b947bc7b87e237c415df1417ec4ebd5a3bf6b15bc7328890859d4d',
-                       span_id: null,
-                       text: 'X'
-                     },
-                     status: 'read',
-                     value: 1
-                   },
-                   {
-                     channel: 'TREND',
-                     kind: 'attribute',
-                     source: {
-                       bbox_px: [
-                         3910.56,
-                         2119.2,
-                         4017.12,
-                         2161.2
-                       ],
-                       column: 'SOFTWARE POINTS 3',
-                       page_id: 'sha256:c62b086bc4b947bc7b87e237c415df1417ec4ebd5a3bf6b15bc7328890859d4d:p2',
-                       sheet_key: 'c62b086bc4b947bc7b87e237c415df1417ec4ebd5a3bf6b15bc7328890859d4d.pdf#2',
-                       source_id: 'sha256:c62b086bc4b947bc7b87e237c415df1417ec4ebd5a3bf6b15bc7328890859d4d',
-                       span_id: null,
-                       text: 'X'
-                     },
-                     status: 'read',
-                     value: 1
-                   }
-                 ],
-                 qualifiers: [],
-                 raw: {
-                   cells: {
-                     'SOFTWARE POINTS 3': {
-                       bbox: [
-                         3910.56,
-                         2119.2,
-                         4017.12,
-                         2161.2
-                       ],
-                       text: 'X'
-                     },
-                     'SOFTWARE POINTS': {
-                       bbox: [
-                         3772.56,
-                         2119.2,
-                         3841.68,
-                         2161.2
-                       ],
-                       text: 'X'
-                     },
-                     COL12: {
-                       bbox: [
-                         4303.44,
-                         2119.2,
-                         4460.86,
-                         2161.2
-                       ],
-                       text: 'X'
-                     },
-                     COL1: {
-                       bbox: [
-                         3127.92,
-                         2119.2,
-                         3201.36,
-                         2161.2
-                       ],
-                       text: '8'
-                     },
-                     COL2: {
-                       bbox: [
-                         3201.36,
-                         2119.2,
-                         3514.8,
-                         2161.2
-                       ],
-                       text: 'REAL ENERGY - KWH'
-                     }
-                   },
-                   key: '8'
-                 },
-                 row_id: 'row:f9e41138b35b7b7b26a7f802f4299edfcf40561fabdd8bf6fd22a9be3a82c7c2:1',
-                 status: 'interpreted',
-                 uninterpreted_columns: [],
-                 unobserved_columns: [
-                   'COL11',
-                   'HARDWARE POINTS',
-                   'HARDWARE POINTS 2',
-                   'HARDWARE POINTS 3',
-                   'HARDWARE POINTS 4',
-                   'SOFTWARE POINTS 2',
-                   'SOFTWARE POINTS 4'
-                 ]
-               },
-               {
-                 field_wiring_status: 'not_established',
-                 issues: [],
-                 local_key: '9',
-                 name: 'REAL POWER - KW',
-                 observations: [
-                   {
-                     channel: 'SHOW ON GRAPHIC',
-                     kind: 'attribute',
-                     source: {
-                       bbox_px: [
-                         4303.44,
-                         2161.2,
-                         4460.86,
-                         2203.2
-                       ],
-                       column: 'COL12',
-                       page_id: 'sha256:c62b086bc4b947bc7b87e237c415df1417ec4ebd5a3bf6b15bc7328890859d4d:p2',
-                       sheet_key: 'c62b086bc4b947bc7b87e237c415df1417ec4ebd5a3bf6b15bc7328890859d4d.pdf#2',
-                       source_id: 'sha256:c62b086bc4b947bc7b87e237c415df1417ec4ebd5a3bf6b15bc7328890859d4d',
-                       span_id: null,
-                       text: 'X'
-                     },
-                     status: 'read',
-                     value: 1
-                   },
-                   {
-                     channel: 'SOFTWARE POINTS AV',
-                     kind: 'software_value',
-                     source: {
-                       bbox_px: [
-                         3772.56,
-                         2161.2,
-                         3841.68,
-                         2203.2
-                       ],
-                       column: 'SOFTWARE POINTS',
-                       page_id: 'sha256:c62b086bc4b947bc7b87e237c415df1417ec4ebd5a3bf6b15bc7328890859d4d:p2',
-                       sheet_key: 'c62b086bc4b947bc7b87e237c415df1417ec4ebd5a3bf6b15bc7328890859d4d.pdf#2',
-                       source_id: 'sha256:c62b086bc4b947bc7b87e237c415df1417ec4ebd5a3bf6b15bc7328890859d4d',
-                       span_id: null,
-                       text: 'X'
-                     },
-                     status: 'read',
-                     value: 1
-                   },
-                   {
-                     channel: 'TREND',
-                     kind: 'attribute',
-                     source: {
-                       bbox_px: [
-                         3910.56,
-                         2161.2,
-                         4017.12,
-                         2203.2
-                       ],
-                       column: 'SOFTWARE POINTS 3',
-                       page_id: 'sha256:c62b086bc4b947bc7b87e237c415df1417ec4ebd5a3bf6b15bc7328890859d4d:p2',
-                       sheet_key: 'c62b086bc4b947bc7b87e237c415df1417ec4ebd5a3bf6b15bc7328890859d4d.pdf#2',
-                       source_id: 'sha256:c62b086bc4b947bc7b87e237c415df1417ec4ebd5a3bf6b15bc7328890859d4d',
-                       span_id: null,
-                       text: 'X'
-                     },
-                     status: 'read',
-                     value: 1
-                   }
-                 ],
-                 qualifiers: [],
-                 raw: {
-                   cells: {
-                     'SOFTWARE POINTS 3': {
-                       bbox: [
-                         3910.56,
-                         2161.2,
-                         4017.12,
-                         2203.2
-                       ],
-                       text: 'X'
-                     },
-                     'SOFTWARE POINTS': {
-                       bbox: [
-                         3772.56,
-                         2161.2,
-                         3841.68,
-                         2203.2
-                       ],
-                       text: 'X'
-                     },
-                     COL12: {
-                       bbox: [
-                         4303.44,
-                         2161.2,
-                         4460.86,
-                         2203.2
-                       ],
-                       text: 'X'
-                     },
-                     COL1: {
-                       bbox: [
-                         3127.92,
-                         2161.2,
-                         3201.36,
-                         2203.2
-                       ],
-                       text: '9'
-                     },
-                     COL2: {
-                       bbox: [
-                         3201.36,
-                         2161.2,
-                         3514.8,
-                         2203.2
-                       ],
-                       text: 'REAL POWER - KW'
-                     }
-                   },
-                   key: '9'
-                 },
-                 row_id: 'row:5c1d07a8f236529bef286060d9f2970bbc3ec8987becff29ec93761342bffe66:1',
-                 status: 'interpreted',
-                 uninterpreted_columns: [],
-                 unobserved_columns: [
-                   'COL11',
-                   'HARDWARE POINTS',
-                   'HARDWARE POINTS 2',
-                   'HARDWARE POINTS 3',
-                   'HARDWARE POINTS 4',
-                   'SOFTWARE POINTS 2',
-                   'SOFTWARE POINTS 4'
-                 ]
-               },
-               {
-                 field_wiring_status: 'not_established',
-                 issues: [],
-                 local_key: '10',
-                 name: 'VOLTAGE A-B',
-                 observations: [
-                   {
-                     channel: 'SHOW ON GRAPHIC',
-                     kind: 'attribute',
-                     source: {
-                       bbox_px: [
-                         4303.44,
-                         2203.2,
-                         4460.86,
-                         2245.2
-                       ],
-                       column: 'COL12',
-                       page_id: 'sha256:c62b086bc4b947bc7b87e237c415df1417ec4ebd5a3bf6b15bc7328890859d4d:p2',
-                       sheet_key: 'c62b086bc4b947bc7b87e237c415df1417ec4ebd5a3bf6b15bc7328890859d4d.pdf#2',
-                       source_id: 'sha256:c62b086bc4b947bc7b87e237c415df1417ec4ebd5a3bf6b15bc7328890859d4d',
-                       span_id: null,
-                       text: 'X'
-                     },
-                     status: 'read',
-                     value: 1
-                   },
-                   {
-                     channel: 'SOFTWARE POINTS AV',
-                     kind: 'software_value',
-                     source: {
-                       bbox_px: [
-                         3772.56,
-                         2203.2,
-                         3841.68,
-                         2245.2
-                       ],
-                       column: 'SOFTWARE POINTS',
-                       page_id: 'sha256:c62b086bc4b947bc7b87e237c415df1417ec4ebd5a3bf6b15bc7328890859d4d:p2',
-                       sheet_key: 'c62b086bc4b947bc7b87e237c415df1417ec4ebd5a3bf6b15bc7328890859d4d.pdf#2',
-                       source_id: 'sha256:c62b086bc4b947bc7b87e237c415df1417ec4ebd5a3bf6b15bc7328890859d4d',
-                       span_id: null,
-                       text: 'X'
-                     },
-                     status: 'read',
-                     value: 1
-                   },
-                   {
-                     channel: 'TREND',
-                     kind: 'attribute',
-                     source: {
-                       bbox_px: [
-                         3910.56,
-                         2203.2,
-                         4017.12,
-                         2245.2
-                       ],
-                       column: 'SOFTWARE POINTS 3',
-                       page_id: 'sha256:c62b086bc4b947bc7b87e237c415df1417ec4ebd5a3bf6b15bc7328890859d4d:p2',
-                       sheet_key: 'c62b086bc4b947bc7b87e237c415df1417ec4ebd5a3bf6b15bc7328890859d4d.pdf#2',
-                       source_id: 'sha256:c62b086bc4b947bc7b87e237c415df1417ec4ebd5a3bf6b15bc7328890859d4d',
-                       span_id: null,
-                       text: 'X'
-                     },
-                     status: 'read',
-                     value: 1
-                   }
-                 ],
-                 qualifiers: [],
-                 raw: {
-                   cells: {
-                     'SOFTWARE POINTS 3': {
-                       bbox: [
-                         3910.56,
-                         2203.2,
-                         4017.12,
-                         2245.2
-                       ],
-                       text: 'X'
-                     },
-                     'SOFTWARE POINTS': {
-                       bbox: [
-                         3772.56,
-                         2203.2,
-                         3841.68,
-                         2245.2
-                       ],
-                       text: 'X'
-                     },
-                     COL12: {
-                       bbox: [
-                         4303.44,
-                         2203.2,
-                         4460.86,
-                         2245.2
-                       ],
-                       text: 'X'
-                     },
-                     COL1: {
-                       bbox: [
-                         3127.92,
-                         2203.2,
-                         3201.36,
-                         2245.2
-                       ],
-                       text: '10'
-                     },
-                     COL2: {
-                       bbox: [
-                         3201.36,
-                         2203.2,
-                         3514.8,
-                         2245.2
-                       ],
-                       text: 'VOLTAGE A-B'
-                     }
-                   },
-                   key: '10'
-                 },
-                 row_id: 'row:817e76cc8c8dd80ace08f40797c5661b5de6ab09e406c1d9f4b258db23bcd65f:1',
-                 status: 'interpreted',
-                 uninterpreted_columns: [],
-                 unobserved_columns: [
-                   'COL11',
-                   'HARDWARE POINTS',
-                   'HARDWARE POINTS 2',
-                   'HARDWARE POINTS 3',
-                   'HARDWARE POINTS 4',
-                   'SOFTWARE POINTS 2',
-                   'SOFTWARE POINTS 4'
-                 ]
-               },
-               {
-                 field_wiring_status: 'not_established',
-                 issues: [],
-                 local_key: '11',
-                 name: 'VOLTAGE A-N',
-                 observations: [
-                   {
-                     channel: 'SHOW ON GRAPHIC',
-                     kind: 'attribute',
-                     source: {
-                       bbox_px: [
-                         4303.44,
-                         2245.2,
-                         4460.86,
-                         2287.2
-                       ],
-                       column: 'COL12',
-                       page_id: 'sha256:c62b086bc4b947bc7b87e237c415df1417ec4ebd5a3bf6b15bc7328890859d4d:p2',
-                       sheet_key: 'c62b086bc4b947bc7b87e237c415df1417ec4ebd5a3bf6b15bc7328890859d4d.pdf#2',
-                       source_id: 'sha256:c62b086bc4b947bc7b87e237c415df1417ec4ebd5a3bf6b15bc7328890859d4d',
-                       span_id: null,
-                       text: 'X'
-                     },
-                     status: 'read',
-                     value: 1
-                   },
-                   {
-                     channel: 'SOFTWARE POINTS AV',
-                     kind: 'software_value',
-                     source: {
-                       bbox_px: [
-                         3772.56,
-                         2245.2,
-                         3841.68,
-                         2287.2
-                       ],
-                       column: 'SOFTWARE POINTS',
-                       page_id: 'sha256:c62b086bc4b947bc7b87e237c415df1417ec4ebd5a3bf6b15bc7328890859d4d:p2',
-                       sheet_key: 'c62b086bc4b947bc7b87e237c415df1417ec4ebd5a3bf6b15bc7328890859d4d.pdf#2',
-                       source_id: 'sha256:c62b086bc4b947bc7b87e237c415df1417ec4ebd5a3bf6b15bc7328890859d4d',
-                       span_id: null,
-                       text: 'X'
-                     },
-                     status: 'read',
-                     value: 1
-                   },
-                   {
-                     channel: 'TREND',
-                     kind: 'attribute',
-                     source: {
-                       bbox_px: [
-                         3910.56,
-                         2245.2,
-                         4017.12,
-                         2287.2
-                       ],
-                       column: 'SOFTWARE POINTS 3',
-                       page_id: 'sha256:c62b086bc4b947bc7b87e237c415df1417ec4ebd5a3bf6b15bc7328890859d4d:p2',
-                       sheet_key: 'c62b086bc4b947bc7b87e237c415df1417ec4ebd5a3bf6b15bc7328890859d4d.pdf#2',
-                       source_id: 'sha256:c62b086bc4b947bc7b87e237c415df1417ec4ebd5a3bf6b15bc7328890859d4d',
-                       span_id: null,
-                       text: 'X'
-                     },
-                     status: 'read',
-                     value: 1
-                   }
-                 ],
-                 qualifiers: [],
-                 raw: {
-                   cells: {
-                     'SOFTWARE POINTS 3': {
-                       bbox: [
-                         3910.56,
-                         2245.2,
-                         4017.12,
-                         2287.2
-                       ],
-                       text: 'X'
-                     },
-                     'SOFTWARE POINTS': {
-                       bbox: [
-                         3772.56,
-                         2245.2,
-                         3841.68,
-                         2287.2
-                       ],
-                       text: 'X'
-                     },
-                     COL12: {
-                       bbox: [
-                         4303.44,
-                         2245.2,
-                         4460.86,
-                         2287.2
-                       ],
-                       text: 'X'
-                     },
-                     COL1: {
-                       bbox: [
-                         3127.92,
-                         2245.2,
-                         3201.36,
-                         2287.2
-                       ],
-                       text: '11'
-                     },
-                     COL2: {
-                       bbox: [
-                         3201.36,
-                         2245.2,
-                         3514.8,
-                         2287.2
-                       ],
-                       text: 'VOLTAGE A-N'
-                     }
-                   },
-                   key: '11'
-                 },
-                 row_id: 'row:0fbba609bbb6b27d6a1a5a53ba3c0766f24ba4237c93db3cd7178c0b14f4ade8:1',
-                 status: 'interpreted',
-                 uninterpreted_columns: [],
-                 unobserved_columns: [
-                   'COL11',
-                   'HARDWARE POINTS',
-                   'HARDWARE POINTS 2',
-                   'HARDWARE POINTS 3',
-                   'HARDWARE POINTS 4',
-                   'SOFTWARE POINTS 2',
-                   'SOFTWARE POINTS 4'
-                 ]
-               },
-               {
-                 field_wiring_status: 'not_established',
-                 issues: [],
-                 local_key: '12',
-                 name: 'VOLTAGE B-C',
-                 observations: [
-                   {
-                     channel: 'SHOW ON GRAPHIC',
-                     kind: 'attribute',
-                     source: {
-                       bbox_px: [
-                         4303.44,
-                         2287.2,
-                         4460.86,
-                         2328.96
-                       ],
-                       column: 'COL12',
-                       page_id: 'sha256:c62b086bc4b947bc7b87e237c415df1417ec4ebd5a3bf6b15bc7328890859d4d:p2',
-                       sheet_key: 'c62b086bc4b947bc7b87e237c415df1417ec4ebd5a3bf6b15bc7328890859d4d.pdf#2',
-                       source_id: 'sha256:c62b086bc4b947bc7b87e237c415df1417ec4ebd5a3bf6b15bc7328890859d4d',
-                       span_id: null,
-                       text: 'X'
-                     },
-                     status: 'read',
-                     value: 1
-                   },
-                   {
-                     channel: 'SOFTWARE POINTS AV',
-                     kind: 'software_value',
-                     source: {
-                       bbox_px: [
-                         3772.56,
-                         2287.2,
-                         3841.68,
-                         2328.96
-                       ],
-                       column: 'SOFTWARE POINTS',
-                       page_id: 'sha256:c62b086bc4b947bc7b87e237c415df1417ec4ebd5a3bf6b15bc7328890859d4d:p2',
-                       sheet_key: 'c62b086bc4b947bc7b87e237c415df1417ec4ebd5a3bf6b15bc7328890859d4d.pdf#2',
-                       source_id: 'sha256:c62b086bc4b947bc7b87e237c415df1417ec4ebd5a3bf6b15bc7328890859d4d',
-                       span_id: null,
-                       text: 'X'
-                     },
-                     status: 'read',
-                     value: 1
-                   },
-                   {
-                     channel: 'TREND',
-                     kind: 'attribute',
-                     source: {
-                       bbox_px: [
-                         3910.56,
-                         2287.2,
-                         4017.12,
-                         2328.96
-                       ],
-                       column: 'SOFTWARE POINTS 3',
-                       page_id: 'sha256:c62b086bc4b947bc7b87e237c415df1417ec4ebd5a3bf6b15bc7328890859d4d:p2',
-                       sheet_key: 'c62b086bc4b947bc7b87e237c415df1417ec4ebd5a3bf6b15bc7328890859d4d.pdf#2',
-                       source_id: 'sha256:c62b086bc4b947bc7b87e237c415df1417ec4ebd5a3bf6b15bc7328890859d4d',
-                       span_id: null,
-                       text: 'X'
-                     },
-                     status: 'read',
-                     value: 1
-                   }
-                 ],
-                 qualifiers: [],
-                 raw: {
-                   cells: {
-                     'SOFTWARE POINTS 3': {
-                       bbox: [
-                         3910.56,
-                         2287.2,
-                         4017.12,
-                         2328.96
-                       ],
-                       text: 'X'
-                     },
-                     'SOFTWARE POINTS': {
-                       bbox: [
-                         3772.56,
-                         2287.2,
-                         3841.68,
-                         2328.96
-                       ],
-                       text: 'X'
-                     },
-                     COL12: {
-                       bbox: [
-                         4303.44,
-                         2287.2,
-                         4460.86,
-                         2328.96
-                       ],
-                       text: 'X'
-                     },
-                     COL1: {
-                       bbox: [
-                         3127.92,
-                         2287.2,
-                         3201.36,
-                         2328.96
-                       ],
-                       text: '12'
-                     },
-                     COL2: {
-                       bbox: [
-                         3201.36,
-                         2287.2,
-                         3514.8,
-                         2328.96
-                       ],
-                       text: 'VOLTAGE B-C'
-                     }
-                   },
-                   key: '12'
-                 },
-                 row_id: 'row:77e425fb631be350cdb5cd9bc36b7aedacc54f7ccf5ebd72cdcd9362956254cf:1',
-                 status: 'interpreted',
-                 uninterpreted_columns: [],
-                 unobserved_columns: [
-                   'COL11',
-                   'HARDWARE POINTS',
-                   'HARDWARE POINTS 2',
-                   'HARDWARE POINTS 3',
-                   'HARDWARE POINTS 4',
-                   'SOFTWARE POINTS 2',
-                   'SOFTWARE POINTS 4'
-                 ]
-               },
-               {
-                 field_wiring_status: 'not_established',
-                 issues: [],
-                 local_key: '13',
-                 name: 'VOLTAGE B-N',
-                 observations: [
-                   {
-                     channel: 'SHOW ON GRAPHIC',
-                     kind: 'attribute',
-                     source: {
-                       bbox_px: [
-                         4303.44,
-                         2328.96,
-                         4460.86,
-                         2370.96
-                       ],
-                       column: 'COL12',
-                       page_id: 'sha256:c62b086bc4b947bc7b87e237c415df1417ec4ebd5a3bf6b15bc7328890859d4d:p2',
-                       sheet_key: 'c62b086bc4b947bc7b87e237c415df1417ec4ebd5a3bf6b15bc7328890859d4d.pdf#2',
-                       source_id: 'sha256:c62b086bc4b947bc7b87e237c415df1417ec4ebd5a3bf6b15bc7328890859d4d',
-                       span_id: null,
-                       text: 'X'
-                     },
-                     status: 'read',
-                     value: 1
-                   },
-                   {
-                     channel: 'SOFTWARE POINTS AV',
-                     kind: 'software_value',
-                     source: {
-                       bbox_px: [
-                         3772.56,
-                         2328.96,
-                         3841.68,
-                         2370.96
-                       ],
-                       column: 'SOFTWARE POINTS',
-                       page_id: 'sha256:c62b086bc4b947bc7b87e237c415df1417ec4ebd5a3bf6b15bc7328890859d4d:p2',
-                       sheet_key: 'c62b086bc4b947bc7b87e237c415df1417ec4ebd5a3bf6b15bc7328890859d4d.pdf#2',
-                       source_id: 'sha256:c62b086bc4b947bc7b87e237c415df1417ec4ebd5a3bf6b15bc7328890859d4d',
-                       span_id: null,
-                       text: 'X'
-                     },
-                     status: 'read',
-                     value: 1
-                   },
-                   {
-                     channel: 'TREND',
-                     kind: 'attribute',
-                     source: {
-                       bbox_px: [
-                         3910.56,
-                         2328.96,
-                         4017.12,
-                         2370.96
-                       ],
-                       column: 'SOFTWARE POINTS 3',
-                       page_id: 'sha256:c62b086bc4b947bc7b87e237c415df1417ec4ebd5a3bf6b15bc7328890859d4d:p2',
-                       sheet_key: 'c62b086bc4b947bc7b87e237c415df1417ec4ebd5a3bf6b15bc7328890859d4d.pdf#2',
-                       source_id: 'sha256:c62b086bc4b947bc7b87e237c415df1417ec4ebd5a3bf6b15bc7328890859d4d',
-                       span_id: null,
-                       text: 'X'
-                     },
-                     status: 'read',
-                     value: 1
-                   }
-                 ],
-                 qualifiers: [],
-                 raw: {
-                   cells: {
-                     'SOFTWARE POINTS 3': {
-                       bbox: [
-                         3910.56,
-                         2328.96,
-                         4017.12,
-                         2370.96
-                       ],
-                       text: 'X'
-                     },
-                     'SOFTWARE POINTS': {
-                       bbox: [
-                         3772.56,
-                         2328.96,
-                         3841.68,
-                         2370.96
-                       ],
-                       text: 'X'
-                     },
-                     COL12: {
-                       bbox: [
-                         4303.44,
-                         2328.96,
-                         4460.86,
-                         2370.96
-                       ],
-                       text: 'X'
-                     },
-                     COL1: {
-                       bbox: [
-                         3127.92,
-                         2328.96,
-                         3201.36,
-                         2370.96
-                       ],
-                       text: '13'
-                     },
-                     COL2: {
-                       bbox: [
-                         3201.36,
-                         2328.96,
-                         3514.8,
-                         2370.96
-                       ],
-                       text: 'VOLTAGE B-N'
-                     }
-                   },
-                   key: '13'
-                 },
-                 row_id: 'row:fa9055a71ba664a07178f947dfb76f8893fc9262690c7a498776e90ca3c7dc30:1',
-                 status: 'interpreted',
-                 uninterpreted_columns: [],
-                 unobserved_columns: [
-                   'COL11',
-                   'HARDWARE POINTS',
-                   'HARDWARE POINTS 2',
-                   'HARDWARE POINTS 3',
-                   'HARDWARE POINTS 4',
-                   'SOFTWARE POINTS 2',
-                   'SOFTWARE POINTS 4'
-                 ]
-               },
-               {
-                 field_wiring_status: 'not_established',
-                 issues: [],
-                 local_key: '14',
-                 name: 'VOLTAGE C-A',
-                 observations: [
-                   {
-                     channel: 'SHOW ON GRAPHIC',
-                     kind: 'attribute',
-                     source: {
-                       bbox_px: [
-                         4303.44,
-                         2370.96,
-                         4460.86,
-                         2412.96
-                       ],
-                       column: 'COL12',
-                       page_id: 'sha256:c62b086bc4b947bc7b87e237c415df1417ec4ebd5a3bf6b15bc7328890859d4d:p2',
-                       sheet_key: 'c62b086bc4b947bc7b87e237c415df1417ec4ebd5a3bf6b15bc7328890859d4d.pdf#2',
-                       source_id: 'sha256:c62b086bc4b947bc7b87e237c415df1417ec4ebd5a3bf6b15bc7328890859d4d',
-                       span_id: null,
-                       text: 'X'
-                     },
-                     status: 'read',
-                     value: 1
-                   },
-                   {
-                     channel: 'SOFTWARE POINTS AV',
-                     kind: 'software_value',
-                     source: {
-                       bbox_px: [
-                         3772.56,
-                         2370.96,
-                         3841.68,
-                         2412.96
-                       ],
-                       column: 'SOFTWARE POINTS',
-                       page_id: 'sha256:c62b086bc4b947bc7b87e237c415df1417ec4ebd5a3bf6b15bc7328890859d4d:p2',
-                       sheet_key: 'c62b086bc4b947bc7b87e237c415df1417ec4ebd5a3bf6b15bc7328890859d4d.pdf#2',
-                       source_id: 'sha256:c62b086bc4b947bc7b87e237c415df1417ec4ebd5a3bf6b15bc7328890859d4d',
-                       span_id: null,
-                       text: 'X'
-                     },
-                     status: 'read',
-                     value: 1
-                   },
-                   {
-                     channel: 'TREND',
-                     kind: 'attribute',
-                     source: {
-                       bbox_px: [
-                         3910.56,
-                         2370.96,
-                         4017.12,
-                         2412.96
-                       ],
-                       column: 'SOFTWARE POINTS 3',
-                       page_id: 'sha256:c62b086bc4b947bc7b87e237c415df1417ec4ebd5a3bf6b15bc7328890859d4d:p2',
-                       sheet_key: 'c62b086bc4b947bc7b87e237c415df1417ec4ebd5a3bf6b15bc7328890859d4d.pdf#2',
-                       source_id: 'sha256:c62b086bc4b947bc7b87e237c415df1417ec4ebd5a3bf6b15bc7328890859d4d',
-                       span_id: null,
-                       text: 'X'
-                     },
-                     status: 'read',
-                     value: 1
-                   }
-                 ],
-                 qualifiers: [],
-                 raw: {
-                   cells: {
-                     'SOFTWARE POINTS 3': {
-                       bbox: [
-                         3910.56,
-                         2370.96,
-                         4017.12,
-                         2412.96
-                       ],
-                       text: 'X'
-                     },
-                     'SOFTWARE POINTS': {
-                       bbox: [
-                         3772.56,
-                         2370.96,
-                         3841.68,
-                         2412.96
-                       ],
-                       text: 'X'
-                     },
-                     COL12: {
-                       bbox: [
-                         4303.44,
-                         2370.96,
-                         4460.86,
-                         2412.96
-                       ],
-                       text: 'X'
-                     },
-                     COL1: {
-                       bbox: [
-                         3127.92,
-                         2370.96,
-                         3201.36,
-                         2412.96
-                       ],
-                       text: '14'
-                     },
-                     COL2: {
-                       bbox: [
-                         3201.36,
-                         2370.96,
-                         3514.8,
-                         2412.96
-                       ],
-                       text: 'VOLTAGE C-A'
-                     }
-                   },
-                   key: '14'
-                 },
-                 row_id: 'row:f8039ce1d3b56843de9c73713fa918cfc0feb658b22297f72080af32475329c1:1',
-                 status: 'interpreted',
-                 uninterpreted_columns: [],
-                 unobserved_columns: [
-                   'COL11',
-                   'HARDWARE POINTS',
-                   'HARDWARE POINTS 2',
-                   'HARDWARE POINTS 3',
-                   'HARDWARE POINTS 4',
-                   'SOFTWARE POINTS 2',
-                   'SOFTWARE POINTS 4'
-                 ]
-               },
-               {
-                 field_wiring_status: 'not_established',
-                 issues: [],
-                 local_key: '15',
-                 name: 'VOLTAGE C-N',
-                 observations: [
-                   {
-                     channel: 'SHOW ON GRAPHIC',
-                     kind: 'attribute',
-                     source: {
-                       bbox_px: [
-                         4303.44,
-                         2412.96,
-                         4460.86,
-                         2454.96
-                       ],
-                       column: 'COL12',
-                       page_id: 'sha256:c62b086bc4b947bc7b87e237c415df1417ec4ebd5a3bf6b15bc7328890859d4d:p2',
-                       sheet_key: 'c62b086bc4b947bc7b87e237c415df1417ec4ebd5a3bf6b15bc7328890859d4d.pdf#2',
-                       source_id: 'sha256:c62b086bc4b947bc7b87e237c415df1417ec4ebd5a3bf6b15bc7328890859d4d',
-                       span_id: null,
-                       text: 'X'
-                     },
-                     status: 'read',
-                     value: 1
-                   },
-                   {
-                     channel: 'SOFTWARE POINTS AV',
-                     kind: 'software_value',
-                     source: {
-                       bbox_px: [
-                         3772.56,
-                         2412.96,
-                         3841.68,
-                         2454.96
-                       ],
-                       column: 'SOFTWARE POINTS',
-                       page_id: 'sha256:c62b086bc4b947bc7b87e237c415df1417ec4ebd5a3bf6b15bc7328890859d4d:p2',
-                       sheet_key: 'c62b086bc4b947bc7b87e237c415df1417ec4ebd5a3bf6b15bc7328890859d4d.pdf#2',
-                       source_id: 'sha256:c62b086bc4b947bc7b87e237c415df1417ec4ebd5a3bf6b15bc7328890859d4d',
-                       span_id: null,
-                       text: 'X'
-                     },
-                     status: 'read',
-                     value: 1
-                   },
-                   {
-                     channel: 'TREND',
-                     kind: 'attribute',
-                     source: {
-                       bbox_px: [
-                         3910.56,
-                         2412.96,
-                         4017.12,
-                         2454.96
-                       ],
-                       column: 'SOFTWARE POINTS 3',
-                       page_id: 'sha256:c62b086bc4b947bc7b87e237c415df1417ec4ebd5a3bf6b15bc7328890859d4d:p2',
-                       sheet_key: 'c62b086bc4b947bc7b87e237c415df1417ec4ebd5a3bf6b15bc7328890859d4d.pdf#2',
-                       source_id: 'sha256:c62b086bc4b947bc7b87e237c415df1417ec4ebd5a3bf6b15bc7328890859d4d',
-                       span_id: null,
-                       text: 'X'
-                     },
-                     status: 'read',
-                     value: 1
-                   }
-                 ],
-                 qualifiers: [],
-                 raw: {
-                   cells: {
-                     'SOFTWARE POINTS 3': {
-                       bbox: [
-                         3910.56,
-                         2412.96,
-                         4017.12,
-                         2454.96
-                       ],
-                       text: 'X'
-                     },
-                     'SOFTWARE POINTS': {
-                       bbox: [
-                         3772.56,
-                         2412.96,
-                         3841.68,
-                         2454.96
-                       ],
-                       text: 'X'
-                     },
-                     COL12: {
-                       bbox: [
-                         4303.44,
-                         2412.96,
-                         4460.86,
-                         2454.96
-                       ],
-                       text: 'X'
-                     },
-                     COL1: {
-                       bbox: [
-                         3127.92,
-                         2412.96,
-                         3201.36,
-                         2454.96
-                       ],
-                       text: '15'
-                     },
-                     COL2: {
-                       bbox: [
-                         3201.36,
-                         2412.96,
-                         3514.8,
-                         2454.96
-                       ],
-                       text: 'VOLTAGE C-N'
-                     }
-                   },
-                   key: '15'
-                 },
-                 row_id: 'row:dff3e2158285598ce8bde74415cd754efbeaa25124f0ba05ed611b75f1db7014:1',
-                 status: 'interpreted',
-                 uninterpreted_columns: [],
-                 unobserved_columns: [
-                   'COL11',
-                   'HARDWARE POINTS',
-                   'HARDWARE POINTS 2',
-                   'HARDWARE POINTS 3',
-                   'HARDWARE POINTS 4',
-                   'SOFTWARE POINTS 2',
-                   'SOFTWARE POINTS 4'
-                 ]
-               }
-             ],
-             source_id: 'sha256:c62b086bc4b947bc7b87e237c415df1417ec4ebd5a3bf6b15bc7328890859d4d'
-           },
-           {
-             header_rows: 0,
-             header_sources: [],
-             issues: [],
-             matrix_id: 'matrix:632f96fef26200855918d6cd2573ab8dfcfe0200be3be4a4d26c59b230e57261',
-             notes: [],
-             page_id: 'sha256:c62b086bc4b947bc7b87e237c415df1417ec4ebd5a3bf6b15bc7328890859d4d:p7',
-             quantity_basis: 'listed_matrix_only',
-             raw: {
-               headers: [
-                 'TAG',
-                 'POINT NAME',
-                 'AI',
-                 'AO',
-                 'DI',
-                 'DO',
-                 'ALARM'
-               ],
-               region: [
-                 3091.68,
-                 816,
-                 4217.76,
-                 1067.76
-               ],
-               rows: [
-                 {
-                   cells: {
-                     'POINT NAME': {
-                       bbox: [
-                         3226.56,
-                         900,
-                         3725.76,
-                         942
-                       ],
-                       text: 'DAMPER POSITION'
-                     },
-                     DO: {
-                       bbox: [
-                         3995.76,
-                         900,
-                         4085.76,
-                         942
-                       ],
-                       text: 'X'
-                     },
-                     TAG: {
-                       bbox: [
-                         3091.68,
-                         900,
-                         3226.56,
-                         942
-                       ],
-                       text: '1'
-                     }
-                   },
-                   key: '1'
-                 },
-                 {
-                   cells: {
-                     'POINT NAME': {
-                       bbox: [
-                         3226.56,
-                         942,
-                         3725.76,
-                         984
-                       ],
-                       text: 'VAV FAILURE'
-                     },
-                     ALARM: {
-                       bbox: [
-                         4085.76,
-                         942,
-                         4217.76,
-                         984
-                       ],
-                       text: 'X'
-                     },
-                     TAG: {
-                       bbox: [
-                         3091.68,
-                         942,
-                         3226.56,
-                         984
-                       ],
-                       text: '2'
-                     }
-                   },
-                   key: '2'
-                 },
-                 {
-                   cells: {
-                     'POINT NAME': {
-                       bbox: [
-                         3226.56,
-                         984,
-                         3725.76,
-                         1026
-                       ],
-                       text: 'DUAL OCCUPANCY SENSOR'
-                     },
-                     DI: {
-                       bbox: [
-                         3905.74,
-                         984,
-                         3995.76,
-                         1026
-                       ],
-                       text: 'X'
-                     },
-                     TAG: {
-                       bbox: [
-                         3091.68,
-                         984,
-                         3226.56,
-                         1026
-                       ],
-                       text: '3'
-                     }
-                   },
-                   key: '3'
-                 },
-                 {
-                   cells: {
-                     'POINT NAME': {
-                       bbox: [
-                         3226.56,
-                         1026,
-                         3725.76,
-                         1067.76
-                       ],
-                       text: 'DOWNSTREAM STATIC PRESSURE'
-                     },
-                     DI: {
-                       bbox: [
-                         3905.74,
-                         1026,
-                         3995.76,
-                         1067.76
-                       ],
-                       text: 'X'
-                     },
-                     TAG: {
-                       bbox: [
-                         3091.68,
-                         1026,
-                         3226.56,
-                         1067.76
-                       ],
-                       text: '4'
-                     }
-                   },
-                   key: '4'
-                 }
-               ],
-               sheet: 'c62b086bc4b947bc7b87e237c415df1417ec4ebd5a3bf6b15bc7328890859d4d.pdf#7',
-               title: {
-                 bbox: [
-                   3091.68,
-                   816,
-                   4217.76,
-                   858
-                 ],
-                 text: 'BAS INPUT/OUTPUT POINT LIST'
-               }
-             },
-             rows: [
-               {
-                 field_wiring_status: 'not_established',
-                 issues: [],
-                 local_key: '1',
-                 name: 'DAMPER POSITION',
-                 observations: [
-                   {
-                     channel: 'DO',
-                     kind: 'declared_io',
-                     source: {
-                       bbox_px: [
-                         3995.76,
-                         900,
-                         4085.76,
-                         942
-                       ],
-                       column: 'DO',
-                       page_id: 'sha256:c62b086bc4b947bc7b87e237c415df1417ec4ebd5a3bf6b15bc7328890859d4d:p7',
-                       sheet_key: 'c62b086bc4b947bc7b87e237c415df1417ec4ebd5a3bf6b15bc7328890859d4d.pdf#7',
-                       source_id: 'sha256:c62b086bc4b947bc7b87e237c415df1417ec4ebd5a3bf6b15bc7328890859d4d',
-                       span_id: null,
-                       text: 'X'
-                     },
-                     status: 'read',
-                     value: 1
-                   }
-                 ],
-                 qualifiers: [],
-                 raw: {
-                   cells: {
-                     'POINT NAME': {
-                       bbox: [
-                         3226.56,
-                         900,
-                         3725.76,
-                         942
-                       ],
-                       text: 'DAMPER POSITION'
-                     },
-                     DO: {
-                       bbox: [
-                         3995.76,
-                         900,
-                         4085.76,
-                         942
-                       ],
-                       text: 'X'
-                     },
-                     TAG: {
-                       bbox: [
-                         3091.68,
-                         900,
-                         3226.56,
-                         942
-                       ],
-                       text: '1'
-                     }
-                   },
-                   key: '1'
-                 },
-                 row_id: 'row:20cb30e37db202af603a89704d3b152e4273f0bec10059376dba6e8fe292920a:1',
-                 status: 'interpreted',
-                 uninterpreted_columns: [],
-                 unobserved_columns: [
-                   'AI',
-                   'ALARM',
-                   'AO',
-                   'DI'
-                 ]
-               },
-               {
-                 field_wiring_status: 'not_established',
-                 issues: [],
-                 local_key: '2',
-                 name: 'VAV FAILURE',
-                 observations: [
-                   {
-                     channel: 'ALARM',
-                     kind: 'attribute',
-                     source: {
-                       bbox_px: [
-                         4085.76,
-                         942,
-                         4217.76,
-                         984
-                       ],
-                       column: 'ALARM',
-                       page_id: 'sha256:c62b086bc4b947bc7b87e237c415df1417ec4ebd5a3bf6b15bc7328890859d4d:p7',
-                       sheet_key: 'c62b086bc4b947bc7b87e237c415df1417ec4ebd5a3bf6b15bc7328890859d4d.pdf#7',
-                       source_id: 'sha256:c62b086bc4b947bc7b87e237c415df1417ec4ebd5a3bf6b15bc7328890859d4d',
-                       span_id: null,
-                       text: 'X'
-                     },
-                     status: 'read',
-                     value: 1
-                   }
-                 ],
-                 qualifiers: [],
-                 raw: {
-                   cells: {
-                     'POINT NAME': {
-                       bbox: [
-                         3226.56,
-                         942,
-                         3725.76,
-                         984
-                       ],
-                       text: 'VAV FAILURE'
-                     },
-                     ALARM: {
-                       bbox: [
-                         4085.76,
-                         942,
-                         4217.76,
-                         984
-                       ],
-                       text: 'X'
-                     },
-                     TAG: {
-                       bbox: [
-                         3091.68,
-                         942,
-                         3226.56,
-                         984
-                       ],
-                       text: '2'
-                     }
-                   },
-                   key: '2'
-                 },
-                 row_id: 'row:80e857e9cb05c5a9c9b47c7f7468583b1e1ec2f5295f0d7bf4087181a6262f0b:1',
-                 status: 'no_typed_requirement',
-                 uninterpreted_columns: [],
-                 unobserved_columns: [
-                   'AI',
-                   'AO',
-                   'DI',
-                   'DO'
-                 ]
-               },
-               {
-                 field_wiring_status: 'not_established',
-                 issues: [],
-                 local_key: '3',
-                 name: 'DUAL OCCUPANCY SENSOR',
-                 observations: [
-                   {
-                     channel: 'DI',
-                     kind: 'declared_io',
-                     source: {
-                       bbox_px: [
-                         3905.74,
-                         984,
-                         3995.76,
-                         1026
-                       ],
-                       column: 'DI',
-                       page_id: 'sha256:c62b086bc4b947bc7b87e237c415df1417ec4ebd5a3bf6b15bc7328890859d4d:p7',
-                       sheet_key: 'c62b086bc4b947bc7b87e237c415df1417ec4ebd5a3bf6b15bc7328890859d4d.pdf#7',
-                       source_id: 'sha256:c62b086bc4b947bc7b87e237c415df1417ec4ebd5a3bf6b15bc7328890859d4d',
-                       span_id: null,
-                       text: 'X'
-                     },
-                     status: 'read',
-                     value: 1
-                   }
-                 ],
-                 qualifiers: [],
-                 raw: {
-                   cells: {
-                     'POINT NAME': {
-                       bbox: [
-                         3226.56,
-                         984,
-                         3725.76,
-                         1026
-                       ],
-                       text: 'DUAL OCCUPANCY SENSOR'
-                     },
-                     DI: {
-                       bbox: [
-                         3905.74,
-                         984,
-                         3995.76,
-                         1026
-                       ],
-                       text: 'X'
-                     },
-                     TAG: {
-                       bbox: [
-                         3091.68,
-                         984,
-                         3226.56,
-                         1026
-                       ],
-                       text: '3'
-                     }
-                   },
-                   key: '3'
-                 },
-                 row_id: 'row:3c4af991500c44673bbb57567d66a05b91a000a2fb45c8fa95a4539cc8566c78:1',
-                 status: 'interpreted',
-                 uninterpreted_columns: [],
-                 unobserved_columns: [
-                   'AI',
-                   'ALARM',
-                   'AO',
-                   'DO'
-                 ]
-               },
-               {
-                 field_wiring_status: 'not_established',
-                 issues: [],
-                 local_key: '4',
-                 name: 'DOWNSTREAM STATIC PRESSURE',
-                 observations: [
-                   {
-                     channel: 'DI',
-                     kind: 'declared_io',
-                     source: {
-                       bbox_px: [
-                         3905.74,
-                         1026,
-                         3995.76,
-                         1067.76
-                       ],
-                       column: 'DI',
-                       page_id: 'sha256:c62b086bc4b947bc7b87e237c415df1417ec4ebd5a3bf6b15bc7328890859d4d:p7',
-                       sheet_key: 'c62b086bc4b947bc7b87e237c415df1417ec4ebd5a3bf6b15bc7328890859d4d.pdf#7',
-                       source_id: 'sha256:c62b086bc4b947bc7b87e237c415df1417ec4ebd5a3bf6b15bc7328890859d4d',
-                       span_id: null,
-                       text: 'X'
-                     },
-                     status: 'read',
-                     value: 1
-                   }
-                 ],
-                 qualifiers: [],
-                 raw: {
-                   cells: {
-                     'POINT NAME': {
-                       bbox: [
-                         3226.56,
-                         1026,
-                         3725.76,
-                         1067.76
-                       ],
-                       text: 'DOWNSTREAM STATIC PRESSURE'
-                     },
-                     DI: {
-                       bbox: [
-                         3905.74,
-                         1026,
-                         3995.76,
-                         1067.76
-                       ],
-                       text: 'X'
-                     },
-                     TAG: {
-                       bbox: [
-                         3091.68,
-                         1026,
-                         3226.56,
-                         1067.76
-                       ],
-                       text: '4'
-                     }
-                   },
-                   key: '4'
-                 },
-                 row_id: 'row:19c993fb7c8731c544cdc59167abe6bad548730ac01b7a34f9445f3936d96328:1',
-                 status: 'interpreted',
-                 uninterpreted_columns: [],
-                 unobserved_columns: [
-                   'AI',
-                   'ALARM',
-                   'AO',
-                   'DO'
-                 ]
-               }
-             ],
-             source_id: 'sha256:c62b086bc4b947bc7b87e237c415df1417ec4ebd5a3bf6b15bc7328890859d4d'
-           },
-           {
-             header_rows: 0,
-             header_sources: [],
-             issues: [],
-             matrix_id: 'matrix:76dbb3e593d94e05aedad0f7e0ed509ca43759a504c31377a21665f2cf3a9dfd',
-             notes: [],
-             page_id: 'sha256:c62b086bc4b947bc7b87e237c415df1417ec4ebd5a3bf6b15bc7328890859d4d:p6',
-             quantity_basis: 'listed_matrix_only',
-             raw: {
-               headers: [
-                 'TAG',
-                 'POINT NAME',
-                 'AI',
-                 'AO',
-                 'DI',
-                 'DO',
-                 'AV',
-                 'BV',
-                 'TREND',
-                 'ALARM'
-               ],
-               region: [
-                 2066.4,
-                 215.04,
-                 3474.48,
-                 1150.8
-               ],
-               rows: [
-                 {
-                   cells: {
-                     'POINT NAME': {
-                       bbox: [
-                         2151.84,
-                         324.72,
-                         2697.6,
-                         368.16
-                       ],
-                       text: 'EMERGENCY SHUTDOWN (GLOBAL)'
-                     },
-                     ALARM: {
-                       bbox: [
-                         3342.5,
-                         324.72,
-                         3474.48,
-                         368.16
-                       ],
-                       text: 'X'
-                     },
-                     TAG: {
-                       bbox: [
-                         2066.4,
-                         324.72,
-                         2151.84,
-                         368.16
-                       ],
-                       text: '1'
-                     }
-                   },
-                   key: '1'
-                 },
-                 {
-                   cells: {
-                     'POINT NAME': {
-                       bbox: [
-                         2151.84,
-                         368.16,
-                         2697.6,
-                         411.6
-                       ],
-                       text: 'SUPPLY AIR TEMPERATURE'
-                     },
-                     AI: {
-                       bbox: [
-                         2697.6,
-                         368.16,
-                         2783.04,
-                         411.6
-                       ],
-                       text: 'X'
-                     },
-                     TAG: {
-                       bbox: [
-                         2066.4,
-                         368.16,
-                         2151.84,
-                         411.6
-                       ],
-                       text: '2'
-                     }
-                   },
-                   key: '2'
-                 },
-                 {
-                   cells: {
-                     'POINT NAME': {
-                       bbox: [
-                         2151.84,
-                         411.6,
-                         2697.6,
-                         455.04
-                       ],
-                       text: 'SPACE TEMPERATURE'
-                     },
-                     AI: {
-                       bbox: [
-                         2697.6,
-                         411.6,
-                         2783.04,
-                         455.04
-                       ],
-                       text: 'X'
-                     },
-                     TAG: {
-                       bbox: [
-                         2066.4,
-                         411.6,
-                         2151.84,
-                         455.04
-                       ],
-                       text: '3'
-                     }
-                   },
-                   key: '3'
-                 },
-                 {
-                   cells: {
-                     'POINT NAME': {
-                       bbox: [
-                         2151.84,
-                         455.04,
-                         2697.6,
-                         498.48
-                       ],
-                       text: 'SUPPLY AIR TEMPERATURE SETPOINT'
-                     },
-                     AO: {
-                       bbox: [
-                         2783.04,
-                         455.04,
-                         2868.48,
-                         498.48
-                       ],
-                       text: 'X'
-                     },
-                     TAG: {
-                       bbox: [
-                         2066.4,
-                         455.04,
-                         2151.84,
-                         498.48
-                       ],
-                       text: '4'
-                     }
-                   },
-                   key: '4'
-                 },
-                 {
-                   cells: {
-                     'POINT NAME': {
-                       bbox: [
-                         2151.84,
-                         498.48,
-                         2697.6,
-                         541.92
-                       ],
-                       text: 'SPACE AIR TEMPERATURE SETPOINT'
-                     },
-                     AO: {
-                       bbox: [
-                         2783.04,
-                         498.48,
-                         2868.48,
-                         541.92
-                       ],
-                       text: 'X'
-                     },
-                     TAG: {
-                       bbox: [
-                         2066.4,
-                         498.48,
-                         2151.84,
-                         541.92
-                       ],
-                       text: '5'
-                     }
-                   },
-                   key: '5'
-                 },
-                 {
-                   cells: {
-                     'POINT NAME': {
-                       bbox: [
-                         2151.84,
-                         541.92,
-                         2697.6,
-                         585.6
-                       ],
-                       text: 'SUPPLY FAN ON/OFF'
-                     },
-                     DO: {
-                       bbox: [
-                         2954.16,
-                         541.92,
-                         3039.6,
-                         585.6
-                       ],
-                       text: 'X'
-                     },
-                     TAG: {
-                       bbox: [
-                         2066.4,
-                         541.92,
-                         2151.84,
-                         585.6
-                       ],
-                       text: '6'
-                     }
-                   },
-                   key: '6'
-                 },
-                 {
-                   cells: {
-                     'POINT NAME': {
-                       bbox: [
-                         2151.84,
-                         585.6,
-                         2697.6,
-                         629.04
-                       ],
-                       text: 'SUPPLY FAN SPEED'
-                     },
-                     AO: {
-                       bbox: [
-                         2783.04,
-                         585.6,
-                         2868.48,
-                         629.04
-                       ],
-                       text: 'X'
-                     },
-                     TAG: {
-                       bbox: [
-                         2066.4,
-                         585.6,
-                         2151.84,
-                         629.04
-                       ],
-                       text: '7'
-                     }
-                   },
-                   key: '7'
-                 },
-                 {
-                   cells: {
-                     'POINT NAME': {
-                       bbox: [
-                         2151.84,
-                         629.04,
-                         2697.6,
-                         672.48
-                       ],
-                       text: 'SUPPLY FAN FAILURE'
-                     },
-                     ALARM: {
-                       bbox: [
-                         3342.5,
-                         629.04,
-                         3474.48,
-                         672.48
-                       ],
-                       text: 'X'
-                     },
-                     TAG: {
-                       bbox: [
-                         2066.4,
-                         629.04,
-                         2151.84,
-                         672.48
-                       ],
-                       text: '8'
-                     }
-                   },
-                   key: '8'
-                 },
-                 {
-                   cells: {
-                     'POINT NAME': {
-                       bbox: [
-                         2151.84,
-                         672.48,
-                         2697.6,
-                         715.92
-                       ],
-                       text: 'RETURN AIR DAMPER POSITION'
-                     },
-                     AI: {
-                       bbox: [
-                         2697.6,
-                         672.48,
-                         2783.04,
-                         715.92
-                       ],
-                       text: 'X'
-                     },
-                     TAG: {
-                       bbox: [
-                         2066.4,
-                         672.48,
-                         2151.84,
-                         715.92
-                       ],
-                       text: '9'
-                     }
-                   },
-                   key: '9'
-                 },
-                 {
-                   cells: {
-                     'POINT NAME': {
-                       bbox: [
-                         2151.84,
-                         715.92,
-                         2697.6,
-                         759.36
-                       ],
-                       text: 'HOT WATER VALVE POSITION'
-                     },
-                     AI: {
-                       bbox: [
-                         2697.6,
-                         715.92,
-                         2783.04,
-                         759.36
-                       ],
-                       text: 'X'
-                     },
-                     TAG: {
-                       bbox: [
-                         2066.4,
-                         715.92,
-                         2151.84,
-                         759.36
-                       ],
-                       text: '10'
-                     }
-                   },
-                   key: '10'
-                 },
-                 {
-                   cells: {
-                     'POINT NAME': {
-                       bbox: [
-                         2151.84,
-                         759.36,
-                         2697.6,
-                         803.04
-                       ],
-                       text: 'CHILLED WATER VALVE POSITION'
-                     },
-                     AI: {
-                       bbox: [
-                         2697.6,
-                         759.36,
-                         2783.04,
-                         803.04
-                       ],
-                       text: 'X'
-                     },
-                     TAG: {
-                       bbox: [
-                         2066.4,
-                         759.36,
-                         2151.84,
-                         803.04
-                       ],
-                       text: '11'
-                     }
-                   },
-                   key: '11'
-                 },
-                 {
-                   cells: {
-                     'POINT NAME': {
-                       bbox: [
-                         2151.84,
-                         803.04,
-                         2697.6,
-                         846.48
-                       ],
-                       text: 'FILTER REPLACEMENT ALARM'
-                     },
-                     ALARM: {
-                       bbox: [
-                         3342.5,
-                         803.04,
-                         3474.48,
-                         846.48
-                       ],
-                       text: 'X'
-                     },
-                     TAG: {
-                       bbox: [
-                         2066.4,
-                         803.04,
-                         2151.84,
-                         846.48
-                       ],
-                       text: '12'
-                     }
-                   },
-                   key: '12'
-                 },
-                 {
-                   cells: {
-                     'POINT NAME': {
-                       bbox: [
-                         2151.84,
-                         846.48,
-                         2697.6,
-                         889.92
-                       ],
-                       text: 'HIGH TEMPERATURE ALARM'
-                     },
-                     ALARM: {
-                       bbox: [
-                         3342.5,
-                         846.48,
-                         3474.48,
-                         889.92
-                       ],
-                       text: 'X'
-                     },
-                     TAG: {
-                       bbox: [
-                         2066.4,
-                         846.48,
-                         2151.84,
-                         889.92
-                       ],
-                       text: '13'
-                     }
-                   },
-                   key: '13'
-                 },
-                 {
-                   cells: {
-                     'POINT NAME': {
-                       bbox: [
-                         2151.84,
-                         889.92,
-                         2697.6,
-                         933.36
-                       ],
-                       text: 'FREEZE PROTECTION'
-                     },
-                     ALARM: {
-                       bbox: [
-                         3342.5,
-                         889.92,
-                         3474.48,
-                         933.36
-                       ],
-                       text: 'X'
-                     },
-                     TAG: {
-                       bbox: [
-                         2066.4,
-                         889.92,
-                         2151.84,
-                         933.36
-                       ],
-                       text: '14'
-                     }
-                   },
-                   key: '14'
-                 },
-                 {
-                   cells: {
-                     'POINT NAME': {
-                       bbox: [
-                         2151.84,
-                         933.36,
-                         2697.6,
-                         976.8
-                       ],
-                       text: 'CHANGE FILTER ALARM'
-                     },
-                     ALARM: {
-                       bbox: [
-                         3342.5,
-                         933.36,
-                         3474.48,
-                         976.8
-                       ],
-                       text: 'X'
-                     },
-                     TAG: {
-                       bbox: [
-                         2066.4,
-                         933.36,
-                         2151.84,
-                         976.8
-                       ],
-                       text: '15'
-                     }
-                   },
-                   key: '15'
-                 },
-                 {
-                   cells: {
-                     'POINT NAME': {
-                       bbox: [
-                         2151.84,
-                         976.8,
-                         2697.6,
-                         1020.24
-                       ],
-                       text: 'HIGH/LOW SUPPLY AIR TEMP. ALARM'
-                     },
-                     ALARM: {
-                       bbox: [
-                         3342.5,
-                         976.8,
-                         3474.48,
-                         1020.24
-                       ],
-                       text: 'X'
-                     },
-                     TAG: {
-                       bbox: [
-                         2066.4,
-                         976.8,
-                         2151.84,
-                         1020.24
-                       ],
-                       text: '16'
-                     }
-                   },
-                   key: '16'
-                 },
-                 {
-                   cells: {
-                     'POINT NAME': {
-                       bbox: [
-                         2151.84,
-                         1020.24,
-                         2697.6,
-                         1063.92
-                       ],
-                       text: 'CONDENSATE OVERFLOW ALARM'
-                     },
-                     ALARM: {
-                       bbox: [
-                         3342.5,
-                         1020.24,
-                         3474.48,
-                         1063.92
-                       ],
-                       text: 'X'
-                     },
-                     TAG: {
-                       bbox: [
-                         2066.4,
-                         1020.24,
-                         2151.84,
-                         1063.92
-                       ],
-                       text: '17'
-                     }
-                   },
-                   key: '17'
-                 },
-                 {
-                   cells: {
-                     'POINT NAME': {
-                       bbox: [
-                         2151.84,
-                         1063.92,
-                         2697.6,
-                         1107.36
-                       ],
-                       text: 'SMOKE DETERCTOR ALARM'
-                     },
-                     ALARM: {
-                       bbox: [
-                         3342.5,
-                         1063.92,
-                         3474.48,
-                         1107.36
-                       ],
-                       text: 'X'
-                     },
-                     TAG: {
-                       bbox: [
-                         2066.4,
-                         1063.92,
-                         2151.84,
-                         1107.36
-                       ],
-                       text: '18'
-                     }
-                   },
-                   key: '18'
-                 },
-                 {
-                   cells: {
-                     'POINT NAME': {
-                       bbox: [
-                         2151.84,
-                         1107.36,
-                         2697.6,
-                         1150.8
-                       ],
-                       text: 'HIGH/LOW SUPPLY STATIC PRESSURE ALARM'
-                     },
-                     ALARM: {
-                       bbox: [
-                         3342.5,
-                         1107.36,
-                         3474.48,
-                         1150.8
-                       ],
-                       text: 'X'
-                     },
-                     TAG: {
-                       bbox: [
-                         2066.4,
-                         1107.36,
-                         2151.84,
-                         1150.8
-                       ],
-                       text: '19'
-                     }
-                   },
-                   key: '19'
-                 }
-               ],
-               sheet: 'c62b086bc4b947bc7b87e237c415df1417ec4ebd5a3bf6b15bc7328890859d4d.pdf#6',
-               title: {
-                 bbox: [
-                   2066.4,
-                   215.04,
-                   3474.48,
-                   270.72
-                 ],
-                 text: 'BAS INPUT/OUTPUT POINT LIST'
-               }
-             },
-             rows: [
-               {
-                 field_wiring_status: 'not_established',
-                 issues: [],
-                 local_key: '1',
-                 name: 'EMERGENCY SHUTDOWN (GLOBAL)',
-                 observations: [
-                   {
-                     channel: 'ALARM',
-                     kind: 'attribute',
-                     source: {
-                       bbox_px: [
-                         3342.5,
-                         324.72,
-                         3474.48,
-                         368.16
-                       ],
-                       column: 'ALARM',
-                       page_id: 'sha256:c62b086bc4b947bc7b87e237c415df1417ec4ebd5a3bf6b15bc7328890859d4d:p6',
-                       sheet_key: 'c62b086bc4b947bc7b87e237c415df1417ec4ebd5a3bf6b15bc7328890859d4d.pdf#6',
-                       source_id: 'sha256:c62b086bc4b947bc7b87e237c415df1417ec4ebd5a3bf6b15bc7328890859d4d',
-                       span_id: null,
-                       text: 'X'
-                     },
-                     status: 'read',
-                     value: 1
-                   }
-                 ],
-                 qualifiers: [],
-                 raw: {
-                   cells: {
-                     'POINT NAME': {
-                       bbox: [
-                         2151.84,
-                         324.72,
-                         2697.6,
-                         368.16
-                       ],
-                       text: 'EMERGENCY SHUTDOWN (GLOBAL)'
-                     },
-                     ALARM: {
-                       bbox: [
-                         3342.5,
-                         324.72,
-                         3474.48,
-                         368.16
-                       ],
-                       text: 'X'
-                     },
-                     TAG: {
-                       bbox: [
-                         2066.4,
-                         324.72,
-                         2151.84,
-                         368.16
-                       ],
-                       text: '1'
-                     }
-                   },
-                   key: '1'
-                 },
-                 row_id: 'row:57e4dca07cc6286255d02d468692b1cc8f53e3e0db938e0dfafae8840212223d:1',
-                 status: 'no_typed_requirement',
-                 uninterpreted_columns: [],
-                 unobserved_columns: [
-                   'AI',
-                   'AO',
-                   'AV',
-                   'BV',
-                   'DI',
-                   'DO',
-                   'TREND'
-                 ]
-               },
-               {
-                 field_wiring_status: 'not_established',
-                 issues: [],
-                 local_key: '2',
-                 name: 'SUPPLY AIR TEMPERATURE',
-                 observations: [
-                   {
-                     channel: 'AI',
-                     kind: 'declared_io',
-                     source: {
-                       bbox_px: [
-                         2697.6,
-                         368.16,
-                         2783.04,
-                         411.6
-                       ],
-                       column: 'AI',
-                       page_id: 'sha256:c62b086bc4b947bc7b87e237c415df1417ec4ebd5a3bf6b15bc7328890859d4d:p6',
-                       sheet_key: 'c62b086bc4b947bc7b87e237c415df1417ec4ebd5a3bf6b15bc7328890859d4d.pdf#6',
-                       source_id: 'sha256:c62b086bc4b947bc7b87e237c415df1417ec4ebd5a3bf6b15bc7328890859d4d',
-                       span_id: null,
-                       text: 'X'
-                     },
-                     status: 'read',
-                     value: 1
-                   }
-                 ],
-                 qualifiers: [],
-                 raw: {
-                   cells: {
-                     'POINT NAME': {
-                       bbox: [
-                         2151.84,
-                         368.16,
-                         2697.6,
-                         411.6
-                       ],
-                       text: 'SUPPLY AIR TEMPERATURE'
-                     },
-                     AI: {
-                       bbox: [
-                         2697.6,
-                         368.16,
-                         2783.04,
-                         411.6
-                       ],
-                       text: 'X'
-                     },
-                     TAG: {
-                       bbox: [
-                         2066.4,
-                         368.16,
-                         2151.84,
-                         411.6
-                       ],
-                       text: '2'
-                     }
-                   },
-                   key: '2'
-                 },
-                 row_id: 'row:4584ed22c4e82daaac4a76c8860afab0e64c23f98ac0a2a16fe9299742f3b3f6:1',
-                 status: 'interpreted',
-                 uninterpreted_columns: [],
-                 unobserved_columns: [
-                   'ALARM',
-                   'AO',
-                   'AV',
-                   'BV',
-                   'DI',
-                   'DO',
-                   'TREND'
-                 ]
-               },
-               {
-                 field_wiring_status: 'not_established',
-                 issues: [],
-                 local_key: '3',
-                 name: 'SPACE TEMPERATURE',
-                 observations: [
-                   {
-                     channel: 'AI',
-                     kind: 'declared_io',
-                     source: {
-                       bbox_px: [
-                         2697.6,
-                         411.6,
-                         2783.04,
-                         455.04
-                       ],
-                       column: 'AI',
-                       page_id: 'sha256:c62b086bc4b947bc7b87e237c415df1417ec4ebd5a3bf6b15bc7328890859d4d:p6',
-                       sheet_key: 'c62b086bc4b947bc7b87e237c415df1417ec4ebd5a3bf6b15bc7328890859d4d.pdf#6',
-                       source_id: 'sha256:c62b086bc4b947bc7b87e237c415df1417ec4ebd5a3bf6b15bc7328890859d4d',
-                       span_id: null,
-                       text: 'X'
-                     },
-                     status: 'read',
-                     value: 1
-                   }
-                 ],
-                 qualifiers: [],
-                 raw: {
-                   cells: {
-                     'POINT NAME': {
-                       bbox: [
-                         2151.84,
-                         411.6,
-                         2697.6,
-                         455.04
-                       ],
-                       text: 'SPACE TEMPERATURE'
-                     },
-                     AI: {
-                       bbox: [
-                         2697.6,
-                         411.6,
-                         2783.04,
-                         455.04
-                       ],
-                       text: 'X'
-                     },
-                     TAG: {
-                       bbox: [
-                         2066.4,
-                         411.6,
-                         2151.84,
-                         455.04
-                       ],
-                       text: '3'
-                     }
-                   },
-                   key: '3'
-                 },
-                 row_id: 'row:cd080d8c344a7d740581f75048e8953da10843258d0e0acc1c89c8fd403c7424:1',
-                 status: 'interpreted',
-                 uninterpreted_columns: [],
-                 unobserved_columns: [
-                   'ALARM',
-                   'AO',
-                   'AV',
-                   'BV',
-                   'DI',
-                   'DO',
-                   'TREND'
-                 ]
-               },
-               {
-                 field_wiring_status: 'not_established',
-                 issues: [],
-                 local_key: '4',
-                 name: 'SUPPLY AIR TEMPERATURE SETPOINT',
-                 observations: [
-                   {
-                     channel: 'AO',
-                     kind: 'declared_io',
-                     source: {
-                       bbox_px: [
-                         2783.04,
-                         455.04,
-                         2868.48,
-                         498.48
-                       ],
-                       column: 'AO',
-                       page_id: 'sha256:c62b086bc4b947bc7b87e237c415df1417ec4ebd5a3bf6b15bc7328890859d4d:p6',
-                       sheet_key: 'c62b086bc4b947bc7b87e237c415df1417ec4ebd5a3bf6b15bc7328890859d4d.pdf#6',
-                       source_id: 'sha256:c62b086bc4b947bc7b87e237c415df1417ec4ebd5a3bf6b15bc7328890859d4d',
-                       span_id: null,
-                       text: 'X'
-                     },
-                     status: 'read',
-                     value: 1
-                   }
-                 ],
-                 qualifiers: [],
-                 raw: {
-                   cells: {
-                     'POINT NAME': {
-                       bbox: [
-                         2151.84,
-                         455.04,
-                         2697.6,
-                         498.48
-                       ],
-                       text: 'SUPPLY AIR TEMPERATURE SETPOINT'
-                     },
-                     AO: {
-                       bbox: [
-                         2783.04,
-                         455.04,
-                         2868.48,
-                         498.48
-                       ],
-                       text: 'X'
-                     },
-                     TAG: {
-                       bbox: [
-                         2066.4,
-                         455.04,
-                         2151.84,
-                         498.48
-                       ],
-                       text: '4'
-                     }
-                   },
-                   key: '4'
-                 },
-                 row_id: 'row:ec07ba7cab0f2496117207ba56e9080386a6e43e1cb60446bc16e4426abed8b9:1',
-                 status: 'interpreted',
-                 uninterpreted_columns: [],
-                 unobserved_columns: [
-                   'AI',
-                   'ALARM',
-                   'AV',
-                   'BV',
-                   'DI',
-                   'DO',
-                   'TREND'
-                 ]
-               },
-               {
-                 field_wiring_status: 'not_established',
-                 issues: [],
-                 local_key: '5',
-                 name: 'SPACE AIR TEMPERATURE SETPOINT',
-                 observations: [
-                   {
-                     channel: 'AO',
-                     kind: 'declared_io',
-                     source: {
-                       bbox_px: [
-                         2783.04,
-                         498.48,
-                         2868.48,
-                         541.92
-                       ],
-                       column: 'AO',
-                       page_id: 'sha256:c62b086bc4b947bc7b87e237c415df1417ec4ebd5a3bf6b15bc7328890859d4d:p6',
-                       sheet_key: 'c62b086bc4b947bc7b87e237c415df1417ec4ebd5a3bf6b15bc7328890859d4d.pdf#6',
-                       source_id: 'sha256:c62b086bc4b947bc7b87e237c415df1417ec4ebd5a3bf6b15bc7328890859d4d',
-                       span_id: null,
-                       text: 'X'
-                     },
-                     status: 'read',
-                     value: 1
-                   }
-                 ],
-                 qualifiers: [],
-                 raw: {
-                   cells: {
-                     'POINT NAME': {
-                       bbox: [
-                         2151.84,
-                         498.48,
-                         2697.6,
-                         541.92
-                       ],
-                       text: 'SPACE AIR TEMPERATURE SETPOINT'
-                     },
-                     AO: {
-                       bbox: [
-                         2783.04,
-                         498.48,
-                         2868.48,
-                         541.92
-                       ],
-                       text: 'X'
-                     },
-                     TAG: {
-                       bbox: [
-                         2066.4,
-                         498.48,
-                         2151.84,
-                         541.92
-                       ],
-                       text: '5'
-                     }
-                   },
-                   key: '5'
-                 },
-                 row_id: 'row:880bf1cd3dd1832ead8004d9a716bc9635171a36b6297bcff2a6c4de37cb0170:1',
-                 status: 'interpreted',
-                 uninterpreted_columns: [],
-                 unobserved_columns: [
-                   'AI',
-                   'ALARM',
-                   'AV',
-                   'BV',
-                   'DI',
-                   'DO',
-                   'TREND'
-                 ]
-               },
-               {
-                 field_wiring_status: 'not_established',
-                 issues: [],
-                 local_key: '6',
-                 name: 'SUPPLY FAN ON/OFF',
-                 observations: [
-                   {
-                     channel: 'DO',
-                     kind: 'declared_io',
-                     source: {
-                       bbox_px: [
-                         2954.16,
-                         541.92,
-                         3039.6,
-                         585.6
-                       ],
-                       column: 'DO',
-                       page_id: 'sha256:c62b086bc4b947bc7b87e237c415df1417ec4ebd5a3bf6b15bc7328890859d4d:p6',
-                       sheet_key: 'c62b086bc4b947bc7b87e237c415df1417ec4ebd5a3bf6b15bc7328890859d4d.pdf#6',
-                       source_id: 'sha256:c62b086bc4b947bc7b87e237c415df1417ec4ebd5a3bf6b15bc7328890859d4d',
-                       span_id: null,
-                       text: 'X'
-                     },
-                     status: 'read',
-                     value: 1
-                   }
-                 ],
-                 qualifiers: [],
-                 raw: {
-                   cells: {
-                     'POINT NAME': {
-                       bbox: [
-                         2151.84,
-                         541.92,
-                         2697.6,
-                         585.6
-                       ],
-                       text: 'SUPPLY FAN ON/OFF'
-                     },
-                     DO: {
-                       bbox: [
-                         2954.16,
-                         541.92,
-                         3039.6,
-                         585.6
-                       ],
-                       text: 'X'
-                     },
-                     TAG: {
-                       bbox: [
-                         2066.4,
-                         541.92,
-                         2151.84,
-                         585.6
-                       ],
-                       text: '6'
-                     }
-                   },
-                   key: '6'
-                 },
-                 row_id: 'row:33abd42768d7c1dae9a05519a922f2789e94ba392d06f6bfd7642ccd43b80a6a:1',
-                 status: 'interpreted',
-                 uninterpreted_columns: [],
-                 unobserved_columns: [
-                   'AI',
-                   'ALARM',
-                   'AO',
-                   'AV',
-                   'BV',
-                   'DI',
-                   'TREND'
-                 ]
-               },
-               {
-                 field_wiring_status: 'not_established',
-                 issues: [],
-                 local_key: '7',
-                 name: 'SUPPLY FAN SPEED',
-                 observations: [
-                   {
-                     channel: 'AO',
-                     kind: 'declared_io',
-                     source: {
-                       bbox_px: [
-                         2783.04,
-                         585.6,
-                         2868.48,
-                         629.04
-                       ],
-                       column: 'AO',
-                       page_id: 'sha256:c62b086bc4b947bc7b87e237c415df1417ec4ebd5a3bf6b15bc7328890859d4d:p6',
-                       sheet_key: 'c62b086bc4b947bc7b87e237c415df1417ec4ebd5a3bf6b15bc7328890859d4d.pdf#6',
-                       source_id: 'sha256:c62b086bc4b947bc7b87e237c415df1417ec4ebd5a3bf6b15bc7328890859d4d',
-                       span_id: null,
-                       text: 'X'
-                     },
-                     status: 'read',
-                     value: 1
-                   }
-                 ],
-                 qualifiers: [],
-                 raw: {
-                   cells: {
-                     'POINT NAME': {
-                       bbox: [
-                         2151.84,
-                         585.6,
-                         2697.6,
-                         629.04
-                       ],
-                       text: 'SUPPLY FAN SPEED'
-                     },
-                     AO: {
-                       bbox: [
-                         2783.04,
-                         585.6,
-                         2868.48,
-                         629.04
-                       ],
-                       text: 'X'
-                     },
-                     TAG: {
-                       bbox: [
-                         2066.4,
-                         585.6,
-                         2151.84,
-                         629.04
-                       ],
-                       text: '7'
-                     }
-                   },
-                   key: '7'
-                 },
-                 row_id: 'row:87d36a86478fc2a841f28572781dd19d0680bb3525b39241e8921d66ef202eed:1',
-                 status: 'interpreted',
-                 uninterpreted_columns: [],
-                 unobserved_columns: [
-                   'AI',
-                   'ALARM',
-                   'AV',
-                   'BV',
-                   'DI',
-                   'DO',
-                   'TREND'
-                 ]
-               },
-               {
-                 field_wiring_status: 'not_established',
-                 issues: [],
-                 local_key: '8',
-                 name: 'SUPPLY FAN FAILURE',
-                 observations: [
-                   {
-                     channel: 'ALARM',
-                     kind: 'attribute',
-                     source: {
-                       bbox_px: [
-                         3342.5,
-                         629.04,
-                         3474.48,
-                         672.48
-                       ],
-                       column: 'ALARM',
-                       page_id: 'sha256:c62b086bc4b947bc7b87e237c415df1417ec4ebd5a3bf6b15bc7328890859d4d:p6',
-                       sheet_key: 'c62b086bc4b947bc7b87e237c415df1417ec4ebd5a3bf6b15bc7328890859d4d.pdf#6',
-                       source_id: 'sha256:c62b086bc4b947bc7b87e237c415df1417ec4ebd5a3bf6b15bc7328890859d4d',
-                       span_id: null,
-                       text: 'X'
-                     },
-                     status: 'read',
-                     value: 1
-                   }
-                 ],
-                 qualifiers: [],
-                 raw: {
-                   cells: {
-                     'POINT NAME': {
-                       bbox: [
-                         2151.84,
-                         629.04,
-                         2697.6,
-                         672.48
-                       ],
-                       text: 'SUPPLY FAN FAILURE'
-                     },
-                     ALARM: {
-                       bbox: [
-                         3342.5,
-                         629.04,
-                         3474.48,
-                         672.48
-                       ],
-                       text: 'X'
-                     },
-                     TAG: {
-                       bbox: [
-                         2066.4,
-                         629.04,
-                         2151.84,
-                         672.48
-                       ],
-                       text: '8'
-                     }
-                   },
-                   key: '8'
-                 },
-                 row_id: 'row:ff68b14f9b2ddba0d781eee7951d7d95ad24efbbdf663811ac145ef9082b58c5:1',
-                 status: 'no_typed_requirement',
-                 uninterpreted_columns: [],
-                 unobserved_columns: [
-                   'AI',
-                   'AO',
-                   'AV',
-                   'BV',
-                   'DI',
-                   'DO',
-                   'TREND'
-                 ]
-               },
-               {
-                 field_wiring_status: 'not_established',
-                 issues: [],
-                 local_key: '9',
-                 name: 'RETURN AIR DAMPER POSITION',
-                 observations: [
-                   {
-                     channel: 'AI',
-                     kind: 'declared_io',
-                     source: {
-                       bbox_px: [
-                         2697.6,
-                         672.48,
-                         2783.04,
-                         715.92
-                       ],
-                       column: 'AI',
-                       page_id: 'sha256:c62b086bc4b947bc7b87e237c415df1417ec4ebd5a3bf6b15bc7328890859d4d:p6',
-                       sheet_key: 'c62b086bc4b947bc7b87e237c415df1417ec4ebd5a3bf6b15bc7328890859d4d.pdf#6',
-                       source_id: 'sha256:c62b086bc4b947bc7b87e237c415df1417ec4ebd5a3bf6b15bc7328890859d4d',
-                       span_id: null,
-                       text: 'X'
-                     },
-                     status: 'read',
-                     value: 1
-                   }
-                 ],
-                 qualifiers: [],
-                 raw: {
-                   cells: {
-                     'POINT NAME': {
-                       bbox: [
-                         2151.84,
-                         672.48,
-                         2697.6,
-                         715.92
-                       ],
-                       text: 'RETURN AIR DAMPER POSITION'
-                     },
-                     AI: {
-                       bbox: [
-                         2697.6,
-                         672.48,
-                         2783.04,
-                         715.92
-                       ],
-                       text: 'X'
-                     },
-                     TAG: {
-                       bbox: [
-                         2066.4,
-                         672.48,
-                         2151.84,
-                         715.92
-                       ],
-                       text: '9'
-                     }
-                   },
-                   key: '9'
-                 },
-                 row_id: 'row:3e9460cd7916b834012e4338be0141e46ab6189166c7bc2607bdd694e62131f4:1',
-                 status: 'interpreted',
-                 uninterpreted_columns: [],
-                 unobserved_columns: [
-                   'ALARM',
-                   'AO',
-                   'AV',
-                   'BV',
-                   'DI',
-                   'DO',
-                   'TREND'
-                 ]
-               },
-               {
-                 field_wiring_status: 'not_established',
-                 issues: [],
-                 local_key: '10',
-                 name: 'HOT WATER VALVE POSITION',
-                 observations: [
-                   {
-                     channel: 'AI',
-                     kind: 'declared_io',
-                     source: {
-                       bbox_px: [
-                         2697.6,
-                         715.92,
-                         2783.04,
-                         759.36
-                       ],
-                       column: 'AI',
-                       page_id: 'sha256:c62b086bc4b947bc7b87e237c415df1417ec4ebd5a3bf6b15bc7328890859d4d:p6',
-                       sheet_key: 'c62b086bc4b947bc7b87e237c415df1417ec4ebd5a3bf6b15bc7328890859d4d.pdf#6',
-                       source_id: 'sha256:c62b086bc4b947bc7b87e237c415df1417ec4ebd5a3bf6b15bc7328890859d4d',
-                       span_id: null,
-                       text: 'X'
-                     },
-                     status: 'read',
-                     value: 1
-                   }
-                 ],
-                 qualifiers: [],
-                 raw: {
-                   cells: {
-                     'POINT NAME': {
-                       bbox: [
-                         2151.84,
-                         715.92,
-                         2697.6,
-                         759.36
-                       ],
-                       text: 'HOT WATER VALVE POSITION'
-                     },
-                     AI: {
-                       bbox: [
-                         2697.6,
-                         715.92,
-                         2783.04,
-                         759.36
-                       ],
-                       text: 'X'
-                     },
-                     TAG: {
-                       bbox: [
-                         2066.4,
-                         715.92,
-                         2151.84,
-                         759.36
-                       ],
-                       text: '10'
-                     }
-                   },
-                   key: '10'
-                 },
-                 row_id: 'row:ea9ad01759ff7c5b6e3def32abdfa1d442a2b3c77e5f68d4736a32435b70e3a5:1',
-                 status: 'interpreted',
-                 uninterpreted_columns: [],
-                 unobserved_columns: [
-                   'ALARM',
-                   'AO',
-                   'AV',
-                   'BV',
-                   'DI',
-                   'DO',
-                   'TREND'
-                 ]
-               },
-               {
-                 field_wiring_status: 'not_established',
-                 issues: [],
-                 local_key: '11',
-                 name: 'CHILLED WATER VALVE POSITION',
-                 observations: [
-                   {
-                     channel: 'AI',
-                     kind: 'declared_io',
-                     source: {
-                       bbox_px: [
-                         2697.6,
-                         759.36,
-                         2783.04,
-                         803.04
-                       ],
-                       column: 'AI',
-                       page_id: 'sha256:c62b086bc4b947bc7b87e237c415df1417ec4ebd5a3bf6b15bc7328890859d4d:p6',
-                       sheet_key: 'c62b086bc4b947bc7b87e237c415df1417ec4ebd5a3bf6b15bc7328890859d4d.pdf#6',
-                       source_id: 'sha256:c62b086bc4b947bc7b87e237c415df1417ec4ebd5a3bf6b15bc7328890859d4d',
-                       span_id: null,
-                       text: 'X'
-                     },
-                     status: 'read',
-                     value: 1
-                   }
-                 ],
-                 qualifiers: [],
-                 raw: {
-                   cells: {
-                     'POINT NAME': {
-                       bbox: [
-                         2151.84,
-                         759.36,
-                         2697.6,
-                         803.04
-                       ],
-                       text: 'CHILLED WATER VALVE POSITION'
-                     },
-                     AI: {
-                       bbox: [
-                         2697.6,
-                         759.36,
-                         2783.04,
-                         803.04
-                       ],
-                       text: 'X'
-                     },
-                     TAG: {
-                       bbox: [
-                         2066.4,
-                         759.36,
-                         2151.84,
-                         803.04
-                       ],
-                       text: '11'
-                     }
-                   },
-                   key: '11'
-                 },
-                 row_id: 'row:12973a8f5a0fde50d0d736731f3f038177f35090d8437b3cd026a42eee61d3a9:1',
-                 status: 'interpreted',
-                 uninterpreted_columns: [],
-                 unobserved_columns: [
-                   'ALARM',
-                   'AO',
-                   'AV',
-                   'BV',
-                   'DI',
-                   'DO',
-                   'TREND'
-                 ]
-               },
-               {
-                 field_wiring_status: 'not_established',
-                 issues: [],
-                 local_key: '12',
-                 name: 'FILTER REPLACEMENT ALARM',
-                 observations: [
-                   {
-                     channel: 'ALARM',
-                     kind: 'attribute',
-                     source: {
-                       bbox_px: [
-                         3342.5,
-                         803.04,
-                         3474.48,
-                         846.48
-                       ],
-                       column: 'ALARM',
-                       page_id: 'sha256:c62b086bc4b947bc7b87e237c415df1417ec4ebd5a3bf6b15bc7328890859d4d:p6',
-                       sheet_key: 'c62b086bc4b947bc7b87e237c415df1417ec4ebd5a3bf6b15bc7328890859d4d.pdf#6',
-                       source_id: 'sha256:c62b086bc4b947bc7b87e237c415df1417ec4ebd5a3bf6b15bc7328890859d4d',
-                       span_id: null,
-                       text: 'X'
-                     },
-                     status: 'read',
-                     value: 1
-                   }
-                 ],
-                 qualifiers: [],
-                 raw: {
-                   cells: {
-                     'POINT NAME': {
-                       bbox: [
-                         2151.84,
-                         803.04,
-                         2697.6,
-                         846.48
-                       ],
-                       text: 'FILTER REPLACEMENT ALARM'
-                     },
-                     ALARM: {
-                       bbox: [
-                         3342.5,
-                         803.04,
-                         3474.48,
-                         846.48
-                       ],
-                       text: 'X'
-                     },
-                     TAG: {
-                       bbox: [
-                         2066.4,
-                         803.04,
-                         2151.84,
-                         846.48
-                       ],
-                       text: '12'
-                     }
-                   },
-                   key: '12'
-                 },
-                 row_id: 'row:ea0b9103a055dd8f901bdc21c9930c0d353930c7baf1a5e509bb8ff5e0b37af0:1',
-                 status: 'no_typed_requirement',
-                 uninterpreted_columns: [],
-                 unobserved_columns: [
-                   'AI',
-                   'AO',
-                   'AV',
-                   'BV',
-                   'DI',
-                   'DO',
-                   'TREND'
-                 ]
-               },
-               {
-                 field_wiring_status: 'not_established',
-                 issues: [],
-                 local_key: '13',
-                 name: 'HIGH TEMPERATURE ALARM',
-                 observations: [
-                   {
-                     channel: 'ALARM',
-                     kind: 'attribute',
-                     source: {
-                       bbox_px: [
-                         3342.5,
-                         846.48,
-                         3474.48,
-                         889.92
-                       ],
-                       column: 'ALARM',
-                       page_id: 'sha256:c62b086bc4b947bc7b87e237c415df1417ec4ebd5a3bf6b15bc7328890859d4d:p6',
-                       sheet_key: 'c62b086bc4b947bc7b87e237c415df1417ec4ebd5a3bf6b15bc7328890859d4d.pdf#6',
-                       source_id: 'sha256:c62b086bc4b947bc7b87e237c415df1417ec4ebd5a3bf6b15bc7328890859d4d',
-                       span_id: null,
-                       text: 'X'
-                     },
-                     status: 'read',
-                     value: 1
-                   }
-                 ],
-                 qualifiers: [],
-                 raw: {
-                   cells: {
-                     'POINT NAME': {
-                       bbox: [
-                         2151.84,
-                         846.48,
-                         2697.6,
-                         889.92
-                       ],
-                       text: 'HIGH TEMPERATURE ALARM'
-                     },
-                     ALARM: {
-                       bbox: [
-                         3342.5,
-                         846.48,
-                         3474.48,
-                         889.92
-                       ],
-                       text: 'X'
-                     },
-                     TAG: {
-                       bbox: [
-                         2066.4,
-                         846.48,
-                         2151.84,
-                         889.92
-                       ],
-                       text: '13'
-                     }
-                   },
-                   key: '13'
-                 },
-                 row_id: 'row:cee5f11014c95f2e159ac138d47547253d12816c8df90a68aff200133ac8fb58:1',
-                 status: 'no_typed_requirement',
-                 uninterpreted_columns: [],
-                 unobserved_columns: [
-                   'AI',
-                   'AO',
-                   'AV',
-                   'BV',
-                   'DI',
-                   'DO',
-                   'TREND'
-                 ]
-               },
-               {
-                 field_wiring_status: 'not_established',
-                 issues: [],
-                 local_key: '14',
-                 name: 'FREEZE PROTECTION',
-                 observations: [
-                   {
-                     channel: 'ALARM',
-                     kind: 'attribute',
-                     source: {
-                       bbox_px: [
-                         3342.5,
-                         889.92,
-                         3474.48,
-                         933.36
-                       ],
-                       column: 'ALARM',
-                       page_id: 'sha256:c62b086bc4b947bc7b87e237c415df1417ec4ebd5a3bf6b15bc7328890859d4d:p6',
-                       sheet_key: 'c62b086bc4b947bc7b87e237c415df1417ec4ebd5a3bf6b15bc7328890859d4d.pdf#6',
-                       source_id: 'sha256:c62b086bc4b947bc7b87e237c415df1417ec4ebd5a3bf6b15bc7328890859d4d',
-                       span_id: null,
-                       text: 'X'
-                     },
-                     status: 'read',
-                     value: 1
-                   }
-                 ],
-                 qualifiers: [],
-                 raw: {
-                   cells: {
-                     'POINT NAME': {
-                       bbox: [
-                         2151.84,
-                         889.92,
-                         2697.6,
-                         933.36
-                       ],
-                       text: 'FREEZE PROTECTION'
-                     },
-                     ALARM: {
-                       bbox: [
-                         3342.5,
-                         889.92,
-                         3474.48,
-                         933.36
-                       ],
-                       text: 'X'
-                     },
-                     TAG: {
-                       bbox: [
-                         2066.4,
-                         889.92,
-                         2151.84,
-                         933.36
-                       ],
-                       text: '14'
-                     }
-                   },
-                   key: '14'
-                 },
-                 row_id: 'row:568547fd196c6ac7f26b1e83bf8d0936fad02e9975821fcda10d41d5f8d92748:1',
-                 status: 'no_typed_requirement',
-                 uninterpreted_columns: [],
-                 unobserved_columns: [
-                   'AI',
-                   'AO',
-                   'AV',
-                   'BV',
-                   'DI',
-                   'DO',
-                   'TREND'
-                 ]
-               },
-               {
-                 field_wiring_status: 'not_established',
-                 issues: [],
-                 local_key: '15',
-                 name: 'CHANGE FILTER ALARM',
-                 observations: [
-                   {
-                     channel: 'ALARM',
-                     kind: 'attribute',
-                     source: {
-                       bbox_px: [
-                         3342.5,
-                         933.36,
-                         3474.48,
-                         976.8
-                       ],
-                       column: 'ALARM',
-                       page_id: 'sha256:c62b086bc4b947bc7b87e237c415df1417ec4ebd5a3bf6b15bc7328890859d4d:p6',
-                       sheet_key: 'c62b086bc4b947bc7b87e237c415df1417ec4ebd5a3bf6b15bc7328890859d4d.pdf#6',
-                       source_id: 'sha256:c62b086bc4b947bc7b87e237c415df1417ec4ebd5a3bf6b15bc7328890859d4d',
-                       span_id: null,
-                       text: 'X'
-                     },
-                     status: 'read',
-                     value: 1
-                   }
-                 ],
-                 qualifiers: [],
-                 raw: {
-                   cells: {
-                     'POINT NAME': {
-                       bbox: [
-                         2151.84,
-                         933.36,
-                         2697.6,
-                         976.8
-                       ],
-                       text: 'CHANGE FILTER ALARM'
-                     },
-                     ALARM: {
-                       bbox: [
-                         3342.5,
-                         933.36,
-                         3474.48,
-                         976.8
-                       ],
-                       text: 'X'
-                     },
-                     TAG: {
-                       bbox: [
-                         2066.4,
-                         933.36,
-                         2151.84,
-                         976.8
-                       ],
-                       text: '15'
-                     }
-                   },
-                   key: '15'
-                 },
-                 row_id: 'row:de6aebbf546d67c870d47bdf424ae42a9768ccfc5a86d751ee0efa3bc8cc84ea:1',
-                 status: 'no_typed_requirement',
-                 uninterpreted_columns: [],
-                 unobserved_columns: [
-                   'AI',
-                   'AO',
-                   'AV',
-                   'BV',
-                   'DI',
-                   'DO',
-                   'TREND'
-                 ]
-               },
-               {
-                 field_wiring_status: 'not_established',
-                 issues: [],
-                 local_key: '16',
-                 name: 'HIGH/LOW SUPPLY AIR TEMP. ALARM',
-                 observations: [
-                   {
-                     channel: 'ALARM',
-                     kind: 'attribute',
-                     source: {
-                       bbox_px: [
-                         3342.5,
-                         976.8,
-                         3474.48,
-                         1020.24
-                       ],
-                       column: 'ALARM',
-                       page_id: 'sha256:c62b086bc4b947bc7b87e237c415df1417ec4ebd5a3bf6b15bc7328890859d4d:p6',
-                       sheet_key: 'c62b086bc4b947bc7b87e237c415df1417ec4ebd5a3bf6b15bc7328890859d4d.pdf#6',
-                       source_id: 'sha256:c62b086bc4b947bc7b87e237c415df1417ec4ebd5a3bf6b15bc7328890859d4d',
-                       span_id: null,
-                       text: 'X'
-                     },
-                     status: 'read',
-                     value: 1
-                   }
-                 ],
-                 qualifiers: [],
-                 raw: {
-                   cells: {
-                     'POINT NAME': {
-                       bbox: [
-                         2151.84,
-                         976.8,
-                         2697.6,
-                         1020.24
-                       ],
-                       text: 'HIGH/LOW SUPPLY AIR TEMP. ALARM'
-                     },
-                     ALARM: {
-                       bbox: [
-                         3342.5,
-                         976.8,
-                         3474.48,
-                         1020.24
-                       ],
-                       text: 'X'
-                     },
-                     TAG: {
-                       bbox: [
-                         2066.4,
-                         976.8,
-                         2151.84,
-                         1020.24
-                       ],
-                       text: '16'
-                     }
-                   },
-                   key: '16'
-                 },
-                 row_id: 'row:5ea1b7721c588c200787ef3ad84583b283310931b654afc7874f104a2a463771:1',
-                 status: 'no_typed_requirement',
-                 uninterpreted_columns: [],
-                 unobserved_columns: [
-                   'AI',
-                   'AO',
-                   'AV',
-                   'BV',
-                   'DI',
-                   'DO',
-                   'TREND'
-                 ]
-               },
-               {
-                 field_wiring_status: 'not_established',
-                 issues: [],
-                 local_key: '17',
-                 name: 'CONDENSATE OVERFLOW ALARM',
-                 observations: [
-                   {
-                     channel: 'ALARM',
-                     kind: 'attribute',
-                     source: {
-                       bbox_px: [
-                         3342.5,
-                         1020.24,
-                         3474.48,
-                         1063.92
-                       ],
-                       column: 'ALARM',
-                       page_id: 'sha256:c62b086bc4b947bc7b87e237c415df1417ec4ebd5a3bf6b15bc7328890859d4d:p6',
-                       sheet_key: 'c62b086bc4b947bc7b87e237c415df1417ec4ebd5a3bf6b15bc7328890859d4d.pdf#6',
-                       source_id: 'sha256:c62b086bc4b947bc7b87e237c415df1417ec4ebd5a3bf6b15bc7328890859d4d',
-                       span_id: null,
-                       text: 'X'
-                     },
-                     status: 'read',
-                     value: 1
-                   }
-                 ],
-                 qualifiers: [],
-                 raw: {
-                   cells: {
-                     'POINT NAME': {
-                       bbox: [
-                         2151.84,
-                         1020.24,
-                         2697.6,
-                         1063.92
-                       ],
-                       text: 'CONDENSATE OVERFLOW ALARM'
-                     },
-                     ALARM: {
-                       bbox: [
-                         3342.5,
-                         1020.24,
-                         3474.48,
-                         1063.92
-                       ],
-                       text: 'X'
-                     },
-                     TAG: {
-                       bbox: [
-                         2066.4,
-                         1020.24,
-                         2151.84,
-                         1063.92
-                       ],
-                       text: '17'
-                     }
-                   },
-                   key: '17'
-                 },
-                 row_id: 'row:ae8ea7218e94ee294c98b941d7ba7244605b04371557268312cecc4184c5aca4:1',
-                 status: 'no_typed_requirement',
-                 uninterpreted_columns: [],
-                 unobserved_columns: [
-                   'AI',
-                   'AO',
-                   'AV',
-                   'BV',
-                   'DI',
-                   'DO',
-                   'TREND'
-                 ]
-               },
-               {
-                 field_wiring_status: 'not_established',
-                 issues: [],
-                 local_key: '18',
-                 name: 'SMOKE DETERCTOR ALARM',
-                 observations: [
-                   {
-                     channel: 'ALARM',
-                     kind: 'attribute',
-                     source: {
-                       bbox_px: [
-                         3342.5,
-                         1063.92,
-                         3474.48,
-                         1107.36
-                       ],
-                       column: 'ALARM',
-                       page_id: 'sha256:c62b086bc4b947bc7b87e237c415df1417ec4ebd5a3bf6b15bc7328890859d4d:p6',
-                       sheet_key: 'c62b086bc4b947bc7b87e237c415df1417ec4ebd5a3bf6b15bc7328890859d4d.pdf#6',
-                       source_id: 'sha256:c62b086bc4b947bc7b87e237c415df1417ec4ebd5a3bf6b15bc7328890859d4d',
-                       span_id: null,
-                       text: 'X'
-                     },
-                     status: 'read',
-                     value: 1
-                   }
-                 ],
-                 qualifiers: [],
-                 raw: {
-                   cells: {
-                     'POINT NAME': {
-                       bbox: [
-                         2151.84,
-                         1063.92,
-                         2697.6,
-                         1107.36
-                       ],
-                       text: 'SMOKE DETERCTOR ALARM'
-                     },
-                     ALARM: {
-                       bbox: [
-                         3342.5,
-                         1063.92,
-                         3474.48,
-                         1107.36
-                       ],
-                       text: 'X'
-                     },
-                     TAG: {
-                       bbox: [
-                         2066.4,
-                         1063.92,
-                         2151.84,
-                         1107.36
-                       ],
-                       text: '18'
-                     }
-                   },
-                   key: '18'
-                 },
-                 row_id: 'row:4250f65b86917db17bc68cf183dd8f1b499b559941c71e552a4e003640aa8e4f:1',
-                 status: 'no_typed_requirement',
-                 uninterpreted_columns: [],
-                 unobserved_columns: [
-                   'AI',
-                   'AO',
-                   'AV',
-                   'BV',
-                   'DI',
-                   'DO',
-                   'TREND'
-                 ]
-               },
-               {
-                 field_wiring_status: 'not_established',
-                 issues: [],
-                 local_key: '19',
-                 name: 'HIGH/LOW SUPPLY STATIC PRESSURE ALARM',
-                 observations: [
-                   {
-                     channel: 'ALARM',
-                     kind: 'attribute',
-                     source: {
-                       bbox_px: [
-                         3342.5,
-                         1107.36,
-                         3474.48,
-                         1150.8
-                       ],
-                       column: 'ALARM',
-                       page_id: 'sha256:c62b086bc4b947bc7b87e237c415df1417ec4ebd5a3bf6b15bc7328890859d4d:p6',
-                       sheet_key: 'c62b086bc4b947bc7b87e237c415df1417ec4ebd5a3bf6b15bc7328890859d4d.pdf#6',
-                       source_id: 'sha256:c62b086bc4b947bc7b87e237c415df1417ec4ebd5a3bf6b15bc7328890859d4d',
-                       span_id: null,
-                       text: 'X'
-                     },
-                     status: 'read',
-                     value: 1
-                   }
-                 ],
-                 qualifiers: [],
-                 raw: {
-                   cells: {
-                     'POINT NAME': {
-                       bbox: [
-                         2151.84,
-                         1107.36,
-                         2697.6,
-                         1150.8
-                       ],
-                       text: 'HIGH/LOW SUPPLY STATIC PRESSURE ALARM'
-                     },
-                     ALARM: {
-                       bbox: [
-                         3342.5,
-                         1107.36,
-                         3474.48,
-                         1150.8
-                       ],
-                       text: 'X'
-                     },
-                     TAG: {
-                       bbox: [
-                         2066.4,
-                         1107.36,
-                         2151.84,
-                         1150.8
-                       ],
-                       text: '19'
-                     }
-                   },
-                   key: '19'
-                 },
-                 row_id: 'row:b76db97ae0d7a5e880b907c1486f29065902053602345ec7f3af69fd7b7bfc8b:1',
-                 status: 'no_typed_requirement',
-                 uninterpreted_columns: [],
-                 unobserved_columns: [
-                   'AI',
-                   'AO',
-                   'AV',
-                   'BV',
-                   'DI',
-                   'DO',
-                   'TREND'
-                 ]
-               }
-             ],
-             source_id: 'sha256:c62b086bc4b947bc7b87e237c415df1417ec4ebd5a3bf6b15bc7328890859d4d'
-           },
-           {
-             header_rows: 0,
-             header_sources: [],
-             issues: [],
-             matrix_id: 'matrix:a1e4e25874e0b0d03d3e1cb45fda0895f75be4f6cfcc092c7db1382273ac0a22',
-             notes: [],
-             page_id: 'sha256:c62b086bc4b947bc7b87e237c415df1417ec4ebd5a3bf6b15bc7328890859d4d:p7',
-             quantity_basis: 'listed_matrix_only',
-             raw: {
-               headers: [
-                 'TAG',
-                 'POINT NAME',
-                 'AI',
-                 'AO',
-                 'DI',
-                 'DO',
-                 'ALARM'
-               ],
-               region: [
-                 1698.48,
-                 368.88,
-                 2883.12,
-                 1670.4
-               ],
-               rows: [
-                 {
-                   cells: {
-                     'POINT NAME': {
-                       bbox: [
-                         1791.6,
-                         452.64,
-                         2350.8,
-                         494.64
-                       ],
-                       text: 'EMERGENCY SHUTDOWN (GLOBAL)'
-                     },
-                     ALARM: {
-                       bbox: [
-                         2716.8,
-                         452.64,
-                         2883.12,
-                         494.64
-                       ],
-                       text: 'X'
-                     },
-                     TAG: {
-                       bbox: [
-                         1698.48,
-                         452.64,
-                         1791.6,
-                         494.64
-                       ],
-                       text: '1'
-                     }
-                   },
-                   key: '1'
-                 },
-                 {
-                   cells: {
-                     'POINT NAME': {
-                       bbox: [
-                         1791.6,
-                         494.64,
-                         2350.8,
-                         536.64
-                       ],
-                       text: 'OUTSIDE AIR TEMPERATURE'
-                     },
-                     AI: {
-                       bbox: [
-                         2350.8,
-                         494.64,
-                         2442.24,
-                         536.64
-                       ],
-                       text: 'X'
-                     },
-                     TAG: {
-                       bbox: [
-                         1698.48,
-                         494.64,
-                         1791.6,
-                         536.64
-                       ],
-                       text: '2'
-                     }
-                   },
-                   key: '2'
-                 },
-                 {
-                   cells: {
-                     'POINT NAME': {
-                       bbox: [
-                         1791.6,
-                         536.64,
-                         2350.8,
-                         578.64
-                       ],
-                       text: 'SUPPLY AIR FLOW'
-                     },
-                     AI: {
-                       bbox: [
-                         2350.8,
-                         536.64,
-                         2442.24,
-                         578.64
-                       ],
-                       text: 'X'
-                     },
-                     TAG: {
-                       bbox: [
-                         1698.48,
-                         536.64,
-                         1791.6,
-                         578.64
-                       ],
-                       text: '3'
-                     }
-                   },
-                   key: '3'
-                 },
-                 {
-                   cells: {
-                     'POINT NAME': {
-                       bbox: [
-                         1791.6,
-                         578.64,
-                         2350.8,
-                         620.64
-                       ],
-                       text: 'SUPPLY AIR TEMPERATURE'
-                     },
-                     AI: {
-                       bbox: [
-                         2350.8,
-                         578.64,
-                         2442.24,
-                         620.64
-                       ],
-                       text: 'X'
-                     },
-                     TAG: {
-                       bbox: [
-                         1698.48,
-                         578.64,
-                         1791.6,
-                         620.64
-                       ],
-                       text: '4'
-                     }
-                   },
-                   key: '4'
-                 },
-                 {
-                   cells: {
-                     'POINT NAME': {
-                       bbox: [
-                         1791.6,
-                         620.64,
-                         2350.8,
-                         662.64
-                       ],
-                       text: 'SUPPLY AIR TEMPERATURE SETPOINT'
-                     },
-                     DO: {
-                       bbox: [
-                         2625.36,
-                         620.64,
-                         2716.8,
-                         662.64
-                       ],
-                       text: 'X'
-                     },
-                     TAG: {
-                       bbox: [
-                         1698.48,
-                         620.64,
-                         1791.6,
-                         662.64
-                       ],
-                       text: '5'
-                     }
-                   },
-                   key: '5'
-                 },
-                 {
-                   cells: {
-                     'POINT NAME': {
-                       bbox: [
-                         1791.6,
-                         662.64,
-                         2350.8,
-                         704.64
-                       ],
-                       text: 'CHW COIL LEAVING AIR TEMPERATURE'
-                     },
-                     AI: {
-                       bbox: [
-                         2350.8,
-                         662.64,
-                         2442.24,
-                         704.64
-                       ],
-                       text: 'X'
-                     },
-                     TAG: {
-                       bbox: [
-                         1698.48,
-                         662.64,
-                         1791.6,
-                         704.64
-                       ],
-                       text: '6'
-                     }
-                   },
-                   key: '6'
-                 },
-                 {
-                   cells: {
-                     'POINT NAME': {
-                       bbox: [
-                         1791.6,
-                         704.64,
-                         2350.8,
-                         746.64
-                       ],
-                       text: 'CHW COIL LEAVING AIR TEMP. SETPOINT'
-                     },
-                     DO: {
-                       bbox: [
-                         2625.36,
-                         704.64,
-                         2716.8,
-                         746.64
-                       ],
-                       text: 'X'
-                     },
-                     TAG: {
-                       bbox: [
-                         1698.48,
-                         704.64,
-                         1791.6,
-                         746.64
-                       ],
-                       text: '7'
-                     }
-                   },
-                   key: '7'
-                 },
-                 {
-                   cells: {
-                     'POINT NAME': {
-                       bbox: [
-                         1791.6,
-                         746.64,
-                         2350.8,
-                         788.64
-                       ],
-                       text: 'FILTER DIFFERENTIAL PRESSURE'
-                     },
-                     ALARM: {
-                       bbox: [
-                         2716.8,
-                         746.64,
-                         2883.12,
-                         788.64
-                       ],
-                       text: 'X'
-                     },
-                     TAG: {
-                       bbox: [
-                         1698.48,
-                         746.64,
-                         1791.6,
-                         788.64
-                       ],
-                       text: '8'
-                     }
-                   },
-                   key: '8'
-                 },
-                 {
-                   cells: {
-                     'POINT NAME': {
-                       bbox: [
-                         1791.6,
-                         788.64,
-                         2350.8,
-                         830.64
-                       ],
-                       text: 'SUPPLY FAN ON/OFF'
-                     },
-                     DO: {
-                       bbox: [
-                         2625.36,
-                         788.64,
-                         2716.8,
-                         830.64
-                       ],
-                       text: 'X'
-                     },
-                     TAG: {
-                       bbox: [
-                         1698.48,
-                         788.64,
-                         1791.6,
-                         830.64
-                       ],
-                       text: '9'
-                     }
-                   },
-                   key: '9'
-                 },
-                 {
-                   cells: {
-                     'POINT NAME': {
-                       bbox: [
-                         1791.6,
-                         830.64,
-                         2350.8,
-                         872.64
-                       ],
-                       text: 'SUPPLY FAN STATUS'
-                     },
-                     DI: {
-                       bbox: [
-                         2533.68,
-                         830.64,
-                         2625.36,
-                         872.64
-                       ],
-                       text: 'X'
-                     },
-                     TAG: {
-                       bbox: [
-                         1698.48,
-                         830.64,
-                         1791.6,
-                         872.64
-                       ],
-                       text: '10'
-                     }
-                   },
-                   key: '10'
-                 },
-                 {
-                   cells: {
-                     'POINT NAME': {
-                       bbox: [
-                         1791.6,
-                         872.64,
-                         2350.8,
-                         914.64
-                       ],
-                       text: 'SUPPLY FAN FAILURE'
-                     },
-                     ALARM: {
-                       bbox: [
-                         2716.8,
-                         872.64,
-                         2883.12,
-                         914.64
-                       ],
-                       text: 'X'
-                     },
-                     TAG: {
-                       bbox: [
-                         1698.48,
-                         872.64,
-                         1791.6,
-                         914.64
-                       ],
-                       text: '11'
-                     }
-                   },
-                   key: '11'
-                 },
-                 {
-                   cells: {
-                     'POINT NAME': {
-                       bbox: [
-                         1791.6,
-                         914.64,
-                         2350.8,
-                         956.64
-                       ],
-                       text: 'CONDENSATE OVERFLOW'
-                     },
-                     ALARM: {
-                       bbox: [
-                         2716.8,
-                         914.64,
-                         2883.12,
-                         956.64
-                       ],
-                       text: 'X'
-                     },
-                     TAG: {
-                       bbox: [
-                         1698.48,
-                         914.64,
-                         1791.6,
-                         956.64
-                       ],
-                       text: '12'
-                     }
-                   },
-                   key: '12'
-                 },
-                 {
-                   cells: {
-                     'POINT NAME': {
-                       bbox: [
-                         1791.6,
-                         956.64,
-                         2350.8,
-                         998.64
-                       ],
-                       text: 'SYSTEM ENABLE'
-                     },
-                     DO: {
-                       bbox: [
-                         2625.36,
-                         956.64,
-                         2716.8,
-                         998.64
-                       ],
-                       text: 'X'
-                     },
-                     TAG: {
-                       bbox: [
-                         1698.48,
-                         956.64,
-                         1791.6,
-                         998.64
-                       ],
-                       text: '13'
-                     }
-                   },
-                   key: '13'
-                 },
-                 {
-                   cells: {
-                     'POINT NAME': {
-                       bbox: [
-                         1791.6,
-                         998.64,
-                         2350.8,
-                         1040.64
-                       ],
-                       text: 'RELIEF DAMPER OPEN/CLOSE'
-                     },
-                     DO: {
-                       bbox: [
-                         2625.36,
-                         998.64,
-                         2716.8,
-                         1040.64
-                       ],
-                       text: 'X'
-                     },
-                     TAG: {
-                       bbox: [
-                         1698.48,
-                         998.64,
-                         1791.6,
-                         1040.64
-                       ],
-                       text: '14'
-                     }
-                   },
-                   key: '14'
-                 },
-                 {
-                   cells: {
-                     'POINT NAME': {
-                       bbox: [
-                         1791.6,
-                         1040.64,
-                         2350.8,
-                         1082.64
-                       ],
-                       text: 'EMERGENCY SHUTDOWN (GLOBAL)'
-                     },
-                     ALARM: {
-                       bbox: [
-                         2716.8,
-                         1040.64,
-                         2883.12,
-                         1082.64
-                       ],
-                       text: 'X'
-                     },
-                     TAG: {
-                       bbox: [
-                         1698.48,
-                         1040.64,
-                         1791.6,
-                         1082.64
-                       ],
-                       text: '15'
-                     }
-                   },
-                   key: '15'
-                 },
-                 {
-                   cells: {
-                     'POINT NAME': {
-                       bbox: [
-                         1791.6,
-                         1082.64,
-                         2350.8,
-                         1124.4
-                       ],
-                       text: 'EXHAUST FAN ON/OFF'
-                     },
-                     DO: {
-                       bbox: [
-                         2625.36,
-                         1082.64,
-                         2716.8,
-                         1124.4
-                       ],
-                       text: 'X'
-                     },
-                     TAG: {
-                       bbox: [
-                         1698.48,
-                         1082.64,
-                         1791.6,
-                         1124.4
-                       ],
-                       text: '16'
-                     }
-                   },
-                   key: '16'
-                 },
-                 {
-                   cells: {
-                     'POINT NAME': {
-                       bbox: [
-                         1791.6,
-                         1124.4,
-                         2350.8,
-                         1166.4
-                       ],
-                       text: 'EXHAUST FAN STATUS'
-                     },
-                     DI: {
-                       bbox: [
-                         2533.68,
-                         1124.4,
-                         2625.36,
-                         1166.4
-                       ],
-                       text: 'X'
-                     },
-                     TAG: {
-                       bbox: [
-                         1698.48,
-                         1124.4,
-                         1791.6,
-                         1166.4
-                       ],
-                       text: '17'
-                     }
-                   },
-                   key: '17'
-                 },
-                 {
-                   cells: {
-                     'POINT NAME': {
-                       bbox: [
-                         1791.6,
-                         1166.4,
-                         2350.8,
-                         1208.4
-                       ],
-                       text: 'EXHAUST FAN FAILURE'
-                     },
-                     ALARM: {
-                       bbox: [
-                         2716.8,
-                         1166.4,
-                         2883.12,
-                         1208.4
-                       ],
-                       text: 'X'
-                     },
-                     TAG: {
-                       bbox: [
-                         1698.48,
-                         1166.4,
-                         1791.6,
-                         1208.4
-                       ],
-                       text: '18'
-                     }
-                   },
-                   key: '18'
-                 },
-                 {
-                   cells: {
-                     'POINT NAME': {
-                       bbox: [
-                         1791.6,
-                         1208.4,
-                         2350.8,
-                         1250.4
-                       ],
-                       text: 'DUCT STATIC PRESSURE'
-                     },
-                     DI: {
-                       bbox: [
-                         2533.68,
-                         1208.4,
-                         2625.36,
-                         1250.4
-                       ],
-                       text: 'X'
-                     },
-                     TAG: {
-                       bbox: [
-                         1698.48,
-                         1208.4,
-                         1791.6,
-                         1250.4
-                       ],
-                       text: '19'
-                     }
-                   },
-                   key: '19'
-                 },
-                 {
-                   cells: {
-                     'POINT NAME': {
-                       bbox: [
-                         1791.6,
-                         1250.4,
-                         2350.8,
-                         1292.4
-                       ],
-                       text: 'DUCT STATIC PRESSURE SETPOINT'
-                     },
-                     DO: {
-                       bbox: [
-                         2625.36,
-                         1250.4,
-                         2716.8,
-                         1292.4
-                       ],
-                       text: 'X'
-                     },
-                     TAG: {
-                       bbox: [
-                         1698.48,
-                         1250.4,
-                         1791.6,
-                         1292.4
-                       ],
-                       text: '20'
-                     }
-                   },
-                   key: '20'
-                 },
-                 {
-                   cells: {
-                     'POINT NAME': {
-                       bbox: [
-                         1791.6,
-                         1292.4,
-                         2350.8,
-                         1333.92
-                       ],
-                       text: 'DUCT SMOKE DETECTOR'
-                     },
-                     ALARM: {
-                       bbox: [
-                         2716.8,
-                         1292.4,
-                         2883.12,
-                         1333.92
-                       ],
-                       text: 'X'
-                     },
-                     TAG: {
-                       bbox: [
-                         1698.48,
-                         1292.4,
-                         1791.6,
-                         1333.92
-                       ],
-                       text: '21'
-                     }
-                   },
-                   key: '21'
-                 },
-                 {
-                   cells: {
-                     'POINT NAME': {
-                       bbox: [
-                         1791.6,
-                         1333.92,
-                         2350.8,
-                         1376.4
-                       ],
-                       text: 'HW COIL LEAVING AIR TEMPERATURE'
-                     },
-                     AI: {
-                       bbox: [
-                         2350.8,
-                         1333.92,
-                         2442.24,
-                         1376.4
-                       ],
-                       text: 'X'
-                     },
-                     TAG: {
-                       bbox: [
-                         1698.48,
-                         1333.92,
-                         1791.6,
-                         1376.4
-                       ],
-                       text: '22'
-                     }
-                   },
-                   key: '22'
-                 },
-                 {
-                   cells: {
-                     'POINT NAME': {
-                       bbox: [
-                         1791.6,
-                         1376.4,
-                         2350.8,
-                         1418.4
-                       ],
-                       text: 'HW COIL LEAVING AIR TEMP. SETPOINT'
-                     },
-                     DO: {
-                       bbox: [
-                         2625.36,
-                         1376.4,
-                         2716.8,
-                         1418.4
-                       ],
-                       text: 'X'
-                     },
-                     TAG: {
-                       bbox: [
-                         1698.48,
-                         1376.4,
-                         1791.6,
-                         1418.4
-                       ],
-                       text: '23'
-                     }
-                   },
-                   key: '23'
-                 },
-                 {
-                   cells: {
-                     'POINT NAME': {
-                       bbox: [
-                         1791.6,
-                         1418.4,
-                         2350.8,
-                         1460.4
-                       ],
-                       text: 'HOT WATER VALVE POSITION'
-                     },
-                     AO: {
-                       bbox: [
-                         2442.24,
-                         1418.4,
-                         2533.68,
-                         1460.4
-                       ],
-                       text: 'X'
-                     },
-                     TAG: {
-                       bbox: [
-                         1698.48,
-                         1418.4,
-                         1791.6,
-                         1460.4
-                       ],
-                       text: '24'
-                     }
-                   },
-                   key: '24'
-                 },
-                 {
-                   cells: {
-                     'POINT NAME': {
-                       bbox: [
-                         1791.6,
-                         1460.4,
-                         2350.8,
-                         1502.4
-                       ],
-                       text: 'CHILLED WATER VALVE POSITION'
-                     },
-                     AO: {
-                       bbox: [
-                         2442.24,
-                         1460.4,
-                         2533.68,
-                         1502.4
-                       ],
-                       text: 'X'
-                     },
-                     TAG: {
-                       bbox: [
-                         1698.48,
-                         1460.4,
-                         1791.6,
-                         1502.4
-                       ],
-                       text: '25'
-                     }
-                   },
-                   key: '25'
-                 },
-                 {
-                   cells: {
-                     'POINT NAME': {
-                       bbox: [
-                         1791.6,
-                         1502.4,
-                         2350.8,
-                         1544.4
-                       ],
-                       text: 'SUPPLY VFD SPEED'
-                     },
-                     AO: {
-                       bbox: [
-                         2442.24,
-                         1502.4,
-                         2533.68,
-                         1544.4
-                       ],
-                       text: 'X'
-                     },
-                     TAG: {
-                       bbox: [
-                         1698.48,
-                         1502.4,
-                         1791.6,
-                         1544.4
-                       ],
-                       text: '26'
-                     }
-                   },
-                   key: '26'
-                 },
-                 {
-                   cells: {
-                     'POINT NAME': {
-                       bbox: [
-                         1791.6,
-                         1544.4,
-                         2350.8,
-                         1586.4
-                       ],
-                       text: 'EXHAUST VFD SPEED'
-                     },
-                     AO: {
-                       bbox: [
-                         2442.24,
-                         1544.4,
-                         2533.68,
-                         1586.4
-                       ],
-                       text: 'X'
-                     },
-                     TAG: {
-                       bbox: [
-                         1698.48,
-                         1544.4,
-                         1791.6,
-                         1586.4
-                       ],
-                       text: '27'
-                     }
-                   },
-                   key: '27'
-                 },
-                 {
-                   cells: {
-                     'POINT NAME': {
-                       bbox: [
-                         1791.6,
-                         1586.4,
-                         2350.8,
-                         1628.4
-                       ],
-                       text: 'RA DAMPER OPEN/CLOSE'
-                     },
-                     DO: {
-                       bbox: [
-                         2625.36,
-                         1586.4,
-                         2716.8,
-                         1628.4
-                       ],
-                       text: 'X'
-                     },
-                     TAG: {
-                       bbox: [
-                         1698.48,
-                         1586.4,
-                         1791.6,
-                         1628.4
-                       ],
-                       text: '28'
-                     }
-                   },
-                   key: '28'
-                 },
-                 {
-                   cells: {
-                     'POINT NAME': {
-                       bbox: [
-                         1791.6,
-                         1628.4,
-                         2350.8,
-                         1670.4
-                       ],
-                       text: 'OA DAMPER OPEN/CLOSE'
-                     },
-                     DO: {
-                       bbox: [
-                         2625.36,
-                         1628.4,
-                         2716.8,
-                         1670.4
-                       ],
-                       text: 'X'
-                     },
-                     TAG: {
-                       bbox: [
-                         1698.48,
-                         1628.4,
-                         1791.6,
-                         1670.4
-                       ],
-                       text: '29'
-                     }
-                   },
-                   key: '29'
-                 }
-               ],
-               sheet: 'c62b086bc4b947bc7b87e237c415df1417ec4ebd5a3bf6b15bc7328890859d4d.pdf#7',
-               title: {
-                 bbox: [
-                   1698.48,
-                   368.88,
-                   2883.12,
-                   410.88
-                 ],
-                 text: 'BAS INPUT/OUTPUT POINT LIST'
-               }
-             },
-             rows: [
-               {
-                 field_wiring_status: 'not_established',
-                 issues: [],
-                 local_key: '1',
-                 name: 'EMERGENCY SHUTDOWN (GLOBAL)',
-                 observations: [
-                   {
-                     channel: 'ALARM',
-                     kind: 'attribute',
-                     source: {
-                       bbox_px: [
-                         2716.8,
-                         452.64,
-                         2883.12,
-                         494.64
-                       ],
-                       column: 'ALARM',
-                       page_id: 'sha256:c62b086bc4b947bc7b87e237c415df1417ec4ebd5a3bf6b15bc7328890859d4d:p7',
-                       sheet_key: 'c62b086bc4b947bc7b87e237c415df1417ec4ebd5a3bf6b15bc7328890859d4d.pdf#7',
-                       source_id: 'sha256:c62b086bc4b947bc7b87e237c415df1417ec4ebd5a3bf6b15bc7328890859d4d',
-                       span_id: null,
-                       text: 'X'
-                     },
-                     status: 'read',
-                     value: 1
-                   }
-                 ],
-                 qualifiers: [],
-                 raw: {
-                   cells: {
-                     'POINT NAME': {
-                       bbox: [
-                         1791.6,
-                         452.64,
-                         2350.8,
-                         494.64
-                       ],
-                       text: 'EMERGENCY SHUTDOWN (GLOBAL)'
-                     },
-                     ALARM: {
-                       bbox: [
-                         2716.8,
-                         452.64,
-                         2883.12,
-                         494.64
-                       ],
-                       text: 'X'
-                     },
-                     TAG: {
-                       bbox: [
-                         1698.48,
-                         452.64,
-                         1791.6,
-                         494.64
-                       ],
-                       text: '1'
-                     }
-                   },
-                   key: '1'
-                 },
-                 row_id: 'row:f1d7df5e49fd965c209e347fe458d3568020308282a7d899e9535c3eec24e7d1:1',
-                 status: 'no_typed_requirement',
-                 uninterpreted_columns: [],
-                 unobserved_columns: [
-                   'AI',
-                   'AO',
-                   'DI',
-                   'DO'
-                 ]
-               },
-               {
-                 field_wiring_status: 'not_established',
-                 issues: [],
-                 local_key: '2',
-                 name: 'OUTSIDE AIR TEMPERATURE',
-                 observations: [
-                   {
-                     channel: 'AI',
-                     kind: 'declared_io',
-                     source: {
-                       bbox_px: [
-                         2350.8,
-                         494.64,
-                         2442.24,
-                         536.64
-                       ],
-                       column: 'AI',
-                       page_id: 'sha256:c62b086bc4b947bc7b87e237c415df1417ec4ebd5a3bf6b15bc7328890859d4d:p7',
-                       sheet_key: 'c62b086bc4b947bc7b87e237c415df1417ec4ebd5a3bf6b15bc7328890859d4d.pdf#7',
-                       source_id: 'sha256:c62b086bc4b947bc7b87e237c415df1417ec4ebd5a3bf6b15bc7328890859d4d',
-                       span_id: null,
-                       text: 'X'
-                     },
-                     status: 'read',
-                     value: 1
-                   }
-                 ],
-                 qualifiers: [],
-                 raw: {
-                   cells: {
-                     'POINT NAME': {
-                       bbox: [
-                         1791.6,
-                         494.64,
-                         2350.8,
-                         536.64
-                       ],
-                       text: 'OUTSIDE AIR TEMPERATURE'
-                     },
-                     AI: {
-                       bbox: [
-                         2350.8,
-                         494.64,
-                         2442.24,
-                         536.64
-                       ],
-                       text: 'X'
-                     },
-                     TAG: {
-                       bbox: [
-                         1698.48,
-                         494.64,
-                         1791.6,
-                         536.64
-                       ],
-                       text: '2'
-                     }
-                   },
-                   key: '2'
-                 },
-                 row_id: 'row:fd4a7bc61713469dc052c4894a3d2b24b36689a38081111802664bc9d81e59ad:1',
-                 status: 'interpreted',
-                 uninterpreted_columns: [],
-                 unobserved_columns: [
-                   'ALARM',
-                   'AO',
-                   'DI',
-                   'DO'
-                 ]
-               },
-               {
-                 field_wiring_status: 'not_established',
-                 issues: [],
-                 local_key: '3',
-                 name: 'SUPPLY AIR FLOW',
-                 observations: [
-                   {
-                     channel: 'AI',
-                     kind: 'declared_io',
-                     source: {
-                       bbox_px: [
-                         2350.8,
-                         536.64,
-                         2442.24,
-                         578.64
-                       ],
-                       column: 'AI',
-                       page_id: 'sha256:c62b086bc4b947bc7b87e237c415df1417ec4ebd5a3bf6b15bc7328890859d4d:p7',
-                       sheet_key: 'c62b086bc4b947bc7b87e237c415df1417ec4ebd5a3bf6b15bc7328890859d4d.pdf#7',
-                       source_id: 'sha256:c62b086bc4b947bc7b87e237c415df1417ec4ebd5a3bf6b15bc7328890859d4d',
-                       span_id: null,
-                       text: 'X'
-                     },
-                     status: 'read',
-                     value: 1
-                   }
-                 ],
-                 qualifiers: [],
-                 raw: {
-                   cells: {
-                     'POINT NAME': {
-                       bbox: [
-                         1791.6,
-                         536.64,
-                         2350.8,
-                         578.64
-                       ],
-                       text: 'SUPPLY AIR FLOW'
-                     },
-                     AI: {
-                       bbox: [
-                         2350.8,
-                         536.64,
-                         2442.24,
-                         578.64
-                       ],
-                       text: 'X'
-                     },
-                     TAG: {
-                       bbox: [
-                         1698.48,
-                         536.64,
-                         1791.6,
-                         578.64
-                       ],
-                       text: '3'
-                     }
-                   },
-                   key: '3'
-                 },
-                 row_id: 'row:f9e2bf8fa1f050f9f62f538744ce41893a3d0a02e32932f7f9c7d198e7fa98a1:1',
-                 status: 'interpreted',
-                 uninterpreted_columns: [],
-                 unobserved_columns: [
-                   'ALARM',
-                   'AO',
-                   'DI',
-                   'DO'
-                 ]
-               },
-               {
-                 field_wiring_status: 'not_established',
-                 issues: [],
-                 local_key: '4',
-                 name: 'SUPPLY AIR TEMPERATURE',
-                 observations: [
-                   {
-                     channel: 'AI',
-                     kind: 'declared_io',
-                     source: {
-                       bbox_px: [
-                         2350.8,
-                         578.64,
-                         2442.24,
-                         620.64
-                       ],
-                       column: 'AI',
-                       page_id: 'sha256:c62b086bc4b947bc7b87e237c415df1417ec4ebd5a3bf6b15bc7328890859d4d:p7',
-                       sheet_key: 'c62b086bc4b947bc7b87e237c415df1417ec4ebd5a3bf6b15bc7328890859d4d.pdf#7',
-                       source_id: 'sha256:c62b086bc4b947bc7b87e237c415df1417ec4ebd5a3bf6b15bc7328890859d4d',
-                       span_id: null,
-                       text: 'X'
-                     },
-                     status: 'read',
-                     value: 1
-                   }
-                 ],
-                 qualifiers: [],
-                 raw: {
-                   cells: {
-                     'POINT NAME': {
-                       bbox: [
-                         1791.6,
-                         578.64,
-                         2350.8,
-                         620.64
-                       ],
-                       text: 'SUPPLY AIR TEMPERATURE'
-                     },
-                     AI: {
-                       bbox: [
-                         2350.8,
-                         578.64,
-                         2442.24,
-                         620.64
-                       ],
-                       text: 'X'
-                     },
-                     TAG: {
-                       bbox: [
-                         1698.48,
-                         578.64,
-                         1791.6,
-                         620.64
-                       ],
-                       text: '4'
-                     }
-                   },
-                   key: '4'
-                 },
-                 row_id: 'row:a4fe8905ed0338bd3e22d1e8d616a6bb5510db1d8d356e2398591f829c3fdf51:1',
-                 status: 'interpreted',
-                 uninterpreted_columns: [],
-                 unobserved_columns: [
-                   'ALARM',
-                   'AO',
-                   'DI',
-                   'DO'
-                 ]
-               },
-               {
-                 field_wiring_status: 'not_established',
-                 issues: [],
-                 local_key: '5',
-                 name: 'SUPPLY AIR TEMPERATURE SETPOINT',
-                 observations: [
-                   {
-                     channel: 'DO',
-                     kind: 'declared_io',
-                     source: {
-                       bbox_px: [
-                         2625.36,
-                         620.64,
-                         2716.8,
-                         662.64
-                       ],
-                       column: 'DO',
-                       page_id: 'sha256:c62b086bc4b947bc7b87e237c415df1417ec4ebd5a3bf6b15bc7328890859d4d:p7',
-                       sheet_key: 'c62b086bc4b947bc7b87e237c415df1417ec4ebd5a3bf6b15bc7328890859d4d.pdf#7',
-                       source_id: 'sha256:c62b086bc4b947bc7b87e237c415df1417ec4ebd5a3bf6b15bc7328890859d4d',
-                       span_id: null,
-                       text: 'X'
-                     },
-                     status: 'read',
-                     value: 1
-                   }
-                 ],
-                 qualifiers: [],
-                 raw: {
-                   cells: {
-                     'POINT NAME': {
-                       bbox: [
-                         1791.6,
-                         620.64,
-                         2350.8,
-                         662.64
-                       ],
-                       text: 'SUPPLY AIR TEMPERATURE SETPOINT'
-                     },
-                     DO: {
-                       bbox: [
-                         2625.36,
-                         620.64,
-                         2716.8,
-                         662.64
-                       ],
-                       text: 'X'
-                     },
-                     TAG: {
-                       bbox: [
-                         1698.48,
-                         620.64,
-                         1791.6,
-                         662.64
-                       ],
-                       text: '5'
-                     }
-                   },
-                   key: '5'
-                 },
-                 row_id: 'row:036f6d8fcd5c816667ffcbbae0404e310322d349409689fa846f30f5a7677667:1',
-                 status: 'interpreted',
-                 uninterpreted_columns: [],
-                 unobserved_columns: [
-                   'AI',
-                   'ALARM',
-                   'AO',
-                   'DI'
-                 ]
-               },
-               {
-                 field_wiring_status: 'not_established',
-                 issues: [],
-                 local_key: '6',
-                 name: 'CHW COIL LEAVING AIR TEMPERATURE',
-                 observations: [
-                   {
-                     channel: 'AI',
-                     kind: 'declared_io',
-                     source: {
-                       bbox_px: [
-                         2350.8,
-                         662.64,
-                         2442.24,
-                         704.64
-                       ],
-                       column: 'AI',
-                       page_id: 'sha256:c62b086bc4b947bc7b87e237c415df1417ec4ebd5a3bf6b15bc7328890859d4d:p7',
-                       sheet_key: 'c62b086bc4b947bc7b87e237c415df1417ec4ebd5a3bf6b15bc7328890859d4d.pdf#7',
-                       source_id: 'sha256:c62b086bc4b947bc7b87e237c415df1417ec4ebd5a3bf6b15bc7328890859d4d',
-                       span_id: null,
-                       text: 'X'
-                     },
-                     status: 'read',
-                     value: 1
-                   }
-                 ],
-                 qualifiers: [],
-                 raw: {
-                   cells: {
-                     'POINT NAME': {
-                       bbox: [
-                         1791.6,
-                         662.64,
-                         2350.8,
-                         704.64
-                       ],
-                       text: 'CHW COIL LEAVING AIR TEMPERATURE'
-                     },
-                     AI: {
-                       bbox: [
-                         2350.8,
-                         662.64,
-                         2442.24,
-                         704.64
-                       ],
-                       text: 'X'
-                     },
-                     TAG: {
-                       bbox: [
-                         1698.48,
-                         662.64,
-                         1791.6,
-                         704.64
-                       ],
-                       text: '6'
-                     }
-                   },
-                   key: '6'
-                 },
-                 row_id: 'row:f50385fd2221f27b8dfc8e8b5848fa8f2058e60c3fd01a3fa56079d398e4ed61:1',
-                 status: 'interpreted',
-                 uninterpreted_columns: [],
-                 unobserved_columns: [
-                   'ALARM',
-                   'AO',
-                   'DI',
-                   'DO'
-                 ]
-               },
-               {
-                 field_wiring_status: 'not_established',
-                 issues: [],
-                 local_key: '7',
-                 name: 'CHW COIL LEAVING AIR TEMP. SETPOINT',
-                 observations: [
-                   {
-                     channel: 'DO',
-                     kind: 'declared_io',
-                     source: {
-                       bbox_px: [
-                         2625.36,
-                         704.64,
-                         2716.8,
-                         746.64
-                       ],
-                       column: 'DO',
-                       page_id: 'sha256:c62b086bc4b947bc7b87e237c415df1417ec4ebd5a3bf6b15bc7328890859d4d:p7',
-                       sheet_key: 'c62b086bc4b947bc7b87e237c415df1417ec4ebd5a3bf6b15bc7328890859d4d.pdf#7',
-                       source_id: 'sha256:c62b086bc4b947bc7b87e237c415df1417ec4ebd5a3bf6b15bc7328890859d4d',
-                       span_id: null,
-                       text: 'X'
-                     },
-                     status: 'read',
-                     value: 1
-                   }
-                 ],
-                 qualifiers: [],
-                 raw: {
-                   cells: {
-                     'POINT NAME': {
-                       bbox: [
-                         1791.6,
-                         704.64,
-                         2350.8,
-                         746.64
-                       ],
-                       text: 'CHW COIL LEAVING AIR TEMP. SETPOINT'
-                     },
-                     DO: {
-                       bbox: [
-                         2625.36,
-                         704.64,
-                         2716.8,
-                         746.64
-                       ],
-                       text: 'X'
-                     },
-                     TAG: {
-                       bbox: [
-                         1698.48,
-                         704.64,
-                         1791.6,
-                         746.64
-                       ],
-                       text: '7'
-                     }
-                   },
-                   key: '7'
-                 },
-                 row_id: 'row:12d811720567c0a95f933310b31fca0b2a523b7bec5ea9ae7cccdc3c338699da:1',
-                 status: 'interpreted',
-                 uninterpreted_columns: [],
-                 unobserved_columns: [
-                   'AI',
-                   'ALARM',
-                   'AO',
-                   'DI'
-                 ]
-               },
-               {
-                 field_wiring_status: 'not_established',
-                 issues: [],
-                 local_key: '8',
-                 name: 'FILTER DIFFERENTIAL PRESSURE',
-                 observations: [
-                   {
-                     channel: 'ALARM',
-                     kind: 'attribute',
-                     source: {
-                       bbox_px: [
-                         2716.8,
-                         746.64,
-                         2883.12,
-                         788.64
-                       ],
-                       column: 'ALARM',
-                       page_id: 'sha256:c62b086bc4b947bc7b87e237c415df1417ec4ebd5a3bf6b15bc7328890859d4d:p7',
-                       sheet_key: 'c62b086bc4b947bc7b87e237c415df1417ec4ebd5a3bf6b15bc7328890859d4d.pdf#7',
-                       source_id: 'sha256:c62b086bc4b947bc7b87e237c415df1417ec4ebd5a3bf6b15bc7328890859d4d',
-                       span_id: null,
-                       text: 'X'
-                     },
-                     status: 'read',
-                     value: 1
-                   }
-                 ],
-                 qualifiers: [],
-                 raw: {
-                   cells: {
-                     'POINT NAME': {
-                       bbox: [
-                         1791.6,
-                         746.64,
-                         2350.8,
-                         788.64
-                       ],
-                       text: 'FILTER DIFFERENTIAL PRESSURE'
-                     },
-                     ALARM: {
-                       bbox: [
-                         2716.8,
-                         746.64,
-                         2883.12,
-                         788.64
-                       ],
-                       text: 'X'
-                     },
-                     TAG: {
-                       bbox: [
-                         1698.48,
-                         746.64,
-                         1791.6,
-                         788.64
-                       ],
-                       text: '8'
-                     }
-                   },
-                   key: '8'
-                 },
-                 row_id: 'row:6035d6f81bd780606acefdee01ea93af42d075fcab04824351e6f4095eee419d:1',
-                 status: 'no_typed_requirement',
-                 uninterpreted_columns: [],
-                 unobserved_columns: [
-                   'AI',
-                   'AO',
-                   'DI',
-                   'DO'
-                 ]
-               },
-               {
-                 field_wiring_status: 'not_established',
-                 issues: [],
-                 local_key: '9',
-                 name: 'SUPPLY FAN ON/OFF',
-                 observations: [
-                   {
-                     channel: 'DO',
-                     kind: 'declared_io',
-                     source: {
-                       bbox_px: [
-                         2625.36,
-                         788.64,
-                         2716.8,
-                         830.64
-                       ],
-                       column: 'DO',
-                       page_id: 'sha256:c62b086bc4b947bc7b87e237c415df1417ec4ebd5a3bf6b15bc7328890859d4d:p7',
-                       sheet_key: 'c62b086bc4b947bc7b87e237c415df1417ec4ebd5a3bf6b15bc7328890859d4d.pdf#7',
-                       source_id: 'sha256:c62b086bc4b947bc7b87e237c415df1417ec4ebd5a3bf6b15bc7328890859d4d',
-                       span_id: null,
-                       text: 'X'
-                     },
-                     status: 'read',
-                     value: 1
-                   }
-                 ],
-                 qualifiers: [],
-                 raw: {
-                   cells: {
-                     'POINT NAME': {
-                       bbox: [
-                         1791.6,
-                         788.64,
-                         2350.8,
-                         830.64
-                       ],
-                       text: 'SUPPLY FAN ON/OFF'
-                     },
-                     DO: {
-                       bbox: [
-                         2625.36,
-                         788.64,
-                         2716.8,
-                         830.64
-                       ],
-                       text: 'X'
-                     },
-                     TAG: {
-                       bbox: [
-                         1698.48,
-                         788.64,
-                         1791.6,
-                         830.64
-                       ],
-                       text: '9'
-                     }
-                   },
-                   key: '9'
-                 },
-                 row_id: 'row:b2b74cc5337831ac3fa83084feb1c9efa3baa66d48f70ff7ada6f87261ca524f:1',
-                 status: 'interpreted',
-                 uninterpreted_columns: [],
-                 unobserved_columns: [
-                   'AI',
-                   'ALARM',
-                   'AO',
-                   'DI'
-                 ]
-               },
-               {
-                 field_wiring_status: 'not_established',
-                 issues: [],
-                 local_key: '10',
-                 name: 'SUPPLY FAN STATUS',
-                 observations: [
-                   {
-                     channel: 'DI',
-                     kind: 'declared_io',
-                     source: {
-                       bbox_px: [
-                         2533.68,
-                         830.64,
-                         2625.36,
-                         872.64
-                       ],
-                       column: 'DI',
-                       page_id: 'sha256:c62b086bc4b947bc7b87e237c415df1417ec4ebd5a3bf6b15bc7328890859d4d:p7',
-                       sheet_key: 'c62b086bc4b947bc7b87e237c415df1417ec4ebd5a3bf6b15bc7328890859d4d.pdf#7',
-                       source_id: 'sha256:c62b086bc4b947bc7b87e237c415df1417ec4ebd5a3bf6b15bc7328890859d4d',
-                       span_id: null,
-                       text: 'X'
-                     },
-                     status: 'read',
-                     value: 1
-                   }
-                 ],
-                 qualifiers: [],
-                 raw: {
-                   cells: {
-                     'POINT NAME': {
-                       bbox: [
-                         1791.6,
-                         830.64,
-                         2350.8,
-                         872.64
-                       ],
-                       text: 'SUPPLY FAN STATUS'
-                     },
-                     DI: {
-                       bbox: [
-                         2533.68,
-                         830.64,
-                         2625.36,
-                         872.64
-                       ],
-                       text: 'X'
-                     },
-                     TAG: {
-                       bbox: [
-                         1698.48,
-                         830.64,
-                         1791.6,
-                         872.64
-                       ],
-                       text: '10'
-                     }
-                   },
-                   key: '10'
-                 },
-                 row_id: 'row:7e6904b1c6c59860bc269d39444391d6402ddbe5df6278f9ba7f5c7bfee2e54b:1',
-                 status: 'interpreted',
-                 uninterpreted_columns: [],
-                 unobserved_columns: [
-                   'AI',
-                   'ALARM',
-                   'AO',
-                   'DO'
-                 ]
-               },
-               {
-                 field_wiring_status: 'not_established',
-                 issues: [],
-                 local_key: '11',
-                 name: 'SUPPLY FAN FAILURE',
-                 observations: [
-                   {
-                     channel: 'ALARM',
-                     kind: 'attribute',
-                     source: {
-                       bbox_px: [
-                         2716.8,
-                         872.64,
-                         2883.12,
-                         914.64
-                       ],
-                       column: 'ALARM',
-                       page_id: 'sha256:c62b086bc4b947bc7b87e237c415df1417ec4ebd5a3bf6b15bc7328890859d4d:p7',
-                       sheet_key: 'c62b086bc4b947bc7b87e237c415df1417ec4ebd5a3bf6b15bc7328890859d4d.pdf#7',
-                       source_id: 'sha256:c62b086bc4b947bc7b87e237c415df1417ec4ebd5a3bf6b15bc7328890859d4d',
-                       span_id: null,
-                       text: 'X'
-                     },
-                     status: 'read',
-                     value: 1
-                   }
-                 ],
-                 qualifiers: [],
-                 raw: {
-                   cells: {
-                     'POINT NAME': {
-                       bbox: [
-                         1791.6,
-                         872.64,
-                         2350.8,
-                         914.64
-                       ],
-                       text: 'SUPPLY FAN FAILURE'
-                     },
-                     ALARM: {
-                       bbox: [
-                         2716.8,
-                         872.64,
-                         2883.12,
-                         914.64
-                       ],
-                       text: 'X'
-                     },
-                     TAG: {
-                       bbox: [
-                         1698.48,
-                         872.64,
-                         1791.6,
-                         914.64
-                       ],
-                       text: '11'
-                     }
-                   },
-                   key: '11'
-                 },
-                 row_id: 'row:b43f0a34e93007ca6d9a302ca0dec5dc76942f97d16d7f9c3ff5cc89ccf9cd0f:1',
-                 status: 'no_typed_requirement',
-                 uninterpreted_columns: [],
-                 unobserved_columns: [
-                   'AI',
-                   'AO',
-                   'DI',
-                   'DO'
-                 ]
-               },
-               {
-                 field_wiring_status: 'not_established',
-                 issues: [],
-                 local_key: '12',
-                 name: 'CONDENSATE OVERFLOW',
-                 observations: [
-                   {
-                     channel: 'ALARM',
-                     kind: 'attribute',
-                     source: {
-                       bbox_px: [
-                         2716.8,
-                         914.64,
-                         2883.12,
-                         956.64
-                       ],
-                       column: 'ALARM',
-                       page_id: 'sha256:c62b086bc4b947bc7b87e237c415df1417ec4ebd5a3bf6b15bc7328890859d4d:p7',
-                       sheet_key: 'c62b086bc4b947bc7b87e237c415df1417ec4ebd5a3bf6b15bc7328890859d4d.pdf#7',
-                       source_id: 'sha256:c62b086bc4b947bc7b87e237c415df1417ec4ebd5a3bf6b15bc7328890859d4d',
-                       span_id: null,
-                       text: 'X'
-                     },
-                     status: 'read',
-                     value: 1
-                   }
-                 ],
-                 qualifiers: [],
-                 raw: {
-                   cells: {
-                     'POINT NAME': {
-                       bbox: [
-                         1791.6,
-                         914.64,
-                         2350.8,
-                         956.64
-                       ],
-                       text: 'CONDENSATE OVERFLOW'
-                     },
-                     ALARM: {
-                       bbox: [
-                         2716.8,
-                         914.64,
-                         2883.12,
-                         956.64
-                       ],
-                       text: 'X'
-                     },
-                     TAG: {
-                       bbox: [
-                         1698.48,
-                         914.64,
-                         1791.6,
-                         956.64
-                       ],
-                       text: '12'
-                     }
-                   },
-                   key: '12'
-                 },
-                 row_id: 'row:01d38b9d8e61b170db071e09257e9bbac7fa1b4dc0eb43d97f6f578fa8ac2a1a:1',
-                 status: 'no_typed_requirement',
-                 uninterpreted_columns: [],
-                 unobserved_columns: [
-                   'AI',
-                   'AO',
-                   'DI',
-                   'DO'
-                 ]
-               },
-               {
-                 field_wiring_status: 'not_established',
-                 issues: [],
-                 local_key: '13',
-                 name: 'SYSTEM ENABLE',
-                 observations: [
-                   {
-                     channel: 'DO',
-                     kind: 'declared_io',
-                     source: {
-                       bbox_px: [
-                         2625.36,
-                         956.64,
-                         2716.8,
-                         998.64
-                       ],
-                       column: 'DO',
-                       page_id: 'sha256:c62b086bc4b947bc7b87e237c415df1417ec4ebd5a3bf6b15bc7328890859d4d:p7',
-                       sheet_key: 'c62b086bc4b947bc7b87e237c415df1417ec4ebd5a3bf6b15bc7328890859d4d.pdf#7',
-                       source_id: 'sha256:c62b086bc4b947bc7b87e237c415df1417ec4ebd5a3bf6b15bc7328890859d4d',
-                       span_id: null,
-                       text: 'X'
-                     },
-                     status: 'read',
-                     value: 1
-                   }
-                 ],
-                 qualifiers: [],
-                 raw: {
-                   cells: {
-                     'POINT NAME': {
-                       bbox: [
-                         1791.6,
-                         956.64,
-                         2350.8,
-                         998.64
-                       ],
-                       text: 'SYSTEM ENABLE'
-                     },
-                     DO: {
-                       bbox: [
-                         2625.36,
-                         956.64,
-                         2716.8,
-                         998.64
-                       ],
-                       text: 'X'
-                     },
-                     TAG: {
-                       bbox: [
-                         1698.48,
-                         956.64,
-                         1791.6,
-                         998.64
-                       ],
-                       text: '13'
-                     }
-                   },
-                   key: '13'
-                 },
-                 row_id: 'row:44f66eac37f03741afd742c1252b3e9e6e76280183ef22741f509860f68e6a23:1',
-                 status: 'interpreted',
-                 uninterpreted_columns: [],
-                 unobserved_columns: [
-                   'AI',
-                   'ALARM',
-                   'AO',
-                   'DI'
-                 ]
-               },
-               {
-                 field_wiring_status: 'not_established',
-                 issues: [],
-                 local_key: '14',
-                 name: 'RELIEF DAMPER OPEN/CLOSE',
-                 observations: [
-                   {
-                     channel: 'DO',
-                     kind: 'declared_io',
-                     source: {
-                       bbox_px: [
-                         2625.36,
-                         998.64,
-                         2716.8,
-                         1040.64
-                       ],
-                       column: 'DO',
-                       page_id: 'sha256:c62b086bc4b947bc7b87e237c415df1417ec4ebd5a3bf6b15bc7328890859d4d:p7',
-                       sheet_key: 'c62b086bc4b947bc7b87e237c415df1417ec4ebd5a3bf6b15bc7328890859d4d.pdf#7',
-                       source_id: 'sha256:c62b086bc4b947bc7b87e237c415df1417ec4ebd5a3bf6b15bc7328890859d4d',
-                       span_id: null,
-                       text: 'X'
-                     },
-                     status: 'read',
-                     value: 1
-                   }
-                 ],
-                 qualifiers: [],
-                 raw: {
-                   cells: {
-                     'POINT NAME': {
-                       bbox: [
-                         1791.6,
-                         998.64,
-                         2350.8,
-                         1040.64
-                       ],
-                       text: 'RELIEF DAMPER OPEN/CLOSE'
-                     },
-                     DO: {
-                       bbox: [
-                         2625.36,
-                         998.64,
-                         2716.8,
-                         1040.64
-                       ],
-                       text: 'X'
-                     },
-                     TAG: {
-                       bbox: [
-                         1698.48,
-                         998.64,
-                         1791.6,
-                         1040.64
-                       ],
-                       text: '14'
-                     }
-                   },
-                   key: '14'
-                 },
-                 row_id: 'row:99032d8aed985acdd1e7ea695bd9485df3459a0368e32edc1a894b0b1f1fc63b:1',
-                 status: 'interpreted',
-                 uninterpreted_columns: [],
-                 unobserved_columns: [
-                   'AI',
-                   'ALARM',
-                   'AO',
-                   'DI'
-                 ]
-               },
-               {
-                 field_wiring_status: 'not_established',
-                 issues: [],
-                 local_key: '15',
-                 name: 'EMERGENCY SHUTDOWN (GLOBAL)',
-                 observations: [
-                   {
-                     channel: 'ALARM',
-                     kind: 'attribute',
-                     source: {
-                       bbox_px: [
-                         2716.8,
-                         1040.64,
-                         2883.12,
-                         1082.64
-                       ],
-                       column: 'ALARM',
-                       page_id: 'sha256:c62b086bc4b947bc7b87e237c415df1417ec4ebd5a3bf6b15bc7328890859d4d:p7',
-                       sheet_key: 'c62b086bc4b947bc7b87e237c415df1417ec4ebd5a3bf6b15bc7328890859d4d.pdf#7',
-                       source_id: 'sha256:c62b086bc4b947bc7b87e237c415df1417ec4ebd5a3bf6b15bc7328890859d4d',
-                       span_id: null,
-                       text: 'X'
-                     },
-                     status: 'read',
-                     value: 1
-                   }
-                 ],
-                 qualifiers: [],
-                 raw: {
-                   cells: {
-                     'POINT NAME': {
-                       bbox: [
-                         1791.6,
-                         1040.64,
-                         2350.8,
-                         1082.64
-                       ],
-                       text: 'EMERGENCY SHUTDOWN (GLOBAL)'
-                     },
-                     ALARM: {
-                       bbox: [
-                         2716.8,
-                         1040.64,
-                         2883.12,
-                         1082.64
-                       ],
-                       text: 'X'
-                     },
-                     TAG: {
-                       bbox: [
-                         1698.48,
-                         1040.64,
-                         1791.6,
-                         1082.64
-                       ],
-                       text: '15'
-                     }
-                   },
-                   key: '15'
-                 },
-                 row_id: 'row:202c10741fb7e92d1845d2152d9facbe507a800779298168588d806d7e18fc40:1',
-                 status: 'no_typed_requirement',
-                 uninterpreted_columns: [],
-                 unobserved_columns: [
-                   'AI',
-                   'AO',
-                   'DI',
-                   'DO'
-                 ]
-               },
-               {
-                 field_wiring_status: 'not_established',
-                 issues: [],
-                 local_key: '16',
-                 name: 'EXHAUST FAN ON/OFF',
-                 observations: [
-                   {
-                     channel: 'DO',
-                     kind: 'declared_io',
-                     source: {
-                       bbox_px: [
-                         2625.36,
-                         1082.64,
-                         2716.8,
-                         1124.4
-                       ],
-                       column: 'DO',
-                       page_id: 'sha256:c62b086bc4b947bc7b87e237c415df1417ec4ebd5a3bf6b15bc7328890859d4d:p7',
-                       sheet_key: 'c62b086bc4b947bc7b87e237c415df1417ec4ebd5a3bf6b15bc7328890859d4d.pdf#7',
-                       source_id: 'sha256:c62b086bc4b947bc7b87e237c415df1417ec4ebd5a3bf6b15bc7328890859d4d',
-                       span_id: null,
-                       text: 'X'
-                     },
-                     status: 'read',
-                     value: 1
-                   }
-                 ],
-                 qualifiers: [],
-                 raw: {
-                   cells: {
-                     'POINT NAME': {
-                       bbox: [
-                         1791.6,
-                         1082.64,
-                         2350.8,
-                         1124.4
-                       ],
-                       text: 'EXHAUST FAN ON/OFF'
-                     },
-                     DO: {
-                       bbox: [
-                         2625.36,
-                         1082.64,
-                         2716.8,
-                         1124.4
-                       ],
-                       text: 'X'
-                     },
-                     TAG: {
-                       bbox: [
-                         1698.48,
-                         1082.64,
-                         1791.6,
-                         1124.4
-                       ],
-                       text: '16'
-                     }
-                   },
-                   key: '16'
-                 },
-                 row_id: 'row:f120ed8852e467f8ae308a3cde58ed0daf15d47024443d48c5dc9939e3e4abc9:1',
-                 status: 'interpreted',
-                 uninterpreted_columns: [],
-                 unobserved_columns: [
-                   'AI',
-                   'ALARM',
-                   'AO',
-                   'DI'
-                 ]
-               },
-               {
-                 field_wiring_status: 'not_established',
-                 issues: [],
-                 local_key: '17',
-                 name: 'EXHAUST FAN STATUS',
-                 observations: [
-                   {
-                     channel: 'DI',
-                     kind: 'declared_io',
-                     source: {
-                       bbox_px: [
-                         2533.68,
-                         1124.4,
-                         2625.36,
-                         1166.4
-                       ],
-                       column: 'DI',
-                       page_id: 'sha256:c62b086bc4b947bc7b87e237c415df1417ec4ebd5a3bf6b15bc7328890859d4d:p7',
-                       sheet_key: 'c62b086bc4b947bc7b87e237c415df1417ec4ebd5a3bf6b15bc7328890859d4d.pdf#7',
-                       source_id: 'sha256:c62b086bc4b947bc7b87e237c415df1417ec4ebd5a3bf6b15bc7328890859d4d',
-                       span_id: null,
-                       text: 'X'
-                     },
-                     status: 'read',
-                     value: 1
-                   }
-                 ],
-                 qualifiers: [],
-                 raw: {
-                   cells: {
-                     'POINT NAME': {
-                       bbox: [
-                         1791.6,
-                         1124.4,
-                         2350.8,
-                         1166.4
-                       ],
-                       text: 'EXHAUST FAN STATUS'
-                     },
-                     DI: {
-                       bbox: [
-                         2533.68,
-                         1124.4,
-                         2625.36,
-                         1166.4
-                       ],
-                       text: 'X'
-                     },
-                     TAG: {
-                       bbox: [
-                         1698.48,
-                         1124.4,
-                         1791.6,
-                         1166.4
-                       ],
-                       text: '17'
-                     }
-                   },
-                   key: '17'
-                 },
-                 row_id: 'row:41c1c1af93a41fb4bbfb8d896d01619775e4788ad244c4a2bc167d5344e98b50:1',
-                 status: 'interpreted',
-                 uninterpreted_columns: [],
-                 unobserved_columns: [
-                   'AI',
-                   'ALARM',
-                   'AO',
-                   'DO'
-                 ]
-               },
-               {
-                 field_wiring_status: 'not_established',
-                 issues: [],
-                 local_key: '18',
-                 name: 'EXHAUST FAN FAILURE',
-                 observations: [
-                   {
-                     channel: 'ALARM',
-                     kind: 'attribute',
-                     source: {
-                       bbox_px: [
-                         2716.8,
-                         1166.4,
-                         2883.12,
-                         1208.4
-                       ],
-                       column: 'ALARM',
-                       page_id: 'sha256:c62b086bc4b947bc7b87e237c415df1417ec4ebd5a3bf6b15bc7328890859d4d:p7',
-                       sheet_key: 'c62b086bc4b947bc7b87e237c415df1417ec4ebd5a3bf6b15bc7328890859d4d.pdf#7',
-                       source_id: 'sha256:c62b086bc4b947bc7b87e237c415df1417ec4ebd5a3bf6b15bc7328890859d4d',
-                       span_id: null,
-                       text: 'X'
-                     },
-                     status: 'read',
-                     value: 1
-                   }
-                 ],
-                 qualifiers: [],
-                 raw: {
-                   cells: {
-                     'POINT NAME': {
-                       bbox: [
-                         1791.6,
-                         1166.4,
-                         2350.8,
-                         1208.4
-                       ],
-                       text: 'EXHAUST FAN FAILURE'
-                     },
-                     ALARM: {
-                       bbox: [
-                         2716.8,
-                         1166.4,
-                         2883.12,
-                         1208.4
-                       ],
-                       text: 'X'
-                     },
-                     TAG: {
-                       bbox: [
-                         1698.48,
-                         1166.4,
-                         1791.6,
-                         1208.4
-                       ],
-                       text: '18'
-                     }
-                   },
-                   key: '18'
-                 },
-                 row_id: 'row:e0bf72e8d52e53fc22c6890248c3b9fa3b3d74e1dd1afde7544b9fd23badc28a:1',
-                 status: 'no_typed_requirement',
-                 uninterpreted_columns: [],
-                 unobserved_columns: [
-                   'AI',
-                   'AO',
-                   'DI',
-                   'DO'
-                 ]
-               },
-               {
-                 field_wiring_status: 'not_established',
-                 issues: [],
-                 local_key: '19',
-                 name: 'DUCT STATIC PRESSURE',
-                 observations: [
-                   {
-                     channel: 'DI',
-                     kind: 'declared_io',
-                     source: {
-                       bbox_px: [
-                         2533.68,
-                         1208.4,
-                         2625.36,
-                         1250.4
-                       ],
-                       column: 'DI',
-                       page_id: 'sha256:c62b086bc4b947bc7b87e237c415df1417ec4ebd5a3bf6b15bc7328890859d4d:p7',
-                       sheet_key: 'c62b086bc4b947bc7b87e237c415df1417ec4ebd5a3bf6b15bc7328890859d4d.pdf#7',
-                       source_id: 'sha256:c62b086bc4b947bc7b87e237c415df1417ec4ebd5a3bf6b15bc7328890859d4d',
-                       span_id: null,
-                       text: 'X'
-                     },
-                     status: 'read',
-                     value: 1
-                   }
-                 ],
-                 qualifiers: [],
-                 raw: {
-                   cells: {
-                     'POINT NAME': {
-                       bbox: [
-                         1791.6,
-                         1208.4,
-                         2350.8,
-                         1250.4
-                       ],
-                       text: 'DUCT STATIC PRESSURE'
-                     },
-                     DI: {
-                       bbox: [
-                         2533.68,
-                         1208.4,
-                         2625.36,
-                         1250.4
-                       ],
-                       text: 'X'
-                     },
-                     TAG: {
-                       bbox: [
-                         1698.48,
-                         1208.4,
-                         1791.6,
-                         1250.4
-                       ],
-                       text: '19'
-                     }
-                   },
-                   key: '19'
-                 },
-                 row_id: 'row:8b56ce6e9bd61fd26f074ce14505d52dd7a9549b8a94b4393cf9a55b40d1cf82:1',
-                 status: 'interpreted',
-                 uninterpreted_columns: [],
-                 unobserved_columns: [
-                   'AI',
-                   'ALARM',
-                   'AO',
-                   'DO'
-                 ]
-               },
-               {
-                 field_wiring_status: 'not_established',
-                 issues: [],
-                 local_key: '20',
-                 name: 'DUCT STATIC PRESSURE SETPOINT',
-                 observations: [
-                   {
-                     channel: 'DO',
-                     kind: 'declared_io',
-                     source: {
-                       bbox_px: [
-                         2625.36,
-                         1250.4,
-                         2716.8,
-                         1292.4
-                       ],
-                       column: 'DO',
-                       page_id: 'sha256:c62b086bc4b947bc7b87e237c415df1417ec4ebd5a3bf6b15bc7328890859d4d:p7',
-                       sheet_key: 'c62b086bc4b947bc7b87e237c415df1417ec4ebd5a3bf6b15bc7328890859d4d.pdf#7',
-                       source_id: 'sha256:c62b086bc4b947bc7b87e237c415df1417ec4ebd5a3bf6b15bc7328890859d4d',
-                       span_id: null,
-                       text: 'X'
-                     },
-                     status: 'read',
-                     value: 1
-                   }
-                 ],
-                 qualifiers: [],
-                 raw: {
-                   cells: {
-                     'POINT NAME': {
-                       bbox: [
-                         1791.6,
-                         1250.4,
-                         2350.8,
-                         1292.4
-                       ],
-                       text: 'DUCT STATIC PRESSURE SETPOINT'
-                     },
-                     DO: {
-                       bbox: [
-                         2625.36,
-                         1250.4,
-                         2716.8,
-                         1292.4
-                       ],
-                       text: 'X'
-                     },
-                     TAG: {
-                       bbox: [
-                         1698.48,
-                         1250.4,
-                         1791.6,
-                         1292.4
-                       ],
-                       text: '20'
-                     }
-                   },
-                   key: '20'
-                 },
-                 row_id: 'row:7fd4423cc56cac255046e04fd70f8c2d759d46b907c4a1ac1b3088a2d5f0db1f:1',
-                 status: 'interpreted',
-                 uninterpreted_columns: [],
-                 unobserved_columns: [
-                   'AI',
-                   'ALARM',
-                   'AO',
-                   'DI'
-                 ]
-               },
-               {
-                 field_wiring_status: 'not_established',
-                 issues: [],
-                 local_key: '21',
-                 name: 'DUCT SMOKE DETECTOR',
-                 observations: [
-                   {
-                     channel: 'ALARM',
-                     kind: 'attribute',
-                     source: {
-                       bbox_px: [
-                         2716.8,
-                         1292.4,
-                         2883.12,
-                         1333.92
-                       ],
-                       column: 'ALARM',
-                       page_id: 'sha256:c62b086bc4b947bc7b87e237c415df1417ec4ebd5a3bf6b15bc7328890859d4d:p7',
-                       sheet_key: 'c62b086bc4b947bc7b87e237c415df1417ec4ebd5a3bf6b15bc7328890859d4d.pdf#7',
-                       source_id: 'sha256:c62b086bc4b947bc7b87e237c415df1417ec4ebd5a3bf6b15bc7328890859d4d',
-                       span_id: null,
-                       text: 'X'
-                     },
-                     status: 'read',
-                     value: 1
-                   }
-                 ],
-                 qualifiers: [],
-                 raw: {
-                   cells: {
-                     'POINT NAME': {
-                       bbox: [
-                         1791.6,
-                         1292.4,
-                         2350.8,
-                         1333.92
-                       ],
-                       text: 'DUCT SMOKE DETECTOR'
-                     },
-                     ALARM: {
-                       bbox: [
-                         2716.8,
-                         1292.4,
-                         2883.12,
-                         1333.92
-                       ],
-                       text: 'X'
-                     },
-                     TAG: {
-                       bbox: [
-                         1698.48,
-                         1292.4,
-                         1791.6,
-                         1333.92
-                       ],
-                       text: '21'
-                     }
-                   },
-                   key: '21'
-                 },
-                 row_id: 'row:4e0c06e06621b22fedcf003b5ca6667af73fb4ea911efa61016cc5da423adfc0:1',
-                 status: 'no_typed_requirement',
-                 uninterpreted_columns: [],
-                 unobserved_columns: [
-                   'AI',
-                   'AO',
-                   'DI',
-                   'DO'
-                 ]
-               },
-               {
-                 field_wiring_status: 'not_established',
-                 issues: [],
-                 local_key: '22',
-                 name: 'HW COIL LEAVING AIR TEMPERATURE',
-                 observations: [
-                   {
-                     channel: 'AI',
-                     kind: 'declared_io',
-                     source: {
-                       bbox_px: [
-                         2350.8,
-                         1333.92,
-                         2442.24,
-                         1376.4
-                       ],
-                       column: 'AI',
-                       page_id: 'sha256:c62b086bc4b947bc7b87e237c415df1417ec4ebd5a3bf6b15bc7328890859d4d:p7',
-                       sheet_key: 'c62b086bc4b947bc7b87e237c415df1417ec4ebd5a3bf6b15bc7328890859d4d.pdf#7',
-                       source_id: 'sha256:c62b086bc4b947bc7b87e237c415df1417ec4ebd5a3bf6b15bc7328890859d4d',
-                       span_id: null,
-                       text: 'X'
-                     },
-                     status: 'read',
-                     value: 1
-                   }
-                 ],
-                 qualifiers: [],
-                 raw: {
-                   cells: {
-                     'POINT NAME': {
-                       bbox: [
-                         1791.6,
-                         1333.92,
-                         2350.8,
-                         1376.4
-                       ],
-                       text: 'HW COIL LEAVING AIR TEMPERATURE'
-                     },
-                     AI: {
-                       bbox: [
-                         2350.8,
-                         1333.92,
-                         2442.24,
-                         1376.4
-                       ],
-                       text: 'X'
-                     },
-                     TAG: {
-                       bbox: [
-                         1698.48,
-                         1333.92,
-                         1791.6,
-                         1376.4
-                       ],
-                       text: '22'
-                     }
-                   },
-                   key: '22'
-                 },
-                 row_id: 'row:a55e2d2fbfb69493ed1365d5126ad4ccec65abefbe50f21640a861fb424f191d:1',
-                 status: 'interpreted',
-                 uninterpreted_columns: [],
-                 unobserved_columns: [
-                   'ALARM',
-                   'AO',
-                   'DI',
-                   'DO'
-                 ]
-               },
-               {
-                 field_wiring_status: 'not_established',
-                 issues: [],
-                 local_key: '23',
-                 name: 'HW COIL LEAVING AIR TEMP. SETPOINT',
-                 observations: [
-                   {
-                     channel: 'DO',
-                     kind: 'declared_io',
-                     source: {
-                       bbox_px: [
-                         2625.36,
-                         1376.4,
-                         2716.8,
-                         1418.4
-                       ],
-                       column: 'DO',
-                       page_id: 'sha256:c62b086bc4b947bc7b87e237c415df1417ec4ebd5a3bf6b15bc7328890859d4d:p7',
-                       sheet_key: 'c62b086bc4b947bc7b87e237c415df1417ec4ebd5a3bf6b15bc7328890859d4d.pdf#7',
-                       source_id: 'sha256:c62b086bc4b947bc7b87e237c415df1417ec4ebd5a3bf6b15bc7328890859d4d',
-                       span_id: null,
-                       text: 'X'
-                     },
-                     status: 'read',
-                     value: 1
-                   }
-                 ],
-                 qualifiers: [],
-                 raw: {
-                   cells: {
-                     'POINT NAME': {
-                       bbox: [
-                         1791.6,
-                         1376.4,
-                         2350.8,
-                         1418.4
-                       ],
-                       text: 'HW COIL LEAVING AIR TEMP. SETPOINT'
-                     },
-                     DO: {
-                       bbox: [
-                         2625.36,
-                         1376.4,
-                         2716.8,
-                         1418.4
-                       ],
-                       text: 'X'
-                     },
-                     TAG: {
-                       bbox: [
-                         1698.48,
-                         1376.4,
-                         1791.6,
-                         1418.4
-                       ],
-                       text: '23'
-                     }
-                   },
-                   key: '23'
-                 },
-                 row_id: 'row:96ccf5ab98a1d5d7b9ccea6991c80afd04de81dde1045d14bcb27fdf3eb77fd7:1',
-                 status: 'interpreted',
-                 uninterpreted_columns: [],
-                 unobserved_columns: [
-                   'AI',
-                   'ALARM',
-                   'AO',
-                   'DI'
-                 ]
-               },
-               {
-                 field_wiring_status: 'not_established',
-                 issues: [],
-                 local_key: '24',
-                 name: 'HOT WATER VALVE POSITION',
-                 observations: [
-                   {
-                     channel: 'AO',
-                     kind: 'declared_io',
-                     source: {
-                       bbox_px: [
-                         2442.24,
-                         1418.4,
-                         2533.68,
-                         1460.4
-                       ],
-                       column: 'AO',
-                       page_id: 'sha256:c62b086bc4b947bc7b87e237c415df1417ec4ebd5a3bf6b15bc7328890859d4d:p7',
-                       sheet_key: 'c62b086bc4b947bc7b87e237c415df1417ec4ebd5a3bf6b15bc7328890859d4d.pdf#7',
-                       source_id: 'sha256:c62b086bc4b947bc7b87e237c415df1417ec4ebd5a3bf6b15bc7328890859d4d',
-                       span_id: null,
-                       text: 'X'
-                     },
-                     status: 'read',
-                     value: 1
-                   }
-                 ],
-                 qualifiers: [],
-                 raw: {
-                   cells: {
-                     'POINT NAME': {
-                       bbox: [
-                         1791.6,
-                         1418.4,
-                         2350.8,
-                         1460.4
-                       ],
-                       text: 'HOT WATER VALVE POSITION'
-                     },
-                     AO: {
-                       bbox: [
-                         2442.24,
-                         1418.4,
-                         2533.68,
-                         1460.4
-                       ],
-                       text: 'X'
-                     },
-                     TAG: {
-                       bbox: [
-                         1698.48,
-                         1418.4,
-                         1791.6,
-                         1460.4
-                       ],
-                       text: '24'
-                     }
-                   },
-                   key: '24'
-                 },
-                 row_id: 'row:1ba7e186f1e583d36573f645ea5c9c2db319b95f0e6d21f0fccc5bb3af06230d:1',
-                 status: 'interpreted',
-                 uninterpreted_columns: [],
-                 unobserved_columns: [
-                   'AI',
-                   'ALARM',
-                   'DI',
-                   'DO'
-                 ]
-               },
-               {
-                 field_wiring_status: 'not_established',
-                 issues: [],
-                 local_key: '25',
-                 name: 'CHILLED WATER VALVE POSITION',
-                 observations: [
-                   {
-                     channel: 'AO',
-                     kind: 'declared_io',
-                     source: {
-                       bbox_px: [
-                         2442.24,
-                         1460.4,
-                         2533.68,
-                         1502.4
-                       ],
-                       column: 'AO',
-                       page_id: 'sha256:c62b086bc4b947bc7b87e237c415df1417ec4ebd5a3bf6b15bc7328890859d4d:p7',
-                       sheet_key: 'c62b086bc4b947bc7b87e237c415df1417ec4ebd5a3bf6b15bc7328890859d4d.pdf#7',
-                       source_id: 'sha256:c62b086bc4b947bc7b87e237c415df1417ec4ebd5a3bf6b15bc7328890859d4d',
-                       span_id: null,
-                       text: 'X'
-                     },
-                     status: 'read',
-                     value: 1
-                   }
-                 ],
-                 qualifiers: [],
-                 raw: {
-                   cells: {
-                     'POINT NAME': {
-                       bbox: [
-                         1791.6,
-                         1460.4,
-                         2350.8,
-                         1502.4
-                       ],
-                       text: 'CHILLED WATER VALVE POSITION'
-                     },
-                     AO: {
-                       bbox: [
-                         2442.24,
-                         1460.4,
-                         2533.68,
-                         1502.4
-                       ],
-                       text: 'X'
-                     },
-                     TAG: {
-                       bbox: [
-                         1698.48,
-                         1460.4,
-                         1791.6,
-                         1502.4
-                       ],
-                       text: '25'
-                     }
-                   },
-                   key: '25'
-                 },
-                 row_id: 'row:aefc82de9d1071548aa6a3f4ead0bac0a4e7a3f1924953812d64efef4586ae0b:1',
-                 status: 'interpreted',
-                 uninterpreted_columns: [],
-                 unobserved_columns: [
-                   'AI',
-                   'ALARM',
-                   'DI',
-                   'DO'
-                 ]
-               },
-               {
-                 field_wiring_status: 'not_established',
-                 issues: [],
-                 local_key: '26',
-                 name: 'SUPPLY VFD SPEED',
-                 observations: [
-                   {
-                     channel: 'AO',
-                     kind: 'declared_io',
-                     source: {
-                       bbox_px: [
-                         2442.24,
-                         1502.4,
-                         2533.68,
-                         1544.4
-                       ],
-                       column: 'AO',
-                       page_id: 'sha256:c62b086bc4b947bc7b87e237c415df1417ec4ebd5a3bf6b15bc7328890859d4d:p7',
-                       sheet_key: 'c62b086bc4b947bc7b87e237c415df1417ec4ebd5a3bf6b15bc7328890859d4d.pdf#7',
-                       source_id: 'sha256:c62b086bc4b947bc7b87e237c415df1417ec4ebd5a3bf6b15bc7328890859d4d',
-                       span_id: null,
-                       text: 'X'
-                     },
-                     status: 'read',
-                     value: 1
-                   }
-                 ],
-                 qualifiers: [],
-                 raw: {
-                   cells: {
-                     'POINT NAME': {
-                       bbox: [
-                         1791.6,
-                         1502.4,
-                         2350.8,
-                         1544.4
-                       ],
-                       text: 'SUPPLY VFD SPEED'
-                     },
-                     AO: {
-                       bbox: [
-                         2442.24,
-                         1502.4,
-                         2533.68,
-                         1544.4
-                       ],
-                       text: 'X'
-                     },
-                     TAG: {
-                       bbox: [
-                         1698.48,
-                         1502.4,
-                         1791.6,
-                         1544.4
-                       ],
-                       text: '26'
-                     }
-                   },
-                   key: '26'
-                 },
-                 row_id: 'row:0f3347fd4f8e13cf6c59be039c0e6fe2e71047dd2490435125842f5c6421531a:1',
-                 status: 'interpreted',
-                 uninterpreted_columns: [],
-                 unobserved_columns: [
-                   'AI',
-                   'ALARM',
-                   'DI',
-                   'DO'
-                 ]
-               },
-               {
-                 field_wiring_status: 'not_established',
-                 issues: [],
-                 local_key: '27',
-                 name: 'EXHAUST VFD SPEED',
-                 observations: [
-                   {
-                     channel: 'AO',
-                     kind: 'declared_io',
-                     source: {
-                       bbox_px: [
-                         2442.24,
-                         1544.4,
-                         2533.68,
-                         1586.4
-                       ],
-                       column: 'AO',
-                       page_id: 'sha256:c62b086bc4b947bc7b87e237c415df1417ec4ebd5a3bf6b15bc7328890859d4d:p7',
-                       sheet_key: 'c62b086bc4b947bc7b87e237c415df1417ec4ebd5a3bf6b15bc7328890859d4d.pdf#7',
-                       source_id: 'sha256:c62b086bc4b947bc7b87e237c415df1417ec4ebd5a3bf6b15bc7328890859d4d',
-                       span_id: null,
-                       text: 'X'
-                     },
-                     status: 'read',
-                     value: 1
-                   }
-                 ],
-                 qualifiers: [],
-                 raw: {
-                   cells: {
-                     'POINT NAME': {
-                       bbox: [
-                         1791.6,
-                         1544.4,
-                         2350.8,
-                         1586.4
-                       ],
-                       text: 'EXHAUST VFD SPEED'
-                     },
-                     AO: {
-                       bbox: [
-                         2442.24,
-                         1544.4,
-                         2533.68,
-                         1586.4
-                       ],
-                       text: 'X'
-                     },
-                     TAG: {
-                       bbox: [
-                         1698.48,
-                         1544.4,
-                         1791.6,
-                         1586.4
-                       ],
-                       text: '27'
-                     }
-                   },
-                   key: '27'
-                 },
-                 row_id: 'row:07114b76c0671d7eb08e629036a98cd08e997b1f9311ca22ff8ee1c00e408a37:1',
-                 status: 'interpreted',
-                 uninterpreted_columns: [],
-                 unobserved_columns: [
-                   'AI',
-                   'ALARM',
-                   'DI',
-                   'DO'
-                 ]
-               },
-               {
-                 field_wiring_status: 'not_established',
-                 issues: [],
-                 local_key: '28',
-                 name: 'RA DAMPER OPEN/CLOSE',
-                 observations: [
-                   {
-                     channel: 'DO',
-                     kind: 'declared_io',
-                     source: {
-                       bbox_px: [
-                         2625.36,
-                         1586.4,
-                         2716.8,
-                         1628.4
-                       ],
-                       column: 'DO',
-                       page_id: 'sha256:c62b086bc4b947bc7b87e237c415df1417ec4ebd5a3bf6b15bc7328890859d4d:p7',
-                       sheet_key: 'c62b086bc4b947bc7b87e237c415df1417ec4ebd5a3bf6b15bc7328890859d4d.pdf#7',
-                       source_id: 'sha256:c62b086bc4b947bc7b87e237c415df1417ec4ebd5a3bf6b15bc7328890859d4d',
-                       span_id: null,
-                       text: 'X'
-                     },
-                     status: 'read',
-                     value: 1
-                   }
-                 ],
-                 qualifiers: [],
-                 raw: {
-                   cells: {
-                     'POINT NAME': {
-                       bbox: [
-                         1791.6,
-                         1586.4,
-                         2350.8,
-                         1628.4
-                       ],
-                       text: 'RA DAMPER OPEN/CLOSE'
-                     },
-                     DO: {
-                       bbox: [
-                         2625.36,
-                         1586.4,
-                         2716.8,
-                         1628.4
-                       ],
-                       text: 'X'
-                     },
-                     TAG: {
-                       bbox: [
-                         1698.48,
-                         1586.4,
-                         1791.6,
-                         1628.4
-                       ],
-                       text: '28'
-                     }
-                   },
-                   key: '28'
-                 },
-                 row_id: 'row:5db8f7a3bd0224ca601fb062d8104e9aee0f85187bb226f3459ce57978dbb086:1',
-                 status: 'interpreted',
-                 uninterpreted_columns: [],
-                 unobserved_columns: [
-                   'AI',
-                   'ALARM',
-                   'AO',
-                   'DI'
-                 ]
-               },
-               {
-                 field_wiring_status: 'not_established',
-                 issues: [],
-                 local_key: '29',
-                 name: 'OA DAMPER OPEN/CLOSE',
-                 observations: [
-                   {
-                     channel: 'DO',
-                     kind: 'declared_io',
-                     source: {
-                       bbox_px: [
-                         2625.36,
-                         1628.4,
-                         2716.8,
-                         1670.4
-                       ],
-                       column: 'DO',
-                       page_id: 'sha256:c62b086bc4b947bc7b87e237c415df1417ec4ebd5a3bf6b15bc7328890859d4d:p7',
-                       sheet_key: 'c62b086bc4b947bc7b87e237c415df1417ec4ebd5a3bf6b15bc7328890859d4d.pdf#7',
-                       source_id: 'sha256:c62b086bc4b947bc7b87e237c415df1417ec4ebd5a3bf6b15bc7328890859d4d',
-                       span_id: null,
-                       text: 'X'
-                     },
-                     status: 'read',
-                     value: 1
-                   }
-                 ],
-                 qualifiers: [],
-                 raw: {
-                   cells: {
-                     'POINT NAME': {
-                       bbox: [
-                         1791.6,
-                         1628.4,
-                         2350.8,
-                         1670.4
-                       ],
-                       text: 'OA DAMPER OPEN/CLOSE'
-                     },
-                     DO: {
-                       bbox: [
-                         2625.36,
-                         1628.4,
-                         2716.8,
-                         1670.4
-                       ],
-                       text: 'X'
-                     },
-                     TAG: {
-                       bbox: [
-                         1698.48,
-                         1628.4,
-                         1791.6,
-                         1670.4
-                       ],
-                       text: '29'
-                     }
-                   },
-                   key: '29'
-                 },
-                 row_id: 'row:17d191888bc251eaa14d71b7967714fb2c23410203680b3c19a247cfbc2201ff:1',
-                 status: 'interpreted',
-                 uninterpreted_columns: [],
-                 unobserved_columns: [
-                   'AI',
-                   'ALARM',
-                   'AO',
-                   'DI'
-                 ]
-               }
-             ],
-             source_id: 'sha256:c62b086bc4b947bc7b87e237c415df1417ec4ebd5a3bf6b15bc7328890859d4d'
-           },
-           {
-             header_rows: 0,
-             header_sources: [],
-             issues: [],
-             matrix_id: 'matrix:aebccd48d2e91aca26600ab494d8787762162286ffefb2edbef608b7291f2025',
-             notes: [],
-             page_id: 'sha256:c62b086bc4b947bc7b87e237c415df1417ec4ebd5a3bf6b15bc7328890859d4d:p2',
-             quantity_basis: 'listed_matrix_only',
-             raw: {
-               headers: [
-                 'TAG',
-                 'POINT NAME',
-                 'AI',
-                 'AO',
-                 'DI',
-                 'DO',
-                 'ALARM'
-               ],
-               region: [
-                 3161.28,
-                 536.88,
-                 4352.4,
-                 887.28
-               ],
-               rows: [
-                 {
-                   cells: {
-                     'POINT NAME': {
-                       bbox: [
-                         3247.2,
-                         653.28,
-                         3907.18,
-                         692.16
-                       ],
-                       text: 'FAN ON/OFF'
-                     },
-                     DO: {
-                       bbox: [
-                         4164.7,
-                         653.28,
-                         4250.64,
-                         692.16
-                       ],
-                       text: 'X'
-                     },
-                     TAG: {
-                       bbox: [
-                         3161.28,
-                         653.28,
-                         3247.2,
-                         692.16
-                       ],
-                       text: '1'
-                     }
-                   },
-                   key: '1'
-                 },
-                 {
-                   cells: {
-                     'POINT NAME': {
-                       bbox: [
-                         3247.2,
-                         692.16,
-                         3907.18,
-                         731.28
-                       ],
-                       text: 'FAN STATUS'
-                     },
-                     DI: {
-                       bbox: [
-                         4078.8,
-                         692.16,
-                         4164.7,
-                         731.28
-                       ],
-                       text: 'X'
-                     },
-                     TAG: {
-                       bbox: [
-                         3161.28,
-                         692.16,
-                         3247.2,
-                         731.28
-                       ],
-                       text: '2'
-                     }
-                   },
-                   key: '2'
-                 },
-                 {
-                   cells: {
-                     'POINT NAME': {
-                       bbox: [
-                         3247.2,
-                         731.28,
-                         3907.18,
-                         770.16
-                       ],
-                       text: 'FAN FAILURE'
-                     },
-                     ALARM: {
-                       bbox: [
-                         4250.64,
-                         731.28,
-                         4352.4,
-                         770.16
-                       ],
-                       text: 'X'
-                     },
-                     TAG: {
-                       bbox: [
-                         3161.28,
-                         731.28,
-                         3247.2,
-                         770.16
-                       ],
-                       text: '3'
-                     }
-                   },
-                   key: '3'
-                 },
-                 {
-                   cells: {
-                     'POINT NAME': {
-                       bbox: [
-                         3247.2,
-                         770.16,
-                         3907.18,
-                         809.28
-                       ],
-                       text: 'EMERGENCY SHUTDOWN (GLOBAL)'
-                     },
-                     ALARM: {
-                       bbox: [
-                         4250.64,
-                         770.16,
-                         4352.4,
-                         809.28
-                       ],
-                       text: 'X'
-                     },
-                     TAG: {
-                       bbox: [
-                         3161.28,
-                         770.16,
-                         3247.2,
-                         809.28
-                       ],
-                       text: '4'
-                     }
-                   },
-                   key: '4'
-                 },
-                 {
-                   cells: {
-                     'POINT NAME': {
-                       bbox: [
-                         3247.2,
-                         809.28,
-                         3907.18,
-                         848.4
-                       ],
-                       text: 'FAN ENABLE (SWITCH)'
-                     },
-                     DO: {
-                       bbox: [
-                         4164.7,
-                         809.28,
-                         4250.64,
-                         848.4
-                       ],
-                       text: 'X'
-                     },
-                     TAG: {
-                       bbox: [
-                         3161.28,
-                         809.28,
-                         3247.2,
-                         848.4
-                       ],
-                       text: '5'
-                     }
-                   },
-                   key: '5'
-                 },
-                 {
-                   cells: {
-                     'POINT NAME': {
-                       bbox: [
-                         3247.2,
-                         848.4,
-                         3907.18,
-                         887.28
-                       ],
-                       text: 'OCCUPANCY'
-                     },
-                     DI: {
-                       bbox: [
-                         4078.8,
-                         848.4,
-                         4164.7,
-                         887.28
-                       ],
-                       text: 'X'
-                     },
-                     TAG: {
-                       bbox: [
-                         3161.28,
-                         848.4,
-                         3247.2,
-                         887.28
-                       ],
-                       text: '6'
-                     }
-                   },
-                   key: '6'
-                 }
-               ],
-               sheet: 'c62b086bc4b947bc7b87e237c415df1417ec4ebd5a3bf6b15bc7328890859d4d.pdf#2',
-               title: {
-                 bbox: [
-                   3161.28,
-                   536.88,
-                   4352.4,
-                   608.88
-                 ],
-                 text: 'BAS INPUT/OUTPUT POINT LIST'
-               }
-             },
-             rows: [
-               {
-                 field_wiring_status: 'not_established',
-                 issues: [],
-                 local_key: '1',
-                 name: 'FAN ON/OFF',
-                 observations: [
-                   {
-                     channel: 'DO',
-                     kind: 'declared_io',
-                     source: {
-                       bbox_px: [
-                         4164.7,
-                         653.28,
-                         4250.64,
-                         692.16
-                       ],
-                       column: 'DO',
-                       page_id: 'sha256:c62b086bc4b947bc7b87e237c415df1417ec4ebd5a3bf6b15bc7328890859d4d:p2',
-                       sheet_key: 'c62b086bc4b947bc7b87e237c415df1417ec4ebd5a3bf6b15bc7328890859d4d.pdf#2',
-                       source_id: 'sha256:c62b086bc4b947bc7b87e237c415df1417ec4ebd5a3bf6b15bc7328890859d4d',
-                       span_id: null,
-                       text: 'X'
-                     },
-                     status: 'read',
-                     value: 1
-                   }
-                 ],
-                 qualifiers: [],
-                 raw: {
-                   cells: {
-                     'POINT NAME': {
-                       bbox: [
-                         3247.2,
-                         653.28,
-                         3907.18,
-                         692.16
-                       ],
-                       text: 'FAN ON/OFF'
-                     },
-                     DO: {
-                       bbox: [
-                         4164.7,
-                         653.28,
-                         4250.64,
-                         692.16
-                       ],
-                       text: 'X'
-                     },
-                     TAG: {
-                       bbox: [
-                         3161.28,
-                         653.28,
-                         3247.2,
-                         692.16
-                       ],
-                       text: '1'
-                     }
-                   },
-                   key: '1'
-                 },
-                 row_id: 'row:10f337df927ffb19b17e3244800cc1d1f84c1412ef62914318b127811ea3033c:1',
-                 status: 'interpreted',
-                 uninterpreted_columns: [],
-                 unobserved_columns: [
-                   'AI',
-                   'ALARM',
-                   'AO',
-                   'DI'
-                 ]
-               },
-               {
-                 field_wiring_status: 'not_established',
-                 issues: [],
-                 local_key: '2',
-                 name: 'FAN STATUS',
-                 observations: [
-                   {
-                     channel: 'DI',
-                     kind: 'declared_io',
-                     source: {
-                       bbox_px: [
-                         4078.8,
-                         692.16,
-                         4164.7,
-                         731.28
-                       ],
-                       column: 'DI',
-                       page_id: 'sha256:c62b086bc4b947bc7b87e237c415df1417ec4ebd5a3bf6b15bc7328890859d4d:p2',
-                       sheet_key: 'c62b086bc4b947bc7b87e237c415df1417ec4ebd5a3bf6b15bc7328890859d4d.pdf#2',
-                       source_id: 'sha256:c62b086bc4b947bc7b87e237c415df1417ec4ebd5a3bf6b15bc7328890859d4d',
-                       span_id: null,
-                       text: 'X'
-                     },
-                     status: 'read',
-                     value: 1
-                   }
-                 ],
-                 qualifiers: [],
-                 raw: {
-                   cells: {
-                     'POINT NAME': {
-                       bbox: [
-                         3247.2,
-                         692.16,
-                         3907.18,
-                         731.28
-                       ],
-                       text: 'FAN STATUS'
-                     },
-                     DI: {
-                       bbox: [
-                         4078.8,
-                         692.16,
-                         4164.7,
-                         731.28
-                       ],
-                       text: 'X'
-                     },
-                     TAG: {
-                       bbox: [
-                         3161.28,
-                         692.16,
-                         3247.2,
-                         731.28
-                       ],
-                       text: '2'
-                     }
-                   },
-                   key: '2'
-                 },
-                 row_id: 'row:4ae959759262f6856b41501498027519916c15f2ecac8984e40422fc0fd4fe3d:1',
-                 status: 'interpreted',
-                 uninterpreted_columns: [],
-                 unobserved_columns: [
-                   'AI',
-                   'ALARM',
-                   'AO',
-                   'DO'
-                 ]
-               },
-               {
-                 field_wiring_status: 'not_established',
-                 issues: [],
-                 local_key: '3',
-                 name: 'FAN FAILURE',
-                 observations: [
-                   {
-                     channel: 'ALARM',
-                     kind: 'attribute',
-                     source: {
-                       bbox_px: [
-                         4250.64,
-                         731.28,
-                         4352.4,
-                         770.16
-                       ],
-                       column: 'ALARM',
-                       page_id: 'sha256:c62b086bc4b947bc7b87e237c415df1417ec4ebd5a3bf6b15bc7328890859d4d:p2',
-                       sheet_key: 'c62b086bc4b947bc7b87e237c415df1417ec4ebd5a3bf6b15bc7328890859d4d.pdf#2',
-                       source_id: 'sha256:c62b086bc4b947bc7b87e237c415df1417ec4ebd5a3bf6b15bc7328890859d4d',
-                       span_id: null,
-                       text: 'X'
-                     },
-                     status: 'read',
-                     value: 1
-                   }
-                 ],
-                 qualifiers: [],
-                 raw: {
-                   cells: {
-                     'POINT NAME': {
-                       bbox: [
-                         3247.2,
-                         731.28,
-                         3907.18,
-                         770.16
-                       ],
-                       text: 'FAN FAILURE'
-                     },
-                     ALARM: {
-                       bbox: [
-                         4250.64,
-                         731.28,
-                         4352.4,
-                         770.16
-                       ],
-                       text: 'X'
-                     },
-                     TAG: {
-                       bbox: [
-                         3161.28,
-                         731.28,
-                         3247.2,
-                         770.16
-                       ],
-                       text: '3'
-                     }
-                   },
-                   key: '3'
-                 },
-                 row_id: 'row:03dd6a10fe2f53de4cb050da1c8b7ca900404c4e94a1847b996cc8680ae0ec33:1',
-                 status: 'no_typed_requirement',
-                 uninterpreted_columns: [],
-                 unobserved_columns: [
-                   'AI',
-                   'AO',
-                   'DI',
-                   'DO'
-                 ]
-               },
-               {
-                 field_wiring_status: 'not_established',
-                 issues: [],
-                 local_key: '4',
-                 name: 'EMERGENCY SHUTDOWN (GLOBAL)',
-                 observations: [
-                   {
-                     channel: 'ALARM',
-                     kind: 'attribute',
-                     source: {
-                       bbox_px: [
-                         4250.64,
-                         770.16,
-                         4352.4,
-                         809.28
-                       ],
-                       column: 'ALARM',
-                       page_id: 'sha256:c62b086bc4b947bc7b87e237c415df1417ec4ebd5a3bf6b15bc7328890859d4d:p2',
-                       sheet_key: 'c62b086bc4b947bc7b87e237c415df1417ec4ebd5a3bf6b15bc7328890859d4d.pdf#2',
-                       source_id: 'sha256:c62b086bc4b947bc7b87e237c415df1417ec4ebd5a3bf6b15bc7328890859d4d',
-                       span_id: null,
-                       text: 'X'
-                     },
-                     status: 'read',
-                     value: 1
-                   }
-                 ],
-                 qualifiers: [],
-                 raw: {
-                   cells: {
-                     'POINT NAME': {
-                       bbox: [
-                         3247.2,
-                         770.16,
-                         3907.18,
-                         809.28
-                       ],
-                       text: 'EMERGENCY SHUTDOWN (GLOBAL)'
-                     },
-                     ALARM: {
-                       bbox: [
-                         4250.64,
-                         770.16,
-                         4352.4,
-                         809.28
-                       ],
-                       text: 'X'
-                     },
-                     TAG: {
-                       bbox: [
-                         3161.28,
-                         770.16,
-                         3247.2,
-                         809.28
-                       ],
-                       text: '4'
-                     }
-                   },
-                   key: '4'
-                 },
-                 row_id: 'row:0dd35e86eaf8c78cab5aa05d2b52e1a7ef8698ea1a1f5533bd9f4bffad529c19:1',
-                 status: 'no_typed_requirement',
-                 uninterpreted_columns: [],
-                 unobserved_columns: [
-                   'AI',
-                   'AO',
-                   'DI',
-                   'DO'
-                 ]
-               },
-               {
-                 field_wiring_status: 'not_established',
-                 issues: [],
-                 local_key: '5',
-                 name: 'FAN ENABLE (SWITCH)',
-                 observations: [
-                   {
-                     channel: 'DO',
-                     kind: 'declared_io',
-                     source: {
-                       bbox_px: [
-                         4164.7,
-                         809.28,
-                         4250.64,
-                         848.4
-                       ],
-                       column: 'DO',
-                       page_id: 'sha256:c62b086bc4b947bc7b87e237c415df1417ec4ebd5a3bf6b15bc7328890859d4d:p2',
-                       sheet_key: 'c62b086bc4b947bc7b87e237c415df1417ec4ebd5a3bf6b15bc7328890859d4d.pdf#2',
-                       source_id: 'sha256:c62b086bc4b947bc7b87e237c415df1417ec4ebd5a3bf6b15bc7328890859d4d',
-                       span_id: null,
-                       text: 'X'
-                     },
-                     status: 'read',
-                     value: 1
-                   }
-                 ],
-                 qualifiers: [],
-                 raw: {
-                   cells: {
-                     'POINT NAME': {
-                       bbox: [
-                         3247.2,
-                         809.28,
-                         3907.18,
-                         848.4
-                       ],
-                       text: 'FAN ENABLE (SWITCH)'
-                     },
-                     DO: {
-                       bbox: [
-                         4164.7,
-                         809.28,
-                         4250.64,
-                         848.4
-                       ],
-                       text: 'X'
-                     },
-                     TAG: {
-                       bbox: [
-                         3161.28,
-                         809.28,
-                         3247.2,
-                         848.4
-                       ],
-                       text: '5'
-                     }
-                   },
-                   key: '5'
-                 },
-                 row_id: 'row:dd5e7709e4a5b8875a3c1c6e7f411aa8c5edda9e3a7515282a1f4f11fd7f448c:1',
-                 status: 'interpreted',
-                 uninterpreted_columns: [],
-                 unobserved_columns: [
-                   'AI',
-                   'ALARM',
-                   'AO',
-                   'DI'
-                 ]
-               },
-               {
-                 field_wiring_status: 'not_established',
-                 issues: [],
-                 local_key: '6',
-                 name: 'OCCUPANCY',
-                 observations: [
-                   {
-                     channel: 'DI',
-                     kind: 'declared_io',
-                     source: {
-                       bbox_px: [
-                         4078.8,
-                         848.4,
-                         4164.7,
-                         887.28
-                       ],
-                       column: 'DI',
-                       page_id: 'sha256:c62b086bc4b947bc7b87e237c415df1417ec4ebd5a3bf6b15bc7328890859d4d:p2',
-                       sheet_key: 'c62b086bc4b947bc7b87e237c415df1417ec4ebd5a3bf6b15bc7328890859d4d.pdf#2',
-                       source_id: 'sha256:c62b086bc4b947bc7b87e237c415df1417ec4ebd5a3bf6b15bc7328890859d4d',
-                       span_id: null,
-                       text: 'X'
-                     },
-                     status: 'read',
-                     value: 1
-                   }
-                 ],
-                 qualifiers: [],
-                 raw: {
-                   cells: {
-                     'POINT NAME': {
-                       bbox: [
-                         3247.2,
-                         848.4,
-                         3907.18,
-                         887.28
-                       ],
-                       text: 'OCCUPANCY'
-                     },
-                     DI: {
-                       bbox: [
-                         4078.8,
-                         848.4,
-                         4164.7,
-                         887.28
-                       ],
-                       text: 'X'
-                     },
-                     TAG: {
-                       bbox: [
-                         3161.28,
-                         848.4,
-                         3247.2,
-                         887.28
-                       ],
-                       text: '6'
-                     }
-                   },
-                   key: '6'
-                 },
-                 row_id: 'row:5acd7da00c776257cfad664316f9d669fd40aeecc0a7f2971e4231c2b64e45b9:1',
-                 status: 'interpreted',
-                 uninterpreted_columns: [],
-                 unobserved_columns: [
-                   'AI',
-                   'ALARM',
-                   'AO',
-                   'DO'
-                 ]
-               }
-             ],
-             source_id: 'sha256:c62b086bc4b947bc7b87e237c415df1417ec4ebd5a3bf6b15bc7328890859d4d'
-           },
-           {
-             header_rows: 1,
-             header_sources: [
-               {
-                 bbox_px: [
-                   968.16,
-                   2541.36,
-                   1043.04,
-                   2619.84
-                 ],
-                 column: 'HARDWARE POINTS',
-                 page_id: 'sha256:c62b086bc4b947bc7b87e237c415df1417ec4ebd5a3bf6b15bc7328890859d4d:p2',
-                 sheet_key: 'c62b086bc4b947bc7b87e237c415df1417ec4ebd5a3bf6b15bc7328890859d4d.pdf#2',
-                 source_id: 'sha256:c62b086bc4b947bc7b87e237c415df1417ec4ebd5a3bf6b15bc7328890859d4d',
-                 span_id: null,
-                 text: 'AI'
-               },
-               {
-                 bbox_px: [
-                   1043.04,
-                   2541.36,
-                   1118.16,
-                   2619.84
-                 ],
-                 column: 'HARDWARE POINTS 2',
-                 page_id: 'sha256:c62b086bc4b947bc7b87e237c415df1417ec4ebd5a3bf6b15bc7328890859d4d:p2',
-                 sheet_key: 'c62b086bc4b947bc7b87e237c415df1417ec4ebd5a3bf6b15bc7328890859d4d.pdf#2',
-                 source_id: 'sha256:c62b086bc4b947bc7b87e237c415df1417ec4ebd5a3bf6b15bc7328890859d4d',
-                 span_id: null,
-                 text: 'AO'
-               },
-               {
-                 bbox_px: [
-                   1118.16,
-                   2541.36,
-                   1193.04,
-                   2619.84
-                 ],
-                 column: 'HARDWARE POINTS 3',
-                 page_id: 'sha256:c62b086bc4b947bc7b87e237c415df1417ec4ebd5a3bf6b15bc7328890859d4d:p2',
-                 sheet_key: 'c62b086bc4b947bc7b87e237c415df1417ec4ebd5a3bf6b15bc7328890859d4d.pdf#2',
-                 source_id: 'sha256:c62b086bc4b947bc7b87e237c415df1417ec4ebd5a3bf6b15bc7328890859d4d',
-                 span_id: null,
-                 text: 'DI'
-               },
-               {
-                 bbox_px: [
-                   1193.04,
-                   2541.36,
-                   1268.16,
-                   2619.84
-                 ],
-                 column: 'HARDWARE POINTS 4',
-                 page_id: 'sha256:c62b086bc4b947bc7b87e237c415df1417ec4ebd5a3bf6b15bc7328890859d4d:p2',
-                 sheet_key: 'c62b086bc4b947bc7b87e237c415df1417ec4ebd5a3bf6b15bc7328890859d4d.pdf#2',
-                 source_id: 'sha256:c62b086bc4b947bc7b87e237c415df1417ec4ebd5a3bf6b15bc7328890859d4d',
-                 span_id: null,
-                 text: 'DO'
-               },
-               {
-                 bbox_px: [
-                   1268.16,
-                   2541.36,
-                   1343.04,
-                   2619.84
-                 ],
-                 column: 'SOFTWARE POINTS',
-                 page_id: 'sha256:c62b086bc4b947bc7b87e237c415df1417ec4ebd5a3bf6b15bc7328890859d4d:p2',
-                 sheet_key: 'c62b086bc4b947bc7b87e237c415df1417ec4ebd5a3bf6b15bc7328890859d4d.pdf#2',
-                 source_id: 'sha256:c62b086bc4b947bc7b87e237c415df1417ec4ebd5a3bf6b15bc7328890859d4d',
-                 span_id: null,
-                 text: 'AV'
-               },
-               {
-                 bbox_px: [
-                   1343.04,
-                   2541.36,
-                   1417.92,
-                   2619.84
-                 ],
-                 column: 'SOFTWARE POINTS 2',
-                 page_id: 'sha256:c62b086bc4b947bc7b87e237c415df1417ec4ebd5a3bf6b15bc7328890859d4d:p2',
-                 sheet_key: 'c62b086bc4b947bc7b87e237c415df1417ec4ebd5a3bf6b15bc7328890859d4d.pdf#2',
-                 source_id: 'sha256:c62b086bc4b947bc7b87e237c415df1417ec4ebd5a3bf6b15bc7328890859d4d',
-                 span_id: null,
-                 text: 'BV'
-               }
-             ],
-             issues: [],
-             matrix_id: 'matrix:cb6fad9450025dd21b5dc8257363d61a91ebe8317844befb797fcee95d354710',
-             notes: [
-               {
-                 kind: 'lon_integrated',
-                 source: {
-                   bbox_px: [
-                     488.4,
-                     2847.3,
-                     1294.4,
-                     2875.4
-                   ],
-                   column: null,
-                   page_id: 'sha256:c62b086bc4b947bc7b87e237c415df1417ec4ebd5a3bf6b15bc7328890859d4d:p2',
-                   sheet_key: 'c62b086bc4b947bc7b87e237c415df1417ec4ebd5a3bf6b15bc7328890859d4d.pdf#2',
-                   source_id: 'sha256:c62b086bc4b947bc7b87e237c415df1417ec4ebd5a3bf6b15bc7328890859d4d',
-                   span_id: 'sha256:c62b086bc4b947bc7b87e237c415df1417ec4ebd5a3bf6b15bc7328890859d4d:p2:s481',
-                   text: 'NOTE: "*" INDICATES A POINT THAT IS LON-INTEGRATED WITH DRIVE.'
-                 },
-                 subject: 'DRIVE'
-               }
-             ],
-             page_id: 'sha256:c62b086bc4b947bc7b87e237c415df1417ec4ebd5a3bf6b15bc7328890859d4d:p2',
-             quantity_basis: 'listed_matrix_only',
-             raw: {
-               headers: [
-                 'COL1',
-                 'COL2',
-                 'HARDWARE POINTS',
-                 'HARDWARE POINTS 2',
-                 'HARDWARE POINTS 3',
-                 'HARDWARE POINTS 4',
-                 'SOFTWARE POINTS',
-                 'SOFTWARE POINTS 2',
-                 'SOFTWARE POINTS 3',
-                 'SOFTWARE POINTS 4',
-                 'COL11',
-                 'COL12'
-               ],
-               region: [
-                 483.84,
-                 2460.24,
-                 1989.36,
-                 2883.6
-               ],
-               rows: [
-                 {
-                   cells: {
-                     'HARDWARE POINTS 2': {
-                       bbox: [
-                         1043.04,
-                         2541.36,
-                         1118.16,
-                         2619.84
-                       ],
-                       text: 'AO'
-                     },
-                     'HARDWARE POINTS 3': {
-                       bbox: [
-                         1118.16,
-                         2541.36,
-                         1193.04,
-                         2619.84
-                       ],
-                       text: 'DI'
-                     },
-                     'HARDWARE POINTS 4': {
-                       bbox: [
-                         1193.04,
-                         2541.36,
-                         1268.16,
-                         2619.84
-                       ],
-                       text: 'DO'
-                     },
-                     'HARDWARE POINTS': {
-                       bbox: [
-                         968.16,
-                         2541.36,
-                         1043.04,
-                         2619.84
-                       ],
-                       text: 'AI'
-                     },
-                     'SOFTWARE POINTS 2': {
-                       bbox: [
-                         1343.04,
-                         2541.36,
-                         1417.92,
-                         2619.84
-                       ],
-                       text: 'BV'
-                     },
-                     'SOFTWARE POINTS 3': {
-                       bbox: [
-                         1417.92,
-                         2541.36,
-                         1536.48,
-                         2619.84
-                       ],
-                       text: 'TREND'
-                     },
-                     'SOFTWARE POINTS 4': {
-                       bbox: [
-                         1536.48,
-                         2541.36,
-                         1653.36,
-                         2619.84
-                       ],
-                       text: 'ALARM'
-                     },
-                     'SOFTWARE POINTS': {
-                       bbox: [
-                         1268.16,
-                         2541.36,
-                         1343.04,
-                         2619.84
-                       ],
-                       text: 'AV'
-                     },
-                     COL11: {
-                       bbox: [
-                         1653.36,
-                         2541.36,
-                         1837.92,
-                         2619.84
-                       ],
-                       text: 'ADJUSTABLE'
-                     },
-                     COL12: {
-                       bbox: [
-                         1837.92,
-                         2541.36,
-                         1989.36,
-                         2619.84
-                       ],
-                       text: 'SHOW ON GRAPHIC'
-                     },
-                     COL1: {
-                       bbox: [
-                         483.84,
-                         2541.36,
-                         560.4,
-                         2619.84
-                       ],
-                       text: 'TAG'
-                     },
-                     COL2: {
-                       bbox: [
-                         560.4,
-                         2541.36,
-                         968.16,
-                         2619.84
-                       ],
-                       text: 'POINT NAME'
-                     }
-                   },
-                   key: 'TAG'
-                 },
-                 {
-                   cells: {
-                     'HARDWARE POINTS': {
-                       bbox: [
-                         968.16,
-                         2619.84,
-                         1043.04,
-                         2657.52
-                       ],
-                       text: 'X'
-                     },
-                     'SOFTWARE POINTS 3': {
-                       bbox: [
-                         1417.92,
-                         2619.84,
-                         1536.48,
-                         2657.52
-                       ],
-                       text: 'X'
-                     },
-                     COL12: {
-                       bbox: [
-                         1837.92,
-                         2619.84,
-                         1989.36,
-                         2657.52
-                       ],
-                       text: 'X'
-                     },
-                     COL1: {
-                       bbox: [
-                         483.84,
-                         2619.84,
-                         560.4,
-                         2657.52
-                       ],
-                       text: '1'
-                     },
-                     COL2: {
-                       bbox: [
-                         560.4,
-                         2619.84,
-                         968.16,
-                         2657.52
-                       ],
-                       text: 'OUTDOOR CO2'
-                     }
-                   },
-                   key: '1'
-                 },
-                 {
-                   cells: {
-                     'HARDWARE POINTS': {
-                       bbox: [
-                         968.16,
-                         2657.52,
-                         1043.04,
-                         2695.2
-                       ],
-                       text: 'X'
-                     },
-                     'SOFTWARE POINTS 3': {
-                       bbox: [
-                         1417.92,
-                         2657.52,
-                         1536.48,
-                         2695.2
-                       ],
-                       text: 'X'
-                     },
-                     COL12: {
-                       bbox: [
-                         1837.92,
-                         2657.52,
-                         1989.36,
-                         2695.2
-                       ],
-                       text: 'X'
-                     },
-                     COL1: {
-                       bbox: [
-                         483.84,
-                         2657.52,
-                         560.4,
-                         2695.2
-                       ],
-                       text: '2'
-                     },
-                     COL2: {
-                       bbox: [
-                         560.4,
-                         2657.52,
-                         968.16,
-                         2695.2
-                       ],
-                       text: 'OUTDOOR TEMPERATURE'
-                     }
-                   },
-                   key: '2'
-                 },
-                 {
-                   cells: {
-                     COL1: {
-                       bbox: [
-                         483.84,
-                         2695.2,
-                         560.4,
-                         2732.88
-                       ],
-                       text: '3'
-                     },
-                     COL2: {
-                       bbox: [
-                         560.4,
-                         2695.2,
-                         968.16,
-                         2732.88
-                       ],
-                       text: 'OUTDOOR RELATIVE HUMIDITY'
-                     }
-                   },
-                   key: '3'
-                 },
-                 {
-                   cells: {
-                     COL1: {
-                       bbox: [
-                         483.84,
-                         2732.88,
-                         560.4,
-                         2770.56
-                       ],
-                       text: '4'
-                     }
-                   },
-                   key: '4'
-                 },
-                 {
-                   cells: {
-                     COL1: {
-                       bbox: [
-                         483.84,
-                         2770.56,
-                         560.4,
-                         2808.24
-                       ],
-                       text: '5'
-                     }
-                   },
-                   key: '5'
-                 },
-                 {
-                   cells: {
-                     COL1: {
-                       bbox: [
-                         483.84,
-                         2808.24,
-                         560.4,
-                         2845.92
-                       ],
-                       text: '6'
-                     }
-                   },
-                   key: '6'
-                 }
-               ],
-               sheet: 'c62b086bc4b947bc7b87e237c415df1417ec4ebd5a3bf6b15bc7328890859d4d.pdf#2',
-               title: {
-                 bbox: [
-                   483.84,
-                   2460.24,
-                   1989.36,
-                   2503.68
-                 ],
-                 text: 'BAS INPUT/OUTPUT POINT LIST'
-               }
-             },
-             rows: [
-               {
-                 field_wiring_status: 'not_established',
-                 issues: [],
-                 local_key: '1',
-                 name: 'OUTDOOR CO2',
-                 observations: [
-                   {
-                     channel: 'SHOW ON GRAPHIC',
-                     kind: 'attribute',
-                     source: {
-                       bbox_px: [
-                         1837.92,
-                         2619.84,
-                         1989.36,
-                         2657.52
-                       ],
-                       column: 'COL12',
-                       page_id: 'sha256:c62b086bc4b947bc7b87e237c415df1417ec4ebd5a3bf6b15bc7328890859d4d:p2',
-                       sheet_key: 'c62b086bc4b947bc7b87e237c415df1417ec4ebd5a3bf6b15bc7328890859d4d.pdf#2',
-                       source_id: 'sha256:c62b086bc4b947bc7b87e237c415df1417ec4ebd5a3bf6b15bc7328890859d4d',
-                       span_id: null,
-                       text: 'X'
-                     },
-                     status: 'read',
-                     value: 1
-                   },
-                   {
-                     channel: 'AI',
-                     kind: 'declared_io',
-                     source: {
-                       bbox_px: [
-                         968.16,
-                         2619.84,
-                         1043.04,
-                         2657.52
-                       ],
-                       column: 'HARDWARE POINTS',
-                       page_id: 'sha256:c62b086bc4b947bc7b87e237c415df1417ec4ebd5a3bf6b15bc7328890859d4d:p2',
-                       sheet_key: 'c62b086bc4b947bc7b87e237c415df1417ec4ebd5a3bf6b15bc7328890859d4d.pdf#2',
-                       source_id: 'sha256:c62b086bc4b947bc7b87e237c415df1417ec4ebd5a3bf6b15bc7328890859d4d',
-                       span_id: null,
-                       text: 'X'
-                     },
-                     status: 'read',
-                     value: 1
-                   },
-                   {
-                     channel: 'TREND',
-                     kind: 'attribute',
-                     source: {
-                       bbox_px: [
-                         1417.92,
-                         2619.84,
-                         1536.48,
-                         2657.52
-                       ],
-                       column: 'SOFTWARE POINTS 3',
-                       page_id: 'sha256:c62b086bc4b947bc7b87e237c415df1417ec4ebd5a3bf6b15bc7328890859d4d:p2',
-                       sheet_key: 'c62b086bc4b947bc7b87e237c415df1417ec4ebd5a3bf6b15bc7328890859d4d.pdf#2',
-                       source_id: 'sha256:c62b086bc4b947bc7b87e237c415df1417ec4ebd5a3bf6b15bc7328890859d4d',
-                       span_id: null,
-                       text: 'X'
-                     },
-                     status: 'read',
-                     value: 1
-                   }
-                 ],
-                 qualifiers: [],
-                 raw: {
-                   cells: {
-                     'HARDWARE POINTS': {
-                       bbox: [
-                         968.16,
-                         2619.84,
-                         1043.04,
-                         2657.52
-                       ],
-                       text: 'X'
-                     },
-                     'SOFTWARE POINTS 3': {
-                       bbox: [
-                         1417.92,
-                         2619.84,
-                         1536.48,
-                         2657.52
-                       ],
-                       text: 'X'
-                     },
-                     COL12: {
-                       bbox: [
-                         1837.92,
-                         2619.84,
-                         1989.36,
-                         2657.52
-                       ],
-                       text: 'X'
-                     },
-                     COL1: {
-                       bbox: [
-                         483.84,
-                         2619.84,
-                         560.4,
-                         2657.52
-                       ],
-                       text: '1'
-                     },
-                     COL2: {
-                       bbox: [
-                         560.4,
-                         2619.84,
-                         968.16,
-                         2657.52
-                       ],
-                       text: 'OUTDOOR CO2'
-                     }
-                   },
-                   key: '1'
-                 },
-                 row_id: 'row:2d820782aa4f73846c9e52d862be12cf8a60e951bbcc5503a39fffc41d00ecdb:1',
-                 status: 'interpreted',
-                 uninterpreted_columns: [],
-                 unobserved_columns: [
-                   'COL11',
-                   'HARDWARE POINTS 2',
-                   'HARDWARE POINTS 3',
-                   'HARDWARE POINTS 4',
-                   'SOFTWARE POINTS',
-                   'SOFTWARE POINTS 2',
-                   'SOFTWARE POINTS 4'
-                 ]
-               },
-               {
-                 field_wiring_status: 'not_established',
-                 issues: [],
-                 local_key: '2',
-                 name: 'OUTDOOR TEMPERATURE',
-                 observations: [
-                   {
-                     channel: 'SHOW ON GRAPHIC',
-                     kind: 'attribute',
-                     source: {
-                       bbox_px: [
-                         1837.92,
-                         2657.52,
-                         1989.36,
-                         2695.2
-                       ],
-                       column: 'COL12',
-                       page_id: 'sha256:c62b086bc4b947bc7b87e237c415df1417ec4ebd5a3bf6b15bc7328890859d4d:p2',
-                       sheet_key: 'c62b086bc4b947bc7b87e237c415df1417ec4ebd5a3bf6b15bc7328890859d4d.pdf#2',
-                       source_id: 'sha256:c62b086bc4b947bc7b87e237c415df1417ec4ebd5a3bf6b15bc7328890859d4d',
-                       span_id: null,
-                       text: 'X'
-                     },
-                     status: 'read',
-                     value: 1
-                   },
-                   {
-                     channel: 'AI',
-                     kind: 'declared_io',
-                     source: {
-                       bbox_px: [
-                         968.16,
-                         2657.52,
-                         1043.04,
-                         2695.2
-                       ],
-                       column: 'HARDWARE POINTS',
-                       page_id: 'sha256:c62b086bc4b947bc7b87e237c415df1417ec4ebd5a3bf6b15bc7328890859d4d:p2',
-                       sheet_key: 'c62b086bc4b947bc7b87e237c415df1417ec4ebd5a3bf6b15bc7328890859d4d.pdf#2',
-                       source_id: 'sha256:c62b086bc4b947bc7b87e237c415df1417ec4ebd5a3bf6b15bc7328890859d4d',
-                       span_id: null,
-                       text: 'X'
-                     },
-                     status: 'read',
-                     value: 1
-                   },
-                   {
-                     channel: 'TREND',
-                     kind: 'attribute',
-                     source: {
-                       bbox_px: [
-                         1417.92,
-                         2657.52,
-                         1536.48,
-                         2695.2
-                       ],
-                       column: 'SOFTWARE POINTS 3',
-                       page_id: 'sha256:c62b086bc4b947bc7b87e237c415df1417ec4ebd5a3bf6b15bc7328890859d4d:p2',
-                       sheet_key: 'c62b086bc4b947bc7b87e237c415df1417ec4ebd5a3bf6b15bc7328890859d4d.pdf#2',
-                       source_id: 'sha256:c62b086bc4b947bc7b87e237c415df1417ec4ebd5a3bf6b15bc7328890859d4d',
-                       span_id: null,
-                       text: 'X'
-                     },
-                     status: 'read',
-                     value: 1
-                   }
-                 ],
-                 qualifiers: [],
-                 raw: {
-                   cells: {
-                     'HARDWARE POINTS': {
-                       bbox: [
-                         968.16,
-                         2657.52,
-                         1043.04,
-                         2695.2
-                       ],
-                       text: 'X'
-                     },
-                     'SOFTWARE POINTS 3': {
-                       bbox: [
-                         1417.92,
-                         2657.52,
-                         1536.48,
-                         2695.2
-                       ],
-                       text: 'X'
-                     },
-                     COL12: {
-                       bbox: [
-                         1837.92,
-                         2657.52,
-                         1989.36,
-                         2695.2
-                       ],
-                       text: 'X'
-                     },
-                     COL1: {
-                       bbox: [
-                         483.84,
-                         2657.52,
-                         560.4,
-                         2695.2
-                       ],
-                       text: '2'
-                     },
-                     COL2: {
-                       bbox: [
-                         560.4,
-                         2657.52,
-                         968.16,
-                         2695.2
-                       ],
-                       text: 'OUTDOOR TEMPERATURE'
-                     }
-                   },
-                   key: '2'
-                 },
-                 row_id: 'row:fdd897b0f6d617c8273c2eee859c46d121b4f246e4cb0f39a187685aec145f30:1',
-                 status: 'interpreted',
-                 uninterpreted_columns: [],
-                 unobserved_columns: [
-                   'COL11',
-                   'HARDWARE POINTS 2',
-                   'HARDWARE POINTS 3',
-                   'HARDWARE POINTS 4',
-                   'SOFTWARE POINTS',
-                   'SOFTWARE POINTS 2',
-                   'SOFTWARE POINTS 4'
-                 ]
-               },
-               {
-                 field_wiring_status: 'not_established',
-                 issues: [],
-                 local_key: '3',
-                 name: 'OUTDOOR RELATIVE HUMIDITY',
-                 observations: [],
-                 qualifiers: [],
-                 raw: {
-                   cells: {
-                     COL1: {
-                       bbox: [
-                         483.84,
-                         2695.2,
-                         560.4,
-                         2732.88
-                       ],
-                       text: '3'
-                     },
-                     COL2: {
-                       bbox: [
-                         560.4,
-                         2695.2,
-                         968.16,
-                         2732.88
-                       ],
-                       text: 'OUTDOOR RELATIVE HUMIDITY'
-                     }
-                   },
-                   key: '3'
-                 },
-                 row_id: 'row:5b41eb9518885206d700de92acea94b920a782ce75155c1886c330164a1d3406:1',
-                 status: 'no_typed_requirement',
-                 uninterpreted_columns: [],
-                 unobserved_columns: [
-                   'COL11',
-                   'COL12',
-                   'HARDWARE POINTS',
-                   'HARDWARE POINTS 2',
-                   'HARDWARE POINTS 3',
-                   'HARDWARE POINTS 4',
-                   'SOFTWARE POINTS',
-                   'SOFTWARE POINTS 2',
-                   'SOFTWARE POINTS 3',
-                   'SOFTWARE POINTS 4'
-                 ]
-               },
-               {
-                 field_wiring_status: 'not_established',
-                 issues: [],
-                 local_key: '4',
-                 name: '',
-                 observations: [],
-                 qualifiers: [],
-                 raw: {
-                   cells: {
-                     COL1: {
-                       bbox: [
-                         483.84,
-                         2732.88,
-                         560.4,
-                         2770.56
-                       ],
-                       text: '4'
-                     }
-                   },
-                   key: '4'
-                 },
-                 row_id: 'row:5de26d46bb5edef49c8c5c75b805432d298f4dff0632f863d31ba2a39043696b:1',
-                 status: 'unpopulated',
-                 uninterpreted_columns: [],
-                 unobserved_columns: [
-                   'COL11',
-                   'COL12',
-                   'COL2',
-                   'HARDWARE POINTS',
-                   'HARDWARE POINTS 2',
-                   'HARDWARE POINTS 3',
-                   'HARDWARE POINTS 4',
-                   'SOFTWARE POINTS',
-                   'SOFTWARE POINTS 2',
-                   'SOFTWARE POINTS 3',
-                   'SOFTWARE POINTS 4'
-                 ]
-               },
-               {
-                 field_wiring_status: 'not_established',
-                 issues: [],
-                 local_key: '5',
-                 name: '',
-                 observations: [],
-                 qualifiers: [],
-                 raw: {
-                   cells: {
-                     COL1: {
-                       bbox: [
-                         483.84,
-                         2770.56,
-                         560.4,
-                         2808.24
-                       ],
-                       text: '5'
-                     }
-                   },
-                   key: '5'
-                 },
-                 row_id: 'row:15fbcf59109f7d84b57a46362c4753791dbe536d8e3345cab732f1c09259b16a:1',
-                 status: 'unpopulated',
-                 uninterpreted_columns: [],
-                 unobserved_columns: [
-                   'COL11',
-                   'COL12',
-                   'COL2',
-                   'HARDWARE POINTS',
-                   'HARDWARE POINTS 2',
-                   'HARDWARE POINTS 3',
-                   'HARDWARE POINTS 4',
-                   'SOFTWARE POINTS',
-                   'SOFTWARE POINTS 2',
-                   'SOFTWARE POINTS 3',
-                   'SOFTWARE POINTS 4'
-                 ]
-               },
-               {
-                 field_wiring_status: 'not_established',
-                 issues: [],
-                 local_key: '6',
-                 name: '',
-                 observations: [],
-                 qualifiers: [],
-                 raw: {
-                   cells: {
-                     COL1: {
-                       bbox: [
-                         483.84,
-                         2808.24,
-                         560.4,
-                         2845.92
-                       ],
-                       text: '6'
-                     }
-                   },
-                   key: '6'
-                 },
-                 row_id: 'row:00794b6845a527fb684ed2de3ccd982d182d8df6ec6efd7741b455159786a7d2:1',
-                 status: 'unpopulated',
-                 uninterpreted_columns: [],
-                 unobserved_columns: [
-                   'COL11',
-                   'COL12',
-                   'COL2',
-                   'HARDWARE POINTS',
-                   'HARDWARE POINTS 2',
-                   'HARDWARE POINTS 3',
-                   'HARDWARE POINTS 4',
-                   'SOFTWARE POINTS',
-                   'SOFTWARE POINTS 2',
-                   'SOFTWARE POINTS 3',
-                   'SOFTWARE POINTS 4'
-                 ]
-               }
-             ],
-             source_id: 'sha256:c62b086bc4b947bc7b87e237c415df1417ec4ebd5a3bf6b15bc7328890859d4d'
-           },
-           {
-             header_rows: 0,
-             header_sources: [],
-             issues: [],
-             matrix_id: 'matrix:f971278bc3ed5ca01d7ba9f427e07c62f2f725246dd69214d494f53ef3720210',
-             notes: [],
-             page_id: 'sha256:c62b086bc4b947bc7b87e237c415df1417ec4ebd5a3bf6b15bc7328890859d4d:p8',
-             quantity_basis: 'listed_matrix_only',
-             raw: {
-               headers: [
-                 'TAG',
-                 'POINT NAME',
-                 'AI',
-                 'AO',
-                 'DI',
-                 'DO',
-                 'ALARM'
-               ],
-               region: [
-                 2164.56,
-                 402.48,
-                 3349.2,
-                 1620
-               ],
-               rows: [
-                 {
-                   cells: {
-                     'POINT NAME': {
-                       bbox: [
-                         2257.68,
-                         486.48,
-                         2816.88,
-                         528.48
-                       ],
-                       text: 'EMERGENCY SHUTDOWN (GLOBAL)'
-                     },
-                     ALARM: {
-                       bbox: [
-                         3182.88,
-                         486.48,
-                         3349.2,
-                         528.48
-                       ],
-                       text: 'X'
-                     },
-                     TAG: {
-                       bbox: [
-                         2164.56,
-                         486.48,
-                         2257.68,
-                         528.48
-                       ],
-                       text: '1'
-                     }
-                   },
-                   key: '1'
-                 },
-                 {
-                   cells: {
-                     'POINT NAME': {
-                       bbox: [
-                         2257.68,
-                         528.48,
-                         2816.88,
-                         570.48
-                       ],
-                       text: 'OUTSIDE AIR TEMP.'
-                     },
-                     AI: {
-                       bbox: [
-                         2816.88,
-                         528.48,
-                         2908.32,
-                         570.48
-                       ],
-                       text: 'X'
-                     },
-                     TAG: {
-                       bbox: [
-                         2164.56,
-                         528.48,
-                         2257.68,
-                         570.48
-                       ],
-                       text: '2'
-                     }
-                   },
-                   key: '2'
-                 },
-                 {
-                   cells: {
-                     'POINT NAME': {
-                       bbox: [
-                         2257.68,
-                         570.48,
-                         2816.88,
-                         612.48
-                       ],
-                       text: 'SUPPLY AIR FLOW'
-                     },
-                     AI: {
-                       bbox: [
-                         2816.88,
-                         570.48,
-                         2908.32,
-                         612.48
-                       ],
-                       text: 'X'
-                     },
-                     TAG: {
-                       bbox: [
-                         2164.56,
-                         570.48,
-                         2257.68,
-                         612.48
-                       ],
-                       text: '3'
-                     }
-                   },
-                   key: '3'
-                 },
-                 {
-                   cells: {
-                     'POINT NAME': {
-                       bbox: [
-                         2257.68,
-                         612.48,
-                         2816.88,
-                         654.48
-                       ],
-                       text: 'SUPPLY AIR TEMP.'
-                     },
-                     AI: {
-                       bbox: [
-                         2816.88,
-                         612.48,
-                         2908.32,
-                         654.48
-                       ],
-                       text: 'X'
-                     },
-                     TAG: {
-                       bbox: [
-                         2164.56,
-                         612.48,
-                         2257.68,
-                         654.48
-                       ],
-                       text: '4'
-                     }
-                   },
-                   key: '4'
-                 },
-                 {
-                   cells: {
-                     'POINT NAME': {
-                       bbox: [
-                         2257.68,
-                         654.48,
-                         2816.88,
-                         696.24
-                       ],
-                       text: 'SUPPLY AIR TEMP. SETPOINT'
-                     },
-                     DO: {
-                       bbox: [
-                         3091.44,
-                         654.48,
-                         3182.88,
-                         696.24
-                       ],
-                       text: 'X'
-                     },
-                     TAG: {
-                       bbox: [
-                         2164.56,
-                         654.48,
-                         2257.68,
-                         696.24
-                       ],
-                       text: '5'
-                     }
-                   },
-                   key: '5'
-                 },
-                 {
-                   cells: {
-                     'POINT NAME': {
-                       bbox: [
-                         2257.68,
-                         696.24,
-                         2816.88,
-                         738.24
-                       ],
-                       text: 'CHW COIL LEAVING AIR TEMP.'
-                     },
-                     AI: {
-                       bbox: [
-                         2816.88,
-                         696.24,
-                         2908.32,
-                         738.24
-                       ],
-                       text: 'X'
-                     },
-                     TAG: {
-                       bbox: [
-                         2164.56,
-                         696.24,
-                         2257.68,
-                         738.24
-                       ],
-                       text: '6'
-                     }
-                   },
-                   key: '6'
-                 },
-                 {
-                   cells: {
-                     'POINT NAME': {
-                       bbox: [
-                         2257.68,
-                         738.24,
-                         2816.88,
-                         780.24
-                       ],
-                       text: 'CHW COIL LEAVING AIR TEMP. SETPOINT'
-                     },
-                     DO: {
-                       bbox: [
-                         3091.44,
-                         738.24,
-                         3182.88,
-                         780.24
-                       ],
-                       text: 'X'
-                     },
-                     TAG: {
-                       bbox: [
-                         2164.56,
-                         738.24,
-                         2257.68,
-                         780.24
-                       ],
-                       text: '7'
-                     }
-                   },
-                   key: '7'
-                 },
-                 {
-                   cells: {
-                     'POINT NAME': {
-                       bbox: [
-                         2257.68,
-                         780.24,
-                         2816.88,
-                         822.24
-                       ],
-                       text: 'FILTER DIFFERENTIAL PRESSURE'
-                     },
-                     ALARM: {
-                       bbox: [
-                         3182.88,
-                         780.24,
-                         3349.2,
-                         822.24
-                       ],
-                       text: 'X'
-                     },
-                     TAG: {
-                       bbox: [
-                         2164.56,
-                         780.24,
-                         2257.68,
-                         822.24
-                       ],
-                       text: '8'
-                     }
-                   },
-                   key: '8'
-                 },
-                 {
-                   cells: {
-                     'POINT NAME': {
-                       bbox: [
-                         2257.68,
-                         822.24,
-                         2816.88,
-                         864.24
-                       ],
-                       text: 'SUPPLY FAN ON/OFF'
-                     },
-                     DO: {
-                       bbox: [
-                         3091.44,
-                         822.24,
-                         3182.88,
-                         864.24
-                       ],
-                       text: 'X'
-                     },
-                     TAG: {
-                       bbox: [
-                         2164.56,
-                         822.24,
-                         2257.68,
-                         864.24
-                       ],
-                       text: '9'
-                     }
-                   },
-                   key: '9'
-                 },
-                 {
-                   cells: {
-                     'POINT NAME': {
-                       bbox: [
-                         2257.68,
-                         864.24,
-                         2816.88,
-                         906.24
-                       ],
-                       text: 'SUPPLY FAN STATUS'
-                     },
-                     DI: {
-                       bbox: [
-                         2999.76,
-                         864.24,
-                         3091.44,
-                         906.24
-                       ],
-                       text: 'X'
-                     },
-                     TAG: {
-                       bbox: [
-                         2164.56,
-                         864.24,
-                         2257.68,
-                         906.24
-                       ],
-                       text: '10'
-                     }
-                   },
-                   key: '10'
-                 },
-                 {
-                   cells: {
-                     'POINT NAME': {
-                       bbox: [
-                         2257.68,
-                         906.24,
-                         2816.88,
-                         948.24
-                       ],
-                       text: 'SUPPLY FAN FAILURE'
-                     },
-                     ALARM: {
-                       bbox: [
-                         3182.88,
-                         906.24,
-                         3349.2,
-                         948.24
-                       ],
-                       text: 'X'
-                     },
-                     TAG: {
-                       bbox: [
-                         2164.56,
-                         906.24,
-                         2257.68,
-                         948.24
-                       ],
-                       text: '11'
-                     }
-                   },
-                   key: '11'
-                 },
-                 {
-                   cells: {
-                     'POINT NAME': {
-                       bbox: [
-                         2257.68,
-                         948.24,
-                         2816.88,
-                         990.24
-                       ],
-                       text: 'CONDENSATE OVERFLOW'
-                     },
-                     ALARM: {
-                       bbox: [
-                         3182.88,
-                         948.24,
-                         3349.2,
-                         990.24
-                       ],
-                       text: 'X'
-                     },
-                     TAG: {
-                       bbox: [
-                         2164.56,
-                         948.24,
-                         2257.68,
-                         990.24
-                       ],
-                       text: '12'
-                     }
-                   },
-                   key: '12'
-                 },
-                 {
-                   cells: {
-                     'POINT NAME': {
-                       bbox: [
-                         2257.68,
-                         990.24,
-                         2816.88,
-                         1032.24
-                       ],
-                       text: 'SYSTEM ENABLE'
-                     },
-                     DO: {
-                       bbox: [
-                         3091.44,
-                         990.24,
-                         3182.88,
-                         1032.24
-                       ],
-                       text: 'X'
-                     },
-                     TAG: {
-                       bbox: [
-                         2164.56,
-                         990.24,
-                         2257.68,
-                         1032.24
-                       ],
-                       text: '13'
-                     }
-                   },
-                   key: '13'
-                 },
-                 {
-                   cells: {
-                     'POINT NAME': {
-                       bbox: [
-                         2257.68,
-                         1032.24,
-                         2816.88,
-                         1074.24
-                       ],
-                       text: 'RELIEF DAMPER OPEN/CLOSE'
-                     },
-                     DO: {
-                       bbox: [
-                         3091.44,
-                         1032.24,
-                         3182.88,
-                         1074.24
-                       ],
-                       text: 'X'
-                     },
-                     TAG: {
-                       bbox: [
-                         2164.56,
-                         1032.24,
-                         2257.68,
-                         1074.24
-                       ],
-                       text: '14'
-                     }
-                   },
-                   key: '14'
-                 },
-                 {
-                   cells: {
-                     'POINT NAME': {
-                       bbox: [
-                         2257.68,
-                         1074.24,
-                         2816.88,
-                         1116.24
-                       ],
-                       text: 'EMERGENCY SHUTDOWN (GLOBAL)'
-                     },
-                     ALARM: {
-                       bbox: [
-                         3182.88,
-                         1074.24,
-                         3349.2,
-                         1116.24
-                       ],
-                       text: 'X'
-                     },
-                     TAG: {
-                       bbox: [
-                         2164.56,
-                         1074.24,
-                         2257.68,
-                         1116.24
-                       ],
-                       text: '15'
-                     }
-                   },
-                   key: '15'
-                 },
-                 {
-                   cells: {
-                     'POINT NAME': {
-                       bbox: [
-                         2257.68,
-                         1116.24,
-                         2816.88,
-                         1158.24
-                       ],
-                       text: 'EXHAUST FAN ON/OFF'
-                     },
-                     DO: {
-                       bbox: [
-                         3091.44,
-                         1116.24,
-                         3182.88,
-                         1158.24
-                       ],
-                       text: 'X'
-                     },
-                     TAG: {
-                       bbox: [
-                         2164.56,
-                         1116.24,
-                         2257.68,
-                         1158.24
-                       ],
-                       text: '16'
-                     }
-                   },
-                   key: '16'
-                 },
-                 {
-                   cells: {
-                     'POINT NAME': {
-                       bbox: [
-                         2257.68,
-                         1158.24,
-                         2816.88,
-                         1200.24
-                       ],
-                       text: 'EXHAUST FAN STATUS'
-                     },
-                     DI: {
-                       bbox: [
-                         2999.76,
-                         1158.24,
-                         3091.44,
-                         1200.24
-                       ],
-                       text: 'X'
-                     },
-                     TAG: {
-                       bbox: [
-                         2164.56,
-                         1158.24,
-                         2257.68,
-                         1200.24
-                       ],
-                       text: '17'
-                     }
-                   },
-                   key: '17'
-                 },
-                 {
-                   cells: {
-                     'POINT NAME': {
-                       bbox: [
-                         2257.68,
-                         1200.24,
-                         2816.88,
-                         1242.24
-                       ],
-                       text: 'EXHAUST FAN FAILURE'
-                     },
-                     ALARM: {
-                       bbox: [
-                         3182.88,
-                         1200.24,
-                         3349.2,
-                         1242.24
-                       ],
-                       text: 'X'
-                     },
-                     TAG: {
-                       bbox: [
-                         2164.56,
-                         1200.24,
-                         2257.68,
-                         1242.24
-                       ],
-                       text: '18'
-                     }
-                   },
-                   key: '18'
-                 },
-                 {
-                   cells: {
-                     'POINT NAME': {
-                       bbox: [
-                         2257.68,
-                         1242.24,
-                         2816.88,
-                         1284.24
-                       ],
-                       text: 'RA DAMPER OPEN/CLOSE'
-                     },
-                     DO: {
-                       bbox: [
-                         3091.44,
-                         1242.24,
-                         3182.88,
-                         1284.24
-                       ],
-                       text: 'X'
-                     },
-                     TAG: {
-                       bbox: [
-                         2164.56,
-                         1242.24,
-                         2257.68,
-                         1284.24
-                       ],
-                       text: '19'
-                     }
-                   },
-                   key: '19'
-                 },
-                 {
-                   cells: {
-                     'POINT NAME': {
-                       bbox: [
-                         2257.68,
-                         1284.24,
-                         2816.88,
-                         1326.24
-                       ],
-                       text: 'OA DAMPER OPEN/CLOSE'
-                     },
-                     DO: {
-                       bbox: [
-                         3091.44,
-                         1284.24,
-                         3182.88,
-                         1326.24
-                       ],
-                       text: 'X'
-                     },
-                     TAG: {
-                       bbox: [
-                         2164.56,
-                         1284.24,
-                         2257.68,
-                         1326.24
-                       ],
-                       text: '20'
-                     }
-                   },
-                   key: '20'
-                 },
-                 {
-                   cells: {
-                     'POINT NAME': {
-                       bbox: [
-                         2257.68,
-                         1326.24,
-                         2816.88,
-                         1368
-                       ],
-                       text: 'DUCT SMOKE DETECTOR'
-                     },
-                     ALARM: {
-                       bbox: [
-                         3182.88,
-                         1326.24,
-                         3349.2,
-                         1368
-                       ],
-                       text: 'X'
-                     },
-                     TAG: {
-                       bbox: [
-                         2164.56,
-                         1326.24,
-                         2257.68,
-                         1368
-                       ],
-                       text: '21'
-                     }
-                   },
-                   key: '21'
-                 },
-                 {
-                   cells: {
-                     'POINT NAME': {
-                       bbox: [
-                         2257.68,
-                         1368,
-                         2816.88,
-                         1410
-                       ],
-                       text: 'HW COIL LEAVING AIR TEMP.'
-                     },
-                     AI: {
-                       bbox: [
-                         2816.88,
-                         1368,
-                         2908.32,
-                         1410
-                       ],
-                       text: 'X'
-                     },
-                     TAG: {
-                       bbox: [
-                         2164.56,
-                         1368,
-                         2257.68,
-                         1410
-                       ],
-                       text: '22'
-                     }
-                   },
-                   key: '22'
-                 },
-                 {
-                   cells: {
-                     'POINT NAME': {
-                       bbox: [
-                         2257.68,
-                         1410,
-                         2816.88,
-                         1452
-                       ],
-                       text: 'HW COIL LEAVING AIR TEMP. SETPOINT'
-                     },
-                     DO: {
-                       bbox: [
-                         3091.44,
-                         1410,
-                         3182.88,
-                         1452
-                       ],
-                       text: 'X'
-                     },
-                     TAG: {
-                       bbox: [
-                         2164.56,
-                         1410,
-                         2257.68,
-                         1452
-                       ],
-                       text: '23'
-                     }
-                   },
-                   key: '23'
-                 },
-                 {
-                   cells: {
-                     'POINT NAME': {
-                       bbox: [
-                         2257.68,
-                         1452,
-                         2816.88,
-                         1494
-                       ],
-                       text: 'HOT WATER VALVE POSITION'
-                     },
-                     AO: {
-                       bbox: [
-                         2908.32,
-                         1452,
-                         2999.76,
-                         1494
-                       ],
-                       text: 'X'
-                     },
-                     TAG: {
-                       bbox: [
-                         2164.56,
-                         1452,
-                         2257.68,
-                         1494
-                       ],
-                       text: '24'
-                     }
-                   },
-                   key: '24'
-                 },
-                 {
-                   cells: {
-                     'POINT NAME': {
-                       bbox: [
-                         2257.68,
-                         1494,
-                         2816.88,
-                         1536
-                       ],
-                       text: 'CHILLED WATER VALVE POSITION'
-                     },
-                     AO: {
-                       bbox: [
-                         2908.32,
-                         1494,
-                         2999.76,
-                         1536
-                       ],
-                       text: 'X'
-                     },
-                     TAG: {
-                       bbox: [
-                         2164.56,
-                         1494,
-                         2257.68,
-                         1536
-                       ],
-                       text: '25'
-                     }
-                   },
-                   key: '25'
-                 },
-                 {
-                   cells: {
-                     'POINT NAME': {
-                       bbox: [
-                         2257.68,
-                         1536,
-                         2816.88,
-                         1578
-                       ],
-                       text: 'SUPPLY VFD SPEED'
-                     },
-                     AO: {
-                       bbox: [
-                         2908.32,
-                         1536,
-                         2999.76,
-                         1578
-                       ],
-                       text: 'X'
-                     },
-                     TAG: {
-                       bbox: [
-                         2164.56,
-                         1536,
-                         2257.68,
-                         1578
-                       ],
-                       text: '26'
-                     }
-                   },
-                   key: '26'
-                 },
-                 {
-                   cells: {
-                     'POINT NAME': {
-                       bbox: [
-                         2257.68,
-                         1578,
-                         2816.88,
-                         1620
-                       ],
-                       text: 'EXHAUST VFD SPEED'
-                     },
-                     AO: {
-                       bbox: [
-                         2908.32,
-                         1578,
-                         2999.76,
-                         1620
-                       ],
-                       text: 'X'
-                     },
-                     TAG: {
-                       bbox: [
-                         2164.56,
-                         1578,
-                         2257.68,
-                         1620
-                       ],
-                       text: '27'
-                     }
-                   },
-                   key: '27'
-                 }
-               ],
-               sheet: 'c62b086bc4b947bc7b87e237c415df1417ec4ebd5a3bf6b15bc7328890859d4d.pdf#8',
-               title: {
-                 bbox: [
-                   2164.56,
-                   402.48,
-                   3349.2,
-                   444.48
-                 ],
-                 text: 'BAS INPUT/OUTPUT POINT LIST'
-               }
-             },
-             rows: [
-               {
-                 field_wiring_status: 'not_established',
-                 issues: [],
-                 local_key: '1',
-                 name: 'EMERGENCY SHUTDOWN (GLOBAL)',
-                 observations: [
-                   {
-                     channel: 'ALARM',
-                     kind: 'attribute',
-                     source: {
-                       bbox_px: [
-                         3182.88,
-                         486.48,
-                         3349.2,
-                         528.48
-                       ],
-                       column: 'ALARM',
-                       page_id: 'sha256:c62b086bc4b947bc7b87e237c415df1417ec4ebd5a3bf6b15bc7328890859d4d:p8',
-                       sheet_key: 'c62b086bc4b947bc7b87e237c415df1417ec4ebd5a3bf6b15bc7328890859d4d.pdf#8',
-                       source_id: 'sha256:c62b086bc4b947bc7b87e237c415df1417ec4ebd5a3bf6b15bc7328890859d4d',
-                       span_id: null,
-                       text: 'X'
-                     },
-                     status: 'read',
-                     value: 1
-                   }
-                 ],
-                 qualifiers: [],
-                 raw: {
-                   cells: {
-                     'POINT NAME': {
-                       bbox: [
-                         2257.68,
-                         486.48,
-                         2816.88,
-                         528.48
-                       ],
-                       text: 'EMERGENCY SHUTDOWN (GLOBAL)'
-                     },
-                     ALARM: {
-                       bbox: [
-                         3182.88,
-                         486.48,
-                         3349.2,
-                         528.48
-                       ],
-                       text: 'X'
-                     },
-                     TAG: {
-                       bbox: [
-                         2164.56,
-                         486.48,
-                         2257.68,
-                         528.48
-                       ],
-                       text: '1'
-                     }
-                   },
-                   key: '1'
-                 },
-                 row_id: 'row:f585c11aaa453baee050ab9523b0eaa0a6742f2006f3a6c0d5f88dfd2b78d818:1',
-                 status: 'no_typed_requirement',
-                 uninterpreted_columns: [],
-                 unobserved_columns: [
-                   'AI',
-                   'AO',
-                   'DI',
-                   'DO'
-                 ]
-               },
-               {
-                 field_wiring_status: 'not_established',
-                 issues: [],
-                 local_key: '2',
-                 name: 'OUTSIDE AIR TEMP.',
-                 observations: [
-                   {
-                     channel: 'AI',
-                     kind: 'declared_io',
-                     source: {
-                       bbox_px: [
-                         2816.88,
-                         528.48,
-                         2908.32,
-                         570.48
-                       ],
-                       column: 'AI',
-                       page_id: 'sha256:c62b086bc4b947bc7b87e237c415df1417ec4ebd5a3bf6b15bc7328890859d4d:p8',
-                       sheet_key: 'c62b086bc4b947bc7b87e237c415df1417ec4ebd5a3bf6b15bc7328890859d4d.pdf#8',
-                       source_id: 'sha256:c62b086bc4b947bc7b87e237c415df1417ec4ebd5a3bf6b15bc7328890859d4d',
-                       span_id: null,
-                       text: 'X'
-                     },
-                     status: 'read',
-                     value: 1
-                   }
-                 ],
-                 qualifiers: [],
-                 raw: {
-                   cells: {
-                     'POINT NAME': {
-                       bbox: [
-                         2257.68,
-                         528.48,
-                         2816.88,
-                         570.48
-                       ],
-                       text: 'OUTSIDE AIR TEMP.'
-                     },
-                     AI: {
-                       bbox: [
-                         2816.88,
-                         528.48,
-                         2908.32,
-                         570.48
-                       ],
-                       text: 'X'
-                     },
-                     TAG: {
-                       bbox: [
-                         2164.56,
-                         528.48,
-                         2257.68,
-                         570.48
-                       ],
-                       text: '2'
-                     }
-                   },
-                   key: '2'
-                 },
-                 row_id: 'row:81120d7b97a49ba1ce2359ebe852816d84c8a7b829d4e5e5c270a87405e72979:1',
-                 status: 'interpreted',
-                 uninterpreted_columns: [],
-                 unobserved_columns: [
-                   'ALARM',
-                   'AO',
-                   'DI',
-                   'DO'
-                 ]
-               },
-               {
-                 field_wiring_status: 'not_established',
-                 issues: [],
-                 local_key: '3',
-                 name: 'SUPPLY AIR FLOW',
-                 observations: [
-                   {
-                     channel: 'AI',
-                     kind: 'declared_io',
-                     source: {
-                       bbox_px: [
-                         2816.88,
-                         570.48,
-                         2908.32,
-                         612.48
-                       ],
-                       column: 'AI',
-                       page_id: 'sha256:c62b086bc4b947bc7b87e237c415df1417ec4ebd5a3bf6b15bc7328890859d4d:p8',
-                       sheet_key: 'c62b086bc4b947bc7b87e237c415df1417ec4ebd5a3bf6b15bc7328890859d4d.pdf#8',
-                       source_id: 'sha256:c62b086bc4b947bc7b87e237c415df1417ec4ebd5a3bf6b15bc7328890859d4d',
-                       span_id: null,
-                       text: 'X'
-                     },
-                     status: 'read',
-                     value: 1
-                   }
-                 ],
-                 qualifiers: [],
-                 raw: {
-                   cells: {
-                     'POINT NAME': {
-                       bbox: [
-                         2257.68,
-                         570.48,
-                         2816.88,
-                         612.48
-                       ],
-                       text: 'SUPPLY AIR FLOW'
-                     },
-                     AI: {
-                       bbox: [
-                         2816.88,
-                         570.48,
-                         2908.32,
-                         612.48
-                       ],
-                       text: 'X'
-                     },
-                     TAG: {
-                       bbox: [
-                         2164.56,
-                         570.48,
-                         2257.68,
-                         612.48
-                       ],
-                       text: '3'
-                     }
-                   },
-                   key: '3'
-                 },
-                 row_id: 'row:e9c74f59d1be932f067b4ce48cefe01a58482d3ade5cc0f5f40665057ccddd66:1',
-                 status: 'interpreted',
-                 uninterpreted_columns: [],
-                 unobserved_columns: [
-                   'ALARM',
-                   'AO',
-                   'DI',
-                   'DO'
-                 ]
-               },
-               {
-                 field_wiring_status: 'not_established',
-                 issues: [],
-                 local_key: '4',
-                 name: 'SUPPLY AIR TEMP.',
-                 observations: [
-                   {
-                     channel: 'AI',
-                     kind: 'declared_io',
-                     source: {
-                       bbox_px: [
-                         2816.88,
-                         612.48,
-                         2908.32,
-                         654.48
-                       ],
-                       column: 'AI',
-                       page_id: 'sha256:c62b086bc4b947bc7b87e237c415df1417ec4ebd5a3bf6b15bc7328890859d4d:p8',
-                       sheet_key: 'c62b086bc4b947bc7b87e237c415df1417ec4ebd5a3bf6b15bc7328890859d4d.pdf#8',
-                       source_id: 'sha256:c62b086bc4b947bc7b87e237c415df1417ec4ebd5a3bf6b15bc7328890859d4d',
-                       span_id: null,
-                       text: 'X'
-                     },
-                     status: 'read',
-                     value: 1
-                   }
-                 ],
-                 qualifiers: [],
-                 raw: {
-                   cells: {
-                     'POINT NAME': {
-                       bbox: [
-                         2257.68,
-                         612.48,
-                         2816.88,
-                         654.48
-                       ],
-                       text: 'SUPPLY AIR TEMP.'
-                     },
-                     AI: {
-                       bbox: [
-                         2816.88,
-                         612.48,
-                         2908.32,
-                         654.48
-                       ],
-                       text: 'X'
-                     },
-                     TAG: {
-                       bbox: [
-                         2164.56,
-                         612.48,
-                         2257.68,
-                         654.48
-                       ],
-                       text: '4'
-                     }
-                   },
-                   key: '4'
-                 },
-                 row_id: 'row:713df2f5f6f3614df5002bf97ccaa8a7a038a3faa7ceae0bfc9047a35c876b21:1',
-                 status: 'interpreted',
-                 uninterpreted_columns: [],
-                 unobserved_columns: [
-                   'ALARM',
-                   'AO',
-                   'DI',
-                   'DO'
-                 ]
-               },
-               {
-                 field_wiring_status: 'not_established',
-                 issues: [],
-                 local_key: '5',
-                 name: 'SUPPLY AIR TEMP. SETPOINT',
-                 observations: [
-                   {
-                     channel: 'DO',
-                     kind: 'declared_io',
-                     source: {
-                       bbox_px: [
-                         3091.44,
-                         654.48,
-                         3182.88,
-                         696.24
-                       ],
-                       column: 'DO',
-                       page_id: 'sha256:c62b086bc4b947bc7b87e237c415df1417ec4ebd5a3bf6b15bc7328890859d4d:p8',
-                       sheet_key: 'c62b086bc4b947bc7b87e237c415df1417ec4ebd5a3bf6b15bc7328890859d4d.pdf#8',
-                       source_id: 'sha256:c62b086bc4b947bc7b87e237c415df1417ec4ebd5a3bf6b15bc7328890859d4d',
-                       span_id: null,
-                       text: 'X'
-                     },
-                     status: 'read',
-                     value: 1
-                   }
-                 ],
-                 qualifiers: [],
-                 raw: {
-                   cells: {
-                     'POINT NAME': {
-                       bbox: [
-                         2257.68,
-                         654.48,
-                         2816.88,
-                         696.24
-                       ],
-                       text: 'SUPPLY AIR TEMP. SETPOINT'
-                     },
-                     DO: {
-                       bbox: [
-                         3091.44,
-                         654.48,
-                         3182.88,
-                         696.24
-                       ],
-                       text: 'X'
-                     },
-                     TAG: {
-                       bbox: [
-                         2164.56,
-                         654.48,
-                         2257.68,
-                         696.24
-                       ],
-                       text: '5'
-                     }
-                   },
-                   key: '5'
-                 },
-                 row_id: 'row:5c00278eeabe1dac05421e1cc1640406babc50bce0143d29e86db6b336667216:1',
-                 status: 'interpreted',
-                 uninterpreted_columns: [],
-                 unobserved_columns: [
-                   'AI',
-                   'ALARM',
-                   'AO',
-                   'DI'
-                 ]
-               },
-               {
-                 field_wiring_status: 'not_established',
-                 issues: [],
-                 local_key: '6',
-                 name: 'CHW COIL LEAVING AIR TEMP.',
-                 observations: [
-                   {
-                     channel: 'AI',
-                     kind: 'declared_io',
-                     source: {
-                       bbox_px: [
-                         2816.88,
-                         696.24,
-                         2908.32,
-                         738.24
-                       ],
-                       column: 'AI',
-                       page_id: 'sha256:c62b086bc4b947bc7b87e237c415df1417ec4ebd5a3bf6b15bc7328890859d4d:p8',
-                       sheet_key: 'c62b086bc4b947bc7b87e237c415df1417ec4ebd5a3bf6b15bc7328890859d4d.pdf#8',
-                       source_id: 'sha256:c62b086bc4b947bc7b87e237c415df1417ec4ebd5a3bf6b15bc7328890859d4d',
-                       span_id: null,
-                       text: 'X'
-                     },
-                     status: 'read',
-                     value: 1
-                   }
-                 ],
-                 qualifiers: [],
-                 raw: {
-                   cells: {
-                     'POINT NAME': {
-                       bbox: [
-                         2257.68,
-                         696.24,
-                         2816.88,
-                         738.24
-                       ],
-                       text: 'CHW COIL LEAVING AIR TEMP.'
-                     },
-                     AI: {
-                       bbox: [
-                         2816.88,
-                         696.24,
-                         2908.32,
-                         738.24
-                       ],
-                       text: 'X'
-                     },
-                     TAG: {
-                       bbox: [
-                         2164.56,
-                         696.24,
-                         2257.68,
-                         738.24
-                       ],
-                       text: '6'
-                     }
-                   },
-                   key: '6'
-                 },
-                 row_id: 'row:30fb167f19eb23b0246f7fc619fbc0e4835d81d5c1a064d39381312533780b0e:1',
-                 status: 'interpreted',
-                 uninterpreted_columns: [],
-                 unobserved_columns: [
-                   'ALARM',
-                   'AO',
-                   'DI',
-                   'DO'
-                 ]
-               },
-               {
-                 field_wiring_status: 'not_established',
-                 issues: [],
-                 local_key: '7',
-                 name: 'CHW COIL LEAVING AIR TEMP. SETPOINT',
-                 observations: [
-                   {
-                     channel: 'DO',
-                     kind: 'declared_io',
-                     source: {
-                       bbox_px: [
-                         3091.44,
-                         738.24,
-                         3182.88,
-                         780.24
-                       ],
-                       column: 'DO',
-                       page_id: 'sha256:c62b086bc4b947bc7b87e237c415df1417ec4ebd5a3bf6b15bc7328890859d4d:p8',
-                       sheet_key: 'c62b086bc4b947bc7b87e237c415df1417ec4ebd5a3bf6b15bc7328890859d4d.pdf#8',
-                       source_id: 'sha256:c62b086bc4b947bc7b87e237c415df1417ec4ebd5a3bf6b15bc7328890859d4d',
-                       span_id: null,
-                       text: 'X'
-                     },
-                     status: 'read',
-                     value: 1
-                   }
-                 ],
-                 qualifiers: [],
-                 raw: {
-                   cells: {
-                     'POINT NAME': {
-                       bbox: [
-                         2257.68,
-                         738.24,
-                         2816.88,
-                         780.24
-                       ],
-                       text: 'CHW COIL LEAVING AIR TEMP. SETPOINT'
-                     },
-                     DO: {
-                       bbox: [
-                         3091.44,
-                         738.24,
-                         3182.88,
-                         780.24
-                       ],
-                       text: 'X'
-                     },
-                     TAG: {
-                       bbox: [
-                         2164.56,
-                         738.24,
-                         2257.68,
-                         780.24
-                       ],
-                       text: '7'
-                     }
-                   },
-                   key: '7'
-                 },
-                 row_id: 'row:51d63ae9927424471268aae52a3f9a2e58d53a20b8976c65e3b5bf3118cfbeda:1',
-                 status: 'interpreted',
-                 uninterpreted_columns: [],
-                 unobserved_columns: [
-                   'AI',
-                   'ALARM',
-                   'AO',
-                   'DI'
-                 ]
-               },
-               {
-                 field_wiring_status: 'not_established',
-                 issues: [],
-                 local_key: '8',
-                 name: 'FILTER DIFFERENTIAL PRESSURE',
-                 observations: [
-                   {
-                     channel: 'ALARM',
-                     kind: 'attribute',
-                     source: {
-                       bbox_px: [
-                         3182.88,
-                         780.24,
-                         3349.2,
-                         822.24
-                       ],
-                       column: 'ALARM',
-                       page_id: 'sha256:c62b086bc4b947bc7b87e237c415df1417ec4ebd5a3bf6b15bc7328890859d4d:p8',
-                       sheet_key: 'c62b086bc4b947bc7b87e237c415df1417ec4ebd5a3bf6b15bc7328890859d4d.pdf#8',
-                       source_id: 'sha256:c62b086bc4b947bc7b87e237c415df1417ec4ebd5a3bf6b15bc7328890859d4d',
-                       span_id: null,
-                       text: 'X'
-                     },
-                     status: 'read',
-                     value: 1
-                   }
-                 ],
-                 qualifiers: [],
-                 raw: {
-                   cells: {
-                     'POINT NAME': {
-                       bbox: [
-                         2257.68,
-                         780.24,
-                         2816.88,
-                         822.24
-                       ],
-                       text: 'FILTER DIFFERENTIAL PRESSURE'
-                     },
-                     ALARM: {
-                       bbox: [
-                         3182.88,
-                         780.24,
-                         3349.2,
-                         822.24
-                       ],
-                       text: 'X'
-                     },
-                     TAG: {
-                       bbox: [
-                         2164.56,
-                         780.24,
-                         2257.68,
-                         822.24
-                       ],
-                       text: '8'
-                     }
-                   },
-                   key: '8'
-                 },
-                 row_id: 'row:0bfe519c23f8f08e1dfa802a5dbe109ba5090732f658be8de938a848a25ef562:1',
-                 status: 'no_typed_requirement',
-                 uninterpreted_columns: [],
-                 unobserved_columns: [
-                   'AI',
-                   'AO',
-                   'DI',
-                   'DO'
-                 ]
-               },
-               {
-                 field_wiring_status: 'not_established',
-                 issues: [],
-                 local_key: '9',
-                 name: 'SUPPLY FAN ON/OFF',
-                 observations: [
-                   {
-                     channel: 'DO',
-                     kind: 'declared_io',
-                     source: {
-                       bbox_px: [
-                         3091.44,
-                         822.24,
-                         3182.88,
-                         864.24
-                       ],
-                       column: 'DO',
-                       page_id: 'sha256:c62b086bc4b947bc7b87e237c415df1417ec4ebd5a3bf6b15bc7328890859d4d:p8',
-                       sheet_key: 'c62b086bc4b947bc7b87e237c415df1417ec4ebd5a3bf6b15bc7328890859d4d.pdf#8',
-                       source_id: 'sha256:c62b086bc4b947bc7b87e237c415df1417ec4ebd5a3bf6b15bc7328890859d4d',
-                       span_id: null,
-                       text: 'X'
-                     },
-                     status: 'read',
-                     value: 1
-                   }
-                 ],
-                 qualifiers: [],
-                 raw: {
-                   cells: {
-                     'POINT NAME': {
-                       bbox: [
-                         2257.68,
-                         822.24,
-                         2816.88,
-                         864.24
-                       ],
-                       text: 'SUPPLY FAN ON/OFF'
-                     },
-                     DO: {
-                       bbox: [
-                         3091.44,
-                         822.24,
-                         3182.88,
-                         864.24
-                       ],
-                       text: 'X'
-                     },
-                     TAG: {
-                       bbox: [
-                         2164.56,
-                         822.24,
-                         2257.68,
-                         864.24
-                       ],
-                       text: '9'
-                     }
-                   },
-                   key: '9'
-                 },
-                 row_id: 'row:dde9c83542e45e8962f2362a1ceef46b946d05be19d74f8e83dfb8d68070268f:1',
-                 status: 'interpreted',
-                 uninterpreted_columns: [],
-                 unobserved_columns: [
-                   'AI',
-                   'ALARM',
-                   'AO',
-                   'DI'
-                 ]
-               },
-               {
-                 field_wiring_status: 'not_established',
-                 issues: [],
-                 local_key: '10',
-                 name: 'SUPPLY FAN STATUS',
-                 observations: [
-                   {
-                     channel: 'DI',
-                     kind: 'declared_io',
-                     source: {
-                       bbox_px: [
-                         2999.76,
-                         864.24,
-                         3091.44,
-                         906.24
-                       ],
-                       column: 'DI',
-                       page_id: 'sha256:c62b086bc4b947bc7b87e237c415df1417ec4ebd5a3bf6b15bc7328890859d4d:p8',
-                       sheet_key: 'c62b086bc4b947bc7b87e237c415df1417ec4ebd5a3bf6b15bc7328890859d4d.pdf#8',
-                       source_id: 'sha256:c62b086bc4b947bc7b87e237c415df1417ec4ebd5a3bf6b15bc7328890859d4d',
-                       span_id: null,
-                       text: 'X'
-                     },
-                     status: 'read',
-                     value: 1
-                   }
-                 ],
-                 qualifiers: [],
-                 raw: {
-                   cells: {
-                     'POINT NAME': {
-                       bbox: [
-                         2257.68,
-                         864.24,
-                         2816.88,
-                         906.24
-                       ],
-                       text: 'SUPPLY FAN STATUS'
-                     },
-                     DI: {
-                       bbox: [
-                         2999.76,
-                         864.24,
-                         3091.44,
-                         906.24
-                       ],
-                       text: 'X'
-                     },
-                     TAG: {
-                       bbox: [
-                         2164.56,
-                         864.24,
-                         2257.68,
-                         906.24
-                       ],
-                       text: '10'
-                     }
-                   },
-                   key: '10'
-                 },
-                 row_id: 'row:59f24d22a91be52ab193f326540f147551e7959079f88615bbdda5296e0b55f0:1',
-                 status: 'interpreted',
-                 uninterpreted_columns: [],
-                 unobserved_columns: [
-                   'AI',
-                   'ALARM',
-                   'AO',
-                   'DO'
-                 ]
-               },
-               {
-                 field_wiring_status: 'not_established',
-                 issues: [],
-                 local_key: '11',
-                 name: 'SUPPLY FAN FAILURE',
-                 observations: [
-                   {
-                     channel: 'ALARM',
-                     kind: 'attribute',
-                     source: {
-                       bbox_px: [
-                         3182.88,
-                         906.24,
-                         3349.2,
-                         948.24
-                       ],
-                       column: 'ALARM',
-                       page_id: 'sha256:c62b086bc4b947bc7b87e237c415df1417ec4ebd5a3bf6b15bc7328890859d4d:p8',
-                       sheet_key: 'c62b086bc4b947bc7b87e237c415df1417ec4ebd5a3bf6b15bc7328890859d4d.pdf#8',
-                       source_id: 'sha256:c62b086bc4b947bc7b87e237c415df1417ec4ebd5a3bf6b15bc7328890859d4d',
-                       span_id: null,
-                       text: 'X'
-                     },
-                     status: 'read',
-                     value: 1
-                   }
-                 ],
-                 qualifiers: [],
-                 raw: {
-                   cells: {
-                     'POINT NAME': {
-                       bbox: [
-                         2257.68,
-                         906.24,
-                         2816.88,
-                         948.24
-                       ],
-                       text: 'SUPPLY FAN FAILURE'
-                     },
-                     ALARM: {
-                       bbox: [
-                         3182.88,
-                         906.24,
-                         3349.2,
-                         948.24
-                       ],
-                       text: 'X'
-                     },
-                     TAG: {
-                       bbox: [
-                         2164.56,
-                         906.24,
-                         2257.68,
-                         948.24
-                       ],
-                       text: '11'
-                     }
-                   },
-                   key: '11'
-                 },
-                 row_id: 'row:ed1f03ec587e9196f8f838fe06de5d5bb426748d9440fb80e17049a2f23c5b99:1',
-                 status: 'no_typed_requirement',
-                 uninterpreted_columns: [],
-                 unobserved_columns: [
-                   'AI',
-                   'AO',
-                   'DI',
-                   'DO'
-                 ]
-               },
-               {
-                 field_wiring_status: 'not_established',
-                 issues: [],
-                 local_key: '12',
-                 name: 'CONDENSATE OVERFLOW',
-                 observations: [
-                   {
-                     channel: 'ALARM',
-                     kind: 'attribute',
-                     source: {
-                       bbox_px: [
-                         3182.88,
-                         948.24,
-                         3349.2,
-                         990.24
-                       ],
-                       column: 'ALARM',
-                       page_id: 'sha256:c62b086bc4b947bc7b87e237c415df1417ec4ebd5a3bf6b15bc7328890859d4d:p8',
-                       sheet_key: 'c62b086bc4b947bc7b87e237c415df1417ec4ebd5a3bf6b15bc7328890859d4d.pdf#8',
-                       source_id: 'sha256:c62b086bc4b947bc7b87e237c415df1417ec4ebd5a3bf6b15bc7328890859d4d',
-                       span_id: null,
-                       text: 'X'
-                     },
-                     status: 'read',
-                     value: 1
-                   }
-                 ],
-                 qualifiers: [],
-                 raw: {
-                   cells: {
-                     'POINT NAME': {
-                       bbox: [
-                         2257.68,
-                         948.24,
-                         2816.88,
-                         990.24
-                       ],
-                       text: 'CONDENSATE OVERFLOW'
-                     },
-                     ALARM: {
-                       bbox: [
-                         3182.88,
-                         948.24,
-                         3349.2,
-                         990.24
-                       ],
-                       text: 'X'
-                     },
-                     TAG: {
-                       bbox: [
-                         2164.56,
-                         948.24,
-                         2257.68,
-                         990.24
-                       ],
-                       text: '12'
-                     }
-                   },
-                   key: '12'
-                 },
-                 row_id: 'row:69ae9c0204c848df886e6214e8c897770839d471d250151fa93407732e84fe8c:1',
-                 status: 'no_typed_requirement',
-                 uninterpreted_columns: [],
-                 unobserved_columns: [
-                   'AI',
-                   'AO',
-                   'DI',
-                   'DO'
-                 ]
-               },
-               {
-                 field_wiring_status: 'not_established',
-                 issues: [],
-                 local_key: '13',
-                 name: 'SYSTEM ENABLE',
-                 observations: [
-                   {
-                     channel: 'DO',
-                     kind: 'declared_io',
-                     source: {
-                       bbox_px: [
-                         3091.44,
-                         990.24,
-                         3182.88,
-                         1032.24
-                       ],
-                       column: 'DO',
-                       page_id: 'sha256:c62b086bc4b947bc7b87e237c415df1417ec4ebd5a3bf6b15bc7328890859d4d:p8',
-                       sheet_key: 'c62b086bc4b947bc7b87e237c415df1417ec4ebd5a3bf6b15bc7328890859d4d.pdf#8',
-                       source_id: 'sha256:c62b086bc4b947bc7b87e237c415df1417ec4ebd5a3bf6b15bc7328890859d4d',
-                       span_id: null,
-                       text: 'X'
-                     },
-                     status: 'read',
-                     value: 1
-                   }
-                 ],
-                 qualifiers: [],
-                 raw: {
-                   cells: {
-                     'POINT NAME': {
-                       bbox: [
-                         2257.68,
-                         990.24,
-                         2816.88,
-                         1032.24
-                       ],
-                       text: 'SYSTEM ENABLE'
-                     },
-                     DO: {
-                       bbox: [
-                         3091.44,
-                         990.24,
-                         3182.88,
-                         1032.24
-                       ],
-                       text: 'X'
-                     },
-                     TAG: {
-                       bbox: [
-                         2164.56,
-                         990.24,
-                         2257.68,
-                         1032.24
-                       ],
-                       text: '13'
-                     }
-                   },
-                   key: '13'
-                 },
-                 row_id: 'row:e7023c1517ac95720c3305d834f9dedd19a7c9e040d7a75751018680e6d0c04f:1',
-                 status: 'interpreted',
-                 uninterpreted_columns: [],
-                 unobserved_columns: [
-                   'AI',
-                   'ALARM',
-                   'AO',
-                   'DI'
-                 ]
-               },
-               {
-                 field_wiring_status: 'not_established',
-                 issues: [],
-                 local_key: '14',
-                 name: 'RELIEF DAMPER OPEN/CLOSE',
-                 observations: [
-                   {
-                     channel: 'DO',
-                     kind: 'declared_io',
-                     source: {
-                       bbox_px: [
-                         3091.44,
-                         1032.24,
-                         3182.88,
-                         1074.24
-                       ],
-                       column: 'DO',
-                       page_id: 'sha256:c62b086bc4b947bc7b87e237c415df1417ec4ebd5a3bf6b15bc7328890859d4d:p8',
-                       sheet_key: 'c62b086bc4b947bc7b87e237c415df1417ec4ebd5a3bf6b15bc7328890859d4d.pdf#8',
-                       source_id: 'sha256:c62b086bc4b947bc7b87e237c415df1417ec4ebd5a3bf6b15bc7328890859d4d',
-                       span_id: null,
-                       text: 'X'
-                     },
-                     status: 'read',
-                     value: 1
-                   }
-                 ],
-                 qualifiers: [],
-                 raw: {
-                   cells: {
-                     'POINT NAME': {
-                       bbox: [
-                         2257.68,
-                         1032.24,
-                         2816.88,
-                         1074.24
-                       ],
-                       text: 'RELIEF DAMPER OPEN/CLOSE'
-                     },
-                     DO: {
-                       bbox: [
-                         3091.44,
-                         1032.24,
-                         3182.88,
-                         1074.24
-                       ],
-                       text: 'X'
-                     },
-                     TAG: {
-                       bbox: [
-                         2164.56,
-                         1032.24,
-                         2257.68,
-                         1074.24
-                       ],
-                       text: '14'
-                     }
-                   },
-                   key: '14'
-                 },
-                 row_id: 'row:4c665c94effeea68a05d2b1fe2ea1fe66e0e0abb1feed578d89ce10ebcd9fe57:1',
-                 status: 'interpreted',
-                 uninterpreted_columns: [],
-                 unobserved_columns: [
-                   'AI',
-                   'ALARM',
-                   'AO',
-                   'DI'
-                 ]
-               },
-               {
-                 field_wiring_status: 'not_established',
-                 issues: [],
-                 local_key: '15',
-                 name: 'EMERGENCY SHUTDOWN (GLOBAL)',
-                 observations: [
-                   {
-                     channel: 'ALARM',
-                     kind: 'attribute',
-                     source: {
-                       bbox_px: [
-                         3182.88,
-                         1074.24,
-                         3349.2,
-                         1116.24
-                       ],
-                       column: 'ALARM',
-                       page_id: 'sha256:c62b086bc4b947bc7b87e237c415df1417ec4ebd5a3bf6b15bc7328890859d4d:p8',
-                       sheet_key: 'c62b086bc4b947bc7b87e237c415df1417ec4ebd5a3bf6b15bc7328890859d4d.pdf#8',
-                       source_id: 'sha256:c62b086bc4b947bc7b87e237c415df1417ec4ebd5a3bf6b15bc7328890859d4d',
-                       span_id: null,
-                       text: 'X'
-                     },
-                     status: 'read',
-                     value: 1
-                   }
-                 ],
-                 qualifiers: [],
-                 raw: {
-                   cells: {
-                     'POINT NAME': {
-                       bbox: [
-                         2257.68,
-                         1074.24,
-                         2816.88,
-                         1116.24
-                       ],
-                       text: 'EMERGENCY SHUTDOWN (GLOBAL)'
-                     },
-                     ALARM: {
-                       bbox: [
-                         3182.88,
-                         1074.24,
-                         3349.2,
-                         1116.24
-                       ],
-                       text: 'X'
-                     },
-                     TAG: {
-                       bbox: [
-                         2164.56,
-                         1074.24,
-                         2257.68,
-                         1116.24
-                       ],
-                       text: '15'
-                     }
-                   },
-                   key: '15'
-                 },
-                 row_id: 'row:9f1399c3ecbefe9e2d38d7d948227dd7a19cff6f7906a8899141aaea79e70ed0:1',
-                 status: 'no_typed_requirement',
-                 uninterpreted_columns: [],
-                 unobserved_columns: [
-                   'AI',
-                   'AO',
-                   'DI',
-                   'DO'
-                 ]
-               },
-               {
-                 field_wiring_status: 'not_established',
-                 issues: [],
-                 local_key: '16',
-                 name: 'EXHAUST FAN ON/OFF',
-                 observations: [
-                   {
-                     channel: 'DO',
-                     kind: 'declared_io',
-                     source: {
-                       bbox_px: [
-                         3091.44,
-                         1116.24,
-                         3182.88,
-                         1158.24
-                       ],
-                       column: 'DO',
-                       page_id: 'sha256:c62b086bc4b947bc7b87e237c415df1417ec4ebd5a3bf6b15bc7328890859d4d:p8',
-                       sheet_key: 'c62b086bc4b947bc7b87e237c415df1417ec4ebd5a3bf6b15bc7328890859d4d.pdf#8',
-                       source_id: 'sha256:c62b086bc4b947bc7b87e237c415df1417ec4ebd5a3bf6b15bc7328890859d4d',
-                       span_id: null,
-                       text: 'X'
-                     },
-                     status: 'read',
-                     value: 1
-                   }
-                 ],
-                 qualifiers: [],
-                 raw: {
-                   cells: {
-                     'POINT NAME': {
-                       bbox: [
-                         2257.68,
-                         1116.24,
-                         2816.88,
-                         1158.24
-                       ],
-                       text: 'EXHAUST FAN ON/OFF'
-                     },
-                     DO: {
-                       bbox: [
-                         3091.44,
-                         1116.24,
-                         3182.88,
-                         1158.24
-                       ],
-                       text: 'X'
-                     },
-                     TAG: {
-                       bbox: [
-                         2164.56,
-                         1116.24,
-                         2257.68,
-                         1158.24
-                       ],
-                       text: '16'
-                     }
-                   },
-                   key: '16'
-                 },
-                 row_id: 'row:c1592d30033988154e3f96ba81a512e74812570e168310ac75a4966bb1283387:1',
-                 status: 'interpreted',
-                 uninterpreted_columns: [],
-                 unobserved_columns: [
-                   'AI',
-                   'ALARM',
-                   'AO',
-                   'DI'
-                 ]
-               },
-               {
-                 field_wiring_status: 'not_established',
-                 issues: [],
-                 local_key: '17',
-                 name: 'EXHAUST FAN STATUS',
-                 observations: [
-                   {
-                     channel: 'DI',
-                     kind: 'declared_io',
-                     source: {
-                       bbox_px: [
-                         2999.76,
-                         1158.24,
-                         3091.44,
-                         1200.24
-                       ],
-                       column: 'DI',
-                       page_id: 'sha256:c62b086bc4b947bc7b87e237c415df1417ec4ebd5a3bf6b15bc7328890859d4d:p8',
-                       sheet_key: 'c62b086bc4b947bc7b87e237c415df1417ec4ebd5a3bf6b15bc7328890859d4d.pdf#8',
-                       source_id: 'sha256:c62b086bc4b947bc7b87e237c415df1417ec4ebd5a3bf6b15bc7328890859d4d',
-                       span_id: null,
-                       text: 'X'
-                     },
-                     status: 'read',
-                     value: 1
-                   }
-                 ],
-                 qualifiers: [],
-                 raw: {
-                   cells: {
-                     'POINT NAME': {
-                       bbox: [
-                         2257.68,
-                         1158.24,
-                         2816.88,
-                         1200.24
-                       ],
-                       text: 'EXHAUST FAN STATUS'
-                     },
-                     DI: {
-                       bbox: [
-                         2999.76,
-                         1158.24,
-                         3091.44,
-                         1200.24
-                       ],
-                       text: 'X'
-                     },
-                     TAG: {
-                       bbox: [
-                         2164.56,
-                         1158.24,
-                         2257.68,
-                         1200.24
-                       ],
-                       text: '17'
-                     }
-                   },
-                   key: '17'
-                 },
-                 row_id: 'row:ec96d12d415e90ca2b53dd4b561e9079f8bd2e160a53a1b8599bd502ae3798e2:1',
-                 status: 'interpreted',
-                 uninterpreted_columns: [],
-                 unobserved_columns: [
-                   'AI',
-                   'ALARM',
-                   'AO',
-                   'DO'
-                 ]
-               },
-               {
-                 field_wiring_status: 'not_established',
-                 issues: [],
-                 local_key: '18',
-                 name: 'EXHAUST FAN FAILURE',
-                 observations: [
-                   {
-                     channel: 'ALARM',
-                     kind: 'attribute',
-                     source: {
-                       bbox_px: [
-                         3182.88,
-                         1200.24,
-                         3349.2,
-                         1242.24
-                       ],
-                       column: 'ALARM',
-                       page_id: 'sha256:c62b086bc4b947bc7b87e237c415df1417ec4ebd5a3bf6b15bc7328890859d4d:p8',
-                       sheet_key: 'c62b086bc4b947bc7b87e237c415df1417ec4ebd5a3bf6b15bc7328890859d4d.pdf#8',
-                       source_id: 'sha256:c62b086bc4b947bc7b87e237c415df1417ec4ebd5a3bf6b15bc7328890859d4d',
-                       span_id: null,
-                       text: 'X'
-                     },
-                     status: 'read',
-                     value: 1
-                   }
-                 ],
-                 qualifiers: [],
-                 raw: {
-                   cells: {
-                     'POINT NAME': {
-                       bbox: [
-                         2257.68,
-                         1200.24,
-                         2816.88,
-                         1242.24
-                       ],
-                       text: 'EXHAUST FAN FAILURE'
-                     },
-                     ALARM: {
-                       bbox: [
-                         3182.88,
-                         1200.24,
-                         3349.2,
-                         1242.24
-                       ],
-                       text: 'X'
-                     },
-                     TAG: {
-                       bbox: [
-                         2164.56,
-                         1200.24,
-                         2257.68,
-                         1242.24
-                       ],
-                       text: '18'
-                     }
-                   },
-                   key: '18'
-                 },
-                 row_id: 'row:06e2c1760f5c0005616bc81deac0ad3bd11bc5c2030eda768ef268a3728e183e:1',
-                 status: 'no_typed_requirement',
-                 uninterpreted_columns: [],
-                 unobserved_columns: [
-                   'AI',
-                   'AO',
-                   'DI',
-                   'DO'
-                 ]
-               },
-               {
-                 field_wiring_status: 'not_established',
-                 issues: [],
-                 local_key: '19',
-                 name: 'RA DAMPER OPEN/CLOSE',
-                 observations: [
-                   {
-                     channel: 'DO',
-                     kind: 'declared_io',
-                     source: {
-                       bbox_px: [
-                         3091.44,
-                         1242.24,
-                         3182.88,
-                         1284.24
-                       ],
-                       column: 'DO',
-                       page_id: 'sha256:c62b086bc4b947bc7b87e237c415df1417ec4ebd5a3bf6b15bc7328890859d4d:p8',
-                       sheet_key: 'c62b086bc4b947bc7b87e237c415df1417ec4ebd5a3bf6b15bc7328890859d4d.pdf#8',
-                       source_id: 'sha256:c62b086bc4b947bc7b87e237c415df1417ec4ebd5a3bf6b15bc7328890859d4d',
-                       span_id: null,
-                       text: 'X'
-                     },
-                     status: 'read',
-                     value: 1
-                   }
-                 ],
-                 qualifiers: [],
-                 raw: {
-                   cells: {
-                     'POINT NAME': {
-                       bbox: [
-                         2257.68,
-                         1242.24,
-                         2816.88,
-                         1284.24
-                       ],
-                       text: 'RA DAMPER OPEN/CLOSE'
-                     },
-                     DO: {
-                       bbox: [
-                         3091.44,
-                         1242.24,
-                         3182.88,
-                         1284.24
-                       ],
-                       text: 'X'
-                     },
-                     TAG: {
-                       bbox: [
-                         2164.56,
-                         1242.24,
-                         2257.68,
-                         1284.24
-                       ],
-                       text: '19'
-                     }
-                   },
-                   key: '19'
-                 },
-                 row_id: 'row:a186330cc7ceeff9c30be3e807dda4adff9cac0fccb7324bd0745b6c9f459527:1',
-                 status: 'interpreted',
-                 uninterpreted_columns: [],
-                 unobserved_columns: [
-                   'AI',
-                   'ALARM',
-                   'AO',
-                   'DI'
-                 ]
-               },
-               {
-                 field_wiring_status: 'not_established',
-                 issues: [],
-                 local_key: '20',
-                 name: 'OA DAMPER OPEN/CLOSE',
-                 observations: [
-                   {
-                     channel: 'DO',
-                     kind: 'declared_io',
-                     source: {
-                       bbox_px: [
-                         3091.44,
-                         1284.24,
-                         3182.88,
-                         1326.24
-                       ],
-                       column: 'DO',
-                       page_id: 'sha256:c62b086bc4b947bc7b87e237c415df1417ec4ebd5a3bf6b15bc7328890859d4d:p8',
-                       sheet_key: 'c62b086bc4b947bc7b87e237c415df1417ec4ebd5a3bf6b15bc7328890859d4d.pdf#8',
-                       source_id: 'sha256:c62b086bc4b947bc7b87e237c415df1417ec4ebd5a3bf6b15bc7328890859d4d',
-                       span_id: null,
-                       text: 'X'
-                     },
-                     status: 'read',
-                     value: 1
-                   }
-                 ],
-                 qualifiers: [],
-                 raw: {
-                   cells: {
-                     'POINT NAME': {
-                       bbox: [
-                         2257.68,
-                         1284.24,
-                         2816.88,
-                         1326.24
-                       ],
-                       text: 'OA DAMPER OPEN/CLOSE'
-                     },
-                     DO: {
-                       bbox: [
-                         3091.44,
-                         1284.24,
-                         3182.88,
-                         1326.24
-                       ],
-                       text: 'X'
-                     },
-                     TAG: {
-                       bbox: [
-                         2164.56,
-                         1284.24,
-                         2257.68,
-                         1326.24
-                       ],
-                       text: '20'
-                     }
-                   },
-                   key: '20'
-                 },
-                 row_id: 'row:6447f4867a2cfde2385574d16e49cbbf185e3d55eb51391d353fe9c59ce4070c:1',
-                 status: 'interpreted',
-                 uninterpreted_columns: [],
-                 unobserved_columns: [
-                   'AI',
-                   'ALARM',
-                   'AO',
-                   'DI'
-                 ]
-               },
-               {
-                 field_wiring_status: 'not_established',
-                 issues: [],
-                 local_key: '21',
-                 name: 'DUCT SMOKE DETECTOR',
-                 observations: [
-                   {
-                     channel: 'ALARM',
-                     kind: 'attribute',
-                     source: {
-                       bbox_px: [
-                         3182.88,
-                         1326.24,
-                         3349.2,
-                         1368
-                       ],
-                       column: 'ALARM',
-                       page_id: 'sha256:c62b086bc4b947bc7b87e237c415df1417ec4ebd5a3bf6b15bc7328890859d4d:p8',
-                       sheet_key: 'c62b086bc4b947bc7b87e237c415df1417ec4ebd5a3bf6b15bc7328890859d4d.pdf#8',
-                       source_id: 'sha256:c62b086bc4b947bc7b87e237c415df1417ec4ebd5a3bf6b15bc7328890859d4d',
-                       span_id: null,
-                       text: 'X'
-                     },
-                     status: 'read',
-                     value: 1
-                   }
-                 ],
-                 qualifiers: [],
-                 raw: {
-                   cells: {
-                     'POINT NAME': {
-                       bbox: [
-                         2257.68,
-                         1326.24,
-                         2816.88,
-                         1368
-                       ],
-                       text: 'DUCT SMOKE DETECTOR'
-                     },
-                     ALARM: {
-                       bbox: [
-                         3182.88,
-                         1326.24,
-                         3349.2,
-                         1368
-                       ],
-                       text: 'X'
-                     },
-                     TAG: {
-                       bbox: [
-                         2164.56,
-                         1326.24,
-                         2257.68,
-                         1368
-                       ],
-                       text: '21'
-                     }
-                   },
-                   key: '21'
-                 },
-                 row_id: 'row:64b919a66aa9f76caefa693645c4ca9bb833a6da0e049b14fda3701ed6d96157:1',
-                 status: 'no_typed_requirement',
-                 uninterpreted_columns: [],
-                 unobserved_columns: [
-                   'AI',
-                   'AO',
-                   'DI',
-                   'DO'
-                 ]
-               },
-               {
-                 field_wiring_status: 'not_established',
-                 issues: [],
-                 local_key: '22',
-                 name: 'HW COIL LEAVING AIR TEMP.',
-                 observations: [
-                   {
-                     channel: 'AI',
-                     kind: 'declared_io',
-                     source: {
-                       bbox_px: [
-                         2816.88,
-                         1368,
-                         2908.32,
-                         1410
-                       ],
-                       column: 'AI',
-                       page_id: 'sha256:c62b086bc4b947bc7b87e237c415df1417ec4ebd5a3bf6b15bc7328890859d4d:p8',
-                       sheet_key: 'c62b086bc4b947bc7b87e237c415df1417ec4ebd5a3bf6b15bc7328890859d4d.pdf#8',
-                       source_id: 'sha256:c62b086bc4b947bc7b87e237c415df1417ec4ebd5a3bf6b15bc7328890859d4d',
-                       span_id: null,
-                       text: 'X'
-                     },
-                     status: 'read',
-                     value: 1
-                   }
-                 ],
-                 qualifiers: [],
-                 raw: {
-                   cells: {
-                     'POINT NAME': {
-                       bbox: [
-                         2257.68,
-                         1368,
-                         2816.88,
-                         1410
-                       ],
-                       text: 'HW COIL LEAVING AIR TEMP.'
-                     },
-                     AI: {
-                       bbox: [
-                         2816.88,
-                         1368,
-                         2908.32,
-                         1410
-                       ],
-                       text: 'X'
-                     },
-                     TAG: {
-                       bbox: [
-                         2164.56,
-                         1368,
-                         2257.68,
-                         1410
-                       ],
-                       text: '22'
-                     }
-                   },
-                   key: '22'
-                 },
-                 row_id: 'row:43383b7097e05e358a9113eeda93c2877fd8f3ab80cf492b9914f629b0a212bd:1',
-                 status: 'interpreted',
-                 uninterpreted_columns: [],
-                 unobserved_columns: [
-                   'ALARM',
-                   'AO',
-                   'DI',
-                   'DO'
-                 ]
-               },
-               {
-                 field_wiring_status: 'not_established',
-                 issues: [],
-                 local_key: '23',
-                 name: 'HW COIL LEAVING AIR TEMP. SETPOINT',
-                 observations: [
-                   {
-                     channel: 'DO',
-                     kind: 'declared_io',
-                     source: {
-                       bbox_px: [
-                         3091.44,
-                         1410,
-                         3182.88,
-                         1452
-                       ],
-                       column: 'DO',
-                       page_id: 'sha256:c62b086bc4b947bc7b87e237c415df1417ec4ebd5a3bf6b15bc7328890859d4d:p8',
-                       sheet_key: 'c62b086bc4b947bc7b87e237c415df1417ec4ebd5a3bf6b15bc7328890859d4d.pdf#8',
-                       source_id: 'sha256:c62b086bc4b947bc7b87e237c415df1417ec4ebd5a3bf6b15bc7328890859d4d',
-                       span_id: null,
-                       text: 'X'
-                     },
-                     status: 'read',
-                     value: 1
-                   }
-                 ],
-                 qualifiers: [],
-                 raw: {
-                   cells: {
-                     'POINT NAME': {
-                       bbox: [
-                         2257.68,
-                         1410,
-                         2816.88,
-                         1452
-                       ],
-                       text: 'HW COIL LEAVING AIR TEMP. SETPOINT'
-                     },
-                     DO: {
-                       bbox: [
-                         3091.44,
-                         1410,
-                         3182.88,
-                         1452
-                       ],
-                       text: 'X'
-                     },
-                     TAG: {
-                       bbox: [
-                         2164.56,
-                         1410,
-                         2257.68,
-                         1452
-                       ],
-                       text: '23'
-                     }
-                   },
-                   key: '23'
-                 },
-                 row_id: 'row:5ab868c66e23fc9e8c6fe70d418df9cfb8e56d7584e7c3bc8014c6671d7defba:1',
-                 status: 'interpreted',
-                 uninterpreted_columns: [],
-                 unobserved_columns: [
-                   'AI',
-                   'ALARM',
-                   'AO',
-                   'DI'
-                 ]
-               },
-               {
-                 field_wiring_status: 'not_established',
-                 issues: [],
-                 local_key: '24',
-                 name: 'HOT WATER VALVE POSITION',
-                 observations: [
-                   {
-                     channel: 'AO',
-                     kind: 'declared_io',
-                     source: {
-                       bbox_px: [
-                         2908.32,
-                         1452,
-                         2999.76,
-                         1494
-                       ],
-                       column: 'AO',
-                       page_id: 'sha256:c62b086bc4b947bc7b87e237c415df1417ec4ebd5a3bf6b15bc7328890859d4d:p8',
-                       sheet_key: 'c62b086bc4b947bc7b87e237c415df1417ec4ebd5a3bf6b15bc7328890859d4d.pdf#8',
-                       source_id: 'sha256:c62b086bc4b947bc7b87e237c415df1417ec4ebd5a3bf6b15bc7328890859d4d',
-                       span_id: null,
-                       text: 'X'
-                     },
-                     status: 'read',
-                     value: 1
-                   }
-                 ],
-                 qualifiers: [],
-                 raw: {
-                   cells: {
-                     'POINT NAME': {
-                       bbox: [
-                         2257.68,
-                         1452,
-                         2816.88,
-                         1494
-                       ],
-                       text: 'HOT WATER VALVE POSITION'
-                     },
-                     AO: {
-                       bbox: [
-                         2908.32,
-                         1452,
-                         2999.76,
-                         1494
-                       ],
-                       text: 'X'
-                     },
-                     TAG: {
-                       bbox: [
-                         2164.56,
-                         1452,
-                         2257.68,
-                         1494
-                       ],
-                       text: '24'
-                     }
-                   },
-                   key: '24'
-                 },
-                 row_id: 'row:07164d2b90f1054ceaf7a27d8c149045a43b79dc7ae0469c89e2f7b134c735c4:1',
-                 status: 'interpreted',
-                 uninterpreted_columns: [],
-                 unobserved_columns: [
-                   'AI',
-                   'ALARM',
-                   'DI',
-                   'DO'
-                 ]
-               },
-               {
-                 field_wiring_status: 'not_established',
-                 issues: [],
-                 local_key: '25',
-                 name: 'CHILLED WATER VALVE POSITION',
-                 observations: [
-                   {
-                     channel: 'AO',
-                     kind: 'declared_io',
-                     source: {
-                       bbox_px: [
-                         2908.32,
-                         1494,
-                         2999.76,
-                         1536
-                       ],
-                       column: 'AO',
-                       page_id: 'sha256:c62b086bc4b947bc7b87e237c415df1417ec4ebd5a3bf6b15bc7328890859d4d:p8',
-                       sheet_key: 'c62b086bc4b947bc7b87e237c415df1417ec4ebd5a3bf6b15bc7328890859d4d.pdf#8',
-                       source_id: 'sha256:c62b086bc4b947bc7b87e237c415df1417ec4ebd5a3bf6b15bc7328890859d4d',
-                       span_id: null,
-                       text: 'X'
-                     },
-                     status: 'read',
-                     value: 1
-                   }
-                 ],
-                 qualifiers: [],
-                 raw: {
-                   cells: {
-                     'POINT NAME': {
-                       bbox: [
-                         2257.68,
-                         1494,
-                         2816.88,
-                         1536
-                       ],
-                       text: 'CHILLED WATER VALVE POSITION'
-                     },
-                     AO: {
-                       bbox: [
-                         2908.32,
-                         1494,
-                         2999.76,
-                         1536
-                       ],
-                       text: 'X'
-                     },
-                     TAG: {
-                       bbox: [
-                         2164.56,
-                         1494,
-                         2257.68,
-                         1536
-                       ],
-                       text: '25'
-                     }
-                   },
-                   key: '25'
-                 },
-                 row_id: 'row:7af094c8fe9e49aad7a93d85345c1bf5e1ebf958ba7c66f1b90bc4808404c4b6:1',
-                 status: 'interpreted',
-                 uninterpreted_columns: [],
-                 unobserved_columns: [
-                   'AI',
-                   'ALARM',
-                   'DI',
-                   'DO'
-                 ]
-               },
-               {
-                 field_wiring_status: 'not_established',
-                 issues: [],
-                 local_key: '26',
-                 name: 'SUPPLY VFD SPEED',
-                 observations: [
-                   {
-                     channel: 'AO',
-                     kind: 'declared_io',
-                     source: {
-                       bbox_px: [
-                         2908.32,
-                         1536,
-                         2999.76,
-                         1578
-                       ],
-                       column: 'AO',
-                       page_id: 'sha256:c62b086bc4b947bc7b87e237c415df1417ec4ebd5a3bf6b15bc7328890859d4d:p8',
-                       sheet_key: 'c62b086bc4b947bc7b87e237c415df1417ec4ebd5a3bf6b15bc7328890859d4d.pdf#8',
-                       source_id: 'sha256:c62b086bc4b947bc7b87e237c415df1417ec4ebd5a3bf6b15bc7328890859d4d',
-                       span_id: null,
-                       text: 'X'
-                     },
-                     status: 'read',
-                     value: 1
-                   }
-                 ],
-                 qualifiers: [],
-                 raw: {
-                   cells: {
-                     'POINT NAME': {
-                       bbox: [
-                         2257.68,
-                         1536,
-                         2816.88,
-                         1578
-                       ],
-                       text: 'SUPPLY VFD SPEED'
-                     },
-                     AO: {
-                       bbox: [
-                         2908.32,
-                         1536,
-                         2999.76,
-                         1578
-                       ],
-                       text: 'X'
-                     },
-                     TAG: {
-                       bbox: [
-                         2164.56,
-                         1536,
-                         2257.68,
-                         1578
-                       ],
-                       text: '26'
-                     }
-                   },
-                   key: '26'
-                 },
-                 row_id: 'row:474fa5a8f69c22077ad16cca4494952a180452ea99f53e32bc5fde6b08c2cd88:1',
-                 status: 'interpreted',
-                 uninterpreted_columns: [],
-                 unobserved_columns: [
-                   'AI',
-                   'ALARM',
-                   'DI',
-                   'DO'
-                 ]
-               },
-               {
-                 field_wiring_status: 'not_established',
-                 issues: [],
-                 local_key: '27',
-                 name: 'EXHAUST VFD SPEED',
-                 observations: [
-                   {
-                     channel: 'AO',
-                     kind: 'declared_io',
-                     source: {
-                       bbox_px: [
-                         2908.32,
-                         1578,
-                         2999.76,
-                         1620
-                       ],
-                       column: 'AO',
-                       page_id: 'sha256:c62b086bc4b947bc7b87e237c415df1417ec4ebd5a3bf6b15bc7328890859d4d:p8',
-                       sheet_key: 'c62b086bc4b947bc7b87e237c415df1417ec4ebd5a3bf6b15bc7328890859d4d.pdf#8',
-                       source_id: 'sha256:c62b086bc4b947bc7b87e237c415df1417ec4ebd5a3bf6b15bc7328890859d4d',
-                       span_id: null,
-                       text: 'X'
-                     },
-                     status: 'read',
-                     value: 1
-                   }
-                 ],
-                 qualifiers: [],
-                 raw: {
-                   cells: {
-                     'POINT NAME': {
-                       bbox: [
-                         2257.68,
-                         1578,
-                         2816.88,
-                         1620
-                       ],
-                       text: 'EXHAUST VFD SPEED'
-                     },
-                     AO: {
-                       bbox: [
-                         2908.32,
-                         1578,
-                         2999.76,
-                         1620
-                       ],
-                       text: 'X'
-                     },
-                     TAG: {
-                       bbox: [
-                         2164.56,
-                         1578,
-                         2257.68,
-                         1620
-                       ],
-                       text: '27'
-                     }
-                   },
-                   key: '27'
-                 },
-                 row_id: 'row:0ab180d5d2f2aa02c032a110274315b489fb71f12177dd28131a77d3c14d8494:1',
-                 status: 'interpreted',
-                 uninterpreted_columns: [],
-                 unobserved_columns: [
-                   'AI',
-                   'ALARM',
-                   'DI',
-                   'DO'
-                 ]
-               }
-             ],
-             source_id: 'sha256:c62b086bc4b947bc7b87e237c415df1417ec4ebd5a3bf6b15bc7328890859d4d'
-           },
-           {
-             header_rows: 1,
-             header_sources: [
-               {
-                 bbox_px: [
-                   2134.8,
-                   1725.12,
-                   2199.12,
-                   1819.92
-                 ],
-                 column: 'HARDWARE POINTS',
-                 page_id: 'sha256:c62b086bc4b947bc7b87e237c415df1417ec4ebd5a3bf6b15bc7328890859d4d:p2',
-                 sheet_key: 'c62b086bc4b947bc7b87e237c415df1417ec4ebd5a3bf6b15bc7328890859d4d.pdf#2',
-                 source_id: 'sha256:c62b086bc4b947bc7b87e237c415df1417ec4ebd5a3bf6b15bc7328890859d4d',
-                 span_id: null,
-                 text: 'AI'
-               },
-               {
-                 bbox_px: [
-                   2199.12,
-                   1725.12,
-                   2263.68,
-                   1819.92
-                 ],
-                 column: 'HARDWARE POINTS 2',
-                 page_id: 'sha256:c62b086bc4b947bc7b87e237c415df1417ec4ebd5a3bf6b15bc7328890859d4d:p2',
-                 sheet_key: 'c62b086bc4b947bc7b87e237c415df1417ec4ebd5a3bf6b15bc7328890859d4d.pdf#2',
-                 source_id: 'sha256:c62b086bc4b947bc7b87e237c415df1417ec4ebd5a3bf6b15bc7328890859d4d',
-                 span_id: null,
-                 text: 'AO'
-               },
-               {
-                 bbox_px: [
-                   2263.68,
-                   1725.12,
-                   2328.24,
-                   1819.92
-                 ],
-                 column: 'HARDWARE POINTS 3',
-                 page_id: 'sha256:c62b086bc4b947bc7b87e237c415df1417ec4ebd5a3bf6b15bc7328890859d4d:p2',
-                 sheet_key: 'c62b086bc4b947bc7b87e237c415df1417ec4ebd5a3bf6b15bc7328890859d4d.pdf#2',
-                 source_id: 'sha256:c62b086bc4b947bc7b87e237c415df1417ec4ebd5a3bf6b15bc7328890859d4d',
-                 span_id: null,
-                 text: 'DI'
-               },
-               {
-                 bbox_px: [
-                   2328.24,
-                   1725.12,
-                   2392.56,
-                   1819.92
-                 ],
-                 column: 'HARDWARE POINTS 4',
-                 page_id: 'sha256:c62b086bc4b947bc7b87e237c415df1417ec4ebd5a3bf6b15bc7328890859d4d:p2',
-                 sheet_key: 'c62b086bc4b947bc7b87e237c415df1417ec4ebd5a3bf6b15bc7328890859d4d.pdf#2',
-                 source_id: 'sha256:c62b086bc4b947bc7b87e237c415df1417ec4ebd5a3bf6b15bc7328890859d4d',
-                 span_id: null,
-                 text: 'DO'
-               },
-               {
-                 bbox_px: [
-                   2392.56,
-                   1725.12,
-                   2457.12,
-                   1819.92
-                 ],
-                 column: 'SOFTWARE POINTS',
-                 page_id: 'sha256:c62b086bc4b947bc7b87e237c415df1417ec4ebd5a3bf6b15bc7328890859d4d:p2',
-                 sheet_key: 'c62b086bc4b947bc7b87e237c415df1417ec4ebd5a3bf6b15bc7328890859d4d.pdf#2',
-                 source_id: 'sha256:c62b086bc4b947bc7b87e237c415df1417ec4ebd5a3bf6b15bc7328890859d4d',
-                 span_id: null,
-                 text: 'AV'
-               },
-               {
-                 bbox_px: [
-                   2457.12,
-                   1725.12,
-                   2521.68,
-                   1819.92
-                 ],
-                 column: 'SOFTWARE POINTS 2',
-                 page_id: 'sha256:c62b086bc4b947bc7b87e237c415df1417ec4ebd5a3bf6b15bc7328890859d4d:p2',
-                 sheet_key: 'c62b086bc4b947bc7b87e237c415df1417ec4ebd5a3bf6b15bc7328890859d4d.pdf#2',
-                 source_id: 'sha256:c62b086bc4b947bc7b87e237c415df1417ec4ebd5a3bf6b15bc7328890859d4d',
-                 span_id: null,
-                 text: 'BV'
-               }
-             ],
-             issues: [],
-             matrix_id: 'matrix:fbed10a0b9d8f777c8ae533735926b644d3747245fd90288bec1765cb05a1fbe',
-             notes: [
-               {
-                 kind: 'lon_integrated',
-                 source: {
-                   bbox_px: [
-                     1741.9,
-                     2160.2,
-                     2548,
-                     2188.3
-                   ],
-                   column: null,
-                   page_id: 'sha256:c62b086bc4b947bc7b87e237c415df1417ec4ebd5a3bf6b15bc7328890859d4d:p2',
-                   sheet_key: 'c62b086bc4b947bc7b87e237c415df1417ec4ebd5a3bf6b15bc7328890859d4d.pdf#2',
-                   source_id: 'sha256:c62b086bc4b947bc7b87e237c415df1417ec4ebd5a3bf6b15bc7328890859d4d',
-                   span_id: 'sha256:c62b086bc4b947bc7b87e237c415df1417ec4ebd5a3bf6b15bc7328890859d4d:p2:s387',
-                   text: 'NOTE: "*" INDICATES A POINT THAT IS LON-INTEGRATED WITH DRIVE.'
-                 },
-                 subject: 'DRIVE'
-               }
-             ],
-             page_id: 'sha256:c62b086bc4b947bc7b87e237c415df1417ec4ebd5a3bf6b15bc7328890859d4d:p2',
-             quantity_basis: 'listed_matrix_only',
-             raw: {
-               headers: [
-                 'COL1',
-                 'COL2',
-                 'HARDWARE POINTS',
-                 'HARDWARE POINTS 2',
-                 'HARDWARE POINTS 3',
-                 'HARDWARE POINTS 4',
-                 'SOFTWARE POINTS',
-                 'SOFTWARE POINTS 2',
-                 'SOFTWARE POINTS 3',
-                 'SOFTWARE POINTS 4',
-                 'COL11',
-                 'COL12'
-               ],
-               region: [
-                 1737.36,
-                 1638,
-                 3064.32,
-                 2196.48
-               ],
-               rows: [
-                 {
-                   cells: {
-                     'HARDWARE POINTS 2': {
-                       bbox: [
-                         2199.12,
-                         1725.12,
-                         2263.68,
-                         1819.92
-                       ],
-                       text: 'AO'
-                     },
-                     'HARDWARE POINTS 3': {
-                       bbox: [
-                         2263.68,
-                         1725.12,
-                         2328.24,
-                         1819.92
-                       ],
-                       text: 'DI'
-                     },
-                     'HARDWARE POINTS 4': {
-                       bbox: [
-                         2328.24,
-                         1725.12,
-                         2392.56,
-                         1819.92
-                       ],
-                       text: 'DO'
-                     },
-                     'HARDWARE POINTS': {
-                       bbox: [
-                         2134.8,
-                         1725.12,
-                         2199.12,
-                         1819.92
-                       ],
-                       text: 'AI'
-                     },
-                     'SOFTWARE POINTS 2': {
-                       bbox: [
-                         2457.12,
-                         1725.12,
-                         2521.68,
-                         1819.92
-                       ],
-                       text: 'BV'
-                     },
-                     'SOFTWARE POINTS 3': {
-                       bbox: [
-                         2521.68,
-                         1725.12,
-                         2631.12,
-                         1819.92
-                       ],
-                       text: 'TREND'
-                     },
-                     'SOFTWARE POINTS 4': {
-                       bbox: [
-                         2631.12,
-                         1725.12,
-                         2740.56,
-                         1819.92
-                       ],
-                       text: 'ALARM'
-                     },
-                     'SOFTWARE POINTS': {
-                       bbox: [
-                         2392.56,
-                         1725.12,
-                         2457.12,
-                         1819.92
-                       ],
-                       text: 'AV'
-                     },
-                     COL11: {
-                       bbox: [
-                         2740.56,
-                         1725.12,
-                         2916,
-                         1819.92
-                       ],
-                       text: 'ADJUSTABLE'
-                     },
-                     COL12: {
-                       bbox: [
-                         2916,
-                         1725.12,
-                         3064.32,
-                         1819.92
-                       ],
-                       text: 'SHOW ON GRAPHIC'
-                     },
-                     COL1: {
-                       bbox: [
-                         1737.36,
-                         1725.12,
-                         1804.8,
-                         1819.92
-                       ],
-                       text: 'TAG'
-                     },
-                     COL2: {
-                       bbox: [
-                         1804.8,
-                         1725.12,
-                         2134.8,
-                         1819.92
-                       ],
-                       text: 'POINT NAME'
-                     }
-                   },
-                   key: 'TAG'
-                 },
-                 {
-                   cells: {
-                     'HARDWARE POINTS': {
-                       bbox: [
-                         2134.8,
-                         1819.92,
-                         2199.12,
-                         1857.6
-                       ],
-                       text: 'X'
-                     },
-                     COL1: {
-                       bbox: [
-                         1737.36,
-                         1819.92,
-                         1804.8,
-                         1857.6
-                       ],
-                       text: '1'
-                     },
-                     COL2: {
-                       bbox: [
-                         1804.8,
-                         1819.92,
-                         2134.8,
-                         1857.6
-                       ],
-                       text: 'GAS FLOW RATE'
-                     }
-                   },
-                   key: '1'
-                 },
-                 {
-                   cells: {
-                     'SOFTWARE POINTS 3': {
-                       bbox: [
-                         2521.68,
-                         1857.6,
-                         2631.12,
-                         1895.28
-                       ],
-                       text: 'X'
-                     },
-                     COL12: {
-                       bbox: [
-                         2916,
-                         1857.6,
-                         3064.32,
-                         1895.28
-                       ],
-                       text: 'X'
-                     },
-                     COL1: {
-                       bbox: [
-                         1737.36,
-                         1857.6,
-                         1804.8,
-                         1895.28
-                       ],
-                       text: '2'
-                     },
-                     COL2: {
-                       bbox: [
-                         1804.8,
-                         1857.6,
-                         2134.8,
-                         1895.28
-                       ],
-                       text: 'DEMAND'
-                     }
-                   },
-                   key: '2'
-                 },
-                 {
-                   cells: {
-                     'SOFTWARE POINTS 3': {
-                       bbox: [
-                         2521.68,
-                         1895.28,
-                         2631.12,
-                         1932.72
-                       ],
-                       text: 'X'
-                     },
-                     COL12: {
-                       bbox: [
-                         2916,
-                         1895.28,
-                         3064.32,
-                         1932.72
-                       ],
-                       text: 'X'
-                     },
-                     COL1: {
-                       bbox: [
-                         1737.36,
-                         1895.28,
-                         1804.8,
-                         1932.72
-                       ],
-                       text: '3'
-                     },
-                     COL2: {
-                       bbox: [
-                         1804.8,
-                         1895.28,
-                         2134.8,
-                         1932.72
-                       ],
-                       text: 'PEAK MONTH-TO-DATE'
-                     }
-                   },
-                   key: '3'
-                 },
-                 {
-                   cells: {
-                     'SOFTWARE POINTS 3': {
-                       bbox: [
-                         2521.68,
-                         1932.72,
-                         2631.12,
-                         1970.4
-                       ],
-                       text: 'X'
-                     },
-                     COL12: {
-                       bbox: [
-                         2916,
-                         1932.72,
-                         3064.32,
-                         1970.4
-                       ],
-                       text: 'X'
-                     },
-                     COL1: {
-                       bbox: [
-                         1737.36,
-                         1932.72,
-                         1804.8,
-                         1970.4
-                       ],
-                       text: '4'
-                     },
-                     COL2: {
-                       bbox: [
-                         1804.8,
-                         1932.72,
-                         2134.8,
-                         1970.4
-                       ],
-                       text: 'PEAK TODAY'
-                     }
-                   },
-                   key: '4'
-                 },
-                 {
-                   cells: {
-                     'SOFTWARE POINTS 3': {
-                       bbox: [
-                         2521.68,
-                         1970.4,
-                         2631.12,
-                         2008.08
-                       ],
-                       text: 'X'
-                     },
-                     COL12: {
-                       bbox: [
-                         2916,
-                         1970.4,
-                         3064.32,
-                         2008.08
-                       ],
-                       text: 'X'
-                     },
-                     COL1: {
-                       bbox: [
-                         1737.36,
-                         1970.4,
-                         1804.8,
-                         2008.08
-                       ],
-                       text: '5'
-                     },
-                     COL2: {
-                       bbox: [
-                         1804.8,
-                         1970.4,
-                         2134.8,
-                         2008.08
-                       ],
-                       text: 'PEAK YEAR-TO-DATE'
-                     }
-                   },
-                   key: '5'
-                 },
-                 {
-                   cells: {
-                     'SOFTWARE POINTS 3': {
-                       bbox: [
-                         2521.68,
-                         2008.08,
-                         2631.12,
-                         2045.76
-                       ],
-                       text: 'X'
-                     },
-                     COL12: {
-                       bbox: [
-                         2916,
-                         2008.08,
-                         3064.32,
-                         2045.76
-                       ],
-                       text: 'X'
-                     },
-                     COL1: {
-                       bbox: [
-                         1737.36,
-                         2008.08,
-                         1804.8,
-                         2045.76
-                       ],
-                       text: '6'
-                     },
-                     COL2: {
-                       bbox: [
-                         1804.8,
-                         2008.08,
-                         2134.8,
-                         2045.76
-                       ],
-                       text: 'USAGE MONTH-TO-DATE'
-                     }
-                   },
-                   key: '6'
-                 },
-                 {
-                   cells: {
-                     'SOFTWARE POINTS 3': {
-                       bbox: [
-                         2521.68,
-                         2045.76,
-                         2631.12,
-                         2083.44
-                       ],
-                       text: 'X'
-                     },
-                     COL12: {
-                       bbox: [
-                         2916,
-                         2045.76,
-                         3064.32,
-                         2083.44
-                       ],
-                       text: 'X'
-                     },
-                     COL1: {
-                       bbox: [
-                         1737.36,
-                         2045.76,
-                         1804.8,
-                         2083.44
-                       ],
-                       text: '7'
-                     },
-                     COL2: {
-                       bbox: [
-                         1804.8,
-                         2045.76,
-                         2134.8,
-                         2083.44
-                       ],
-                       text: 'USAGE TODAY'
-                     }
-                   },
-                   key: '7'
-                 },
-                 {
-                   cells: {
-                     'SOFTWARE POINTS 3': {
-                       bbox: [
-                         2521.68,
-                         2083.44,
-                         2631.12,
-                         2121.12
-                       ],
-                       text: 'X'
-                     },
-                     COL12: {
-                       bbox: [
-                         2916,
-                         2083.44,
-                         3064.32,
-                         2121.12
-                       ],
-                       text: 'X'
-                     },
-                     COL1: {
-                       bbox: [
-                         1737.36,
-                         2083.44,
-                         1804.8,
-                         2121.12
-                       ],
-                       text: '8'
-                     },
-                     COL2: {
-                       bbox: [
-                         1804.8,
-                         2083.44,
-                         2134.8,
-                         2121.12
-                       ],
-                       text: 'USAGE YEAR-TO-DATE'
-                     }
-                   },
-                   key: '8'
-                 },
-                 {
-                   cells: {
-                     'SOFTWARE POINTS 4': {
-                       bbox: [
-                         2631.12,
-                         2121.12,
-                         2740.56,
-                         2158.8
-                       ],
-                       text: 'X'
-                     },
-                     COL1: {
-                       bbox: [
-                         1737.36,
-                         2121.12,
-                         1804.8,
-                         2158.8
-                       ],
-                       text: '9'
-                     },
-                     COL2: {
-                       bbox: [
-                         1804.8,
-                         2121.12,
-                         2134.8,
-                         2158.8
-                       ],
-                       text: 'GAS METER FAILURE'
-                     }
-                   },
-                   key: '9'
-                 }
-               ],
-               sheet: 'c62b086bc4b947bc7b87e237c415df1417ec4ebd5a3bf6b15bc7328890859d4d.pdf#2',
-               title: {
-                 bbox: [
-                   1737.36,
-                   1638,
-                   3064.32,
-                   1686.96
-                 ],
-                 text: 'BAS INPUT/OUTPUT POINT LIST'
-               }
-             },
-             rows: [
-               {
-                 field_wiring_status: 'not_established',
-                 issues: [],
-                 local_key: '1',
-                 name: 'GAS FLOW RATE',
-                 observations: [
-                   {
-                     channel: 'AI',
-                     kind: 'declared_io',
-                     source: {
-                       bbox_px: [
-                         2134.8,
-                         1819.92,
-                         2199.12,
-                         1857.6
-                       ],
-                       column: 'HARDWARE POINTS',
-                       page_id: 'sha256:c62b086bc4b947bc7b87e237c415df1417ec4ebd5a3bf6b15bc7328890859d4d:p2',
-                       sheet_key: 'c62b086bc4b947bc7b87e237c415df1417ec4ebd5a3bf6b15bc7328890859d4d.pdf#2',
-                       source_id: 'sha256:c62b086bc4b947bc7b87e237c415df1417ec4ebd5a3bf6b15bc7328890859d4d',
-                       span_id: null,
-                       text: 'X'
-                     },
-                     status: 'read',
-                     value: 1
-                   }
-                 ],
-                 qualifiers: [],
-                 raw: {
-                   cells: {
-                     'HARDWARE POINTS': {
-                       bbox: [
-                         2134.8,
-                         1819.92,
-                         2199.12,
-                         1857.6
-                       ],
-                       text: 'X'
-                     },
-                     COL1: {
-                       bbox: [
-                         1737.36,
-                         1819.92,
-                         1804.8,
-                         1857.6
-                       ],
-                       text: '1'
-                     },
-                     COL2: {
-                       bbox: [
-                         1804.8,
-                         1819.92,
-                         2134.8,
-                         1857.6
-                       ],
-                       text: 'GAS FLOW RATE'
-                     }
-                   },
-                   key: '1'
-                 },
-                 row_id: 'row:98363f1404b6d48c5059f4ffa13da2c4ed054482d579411e88850891d48900b8:1',
-                 status: 'interpreted',
-                 uninterpreted_columns: [],
-                 unobserved_columns: [
-                   'COL11',
-                   'COL12',
-                   'HARDWARE POINTS 2',
-                   'HARDWARE POINTS 3',
-                   'HARDWARE POINTS 4',
-                   'SOFTWARE POINTS',
-                   'SOFTWARE POINTS 2',
-                   'SOFTWARE POINTS 3',
-                   'SOFTWARE POINTS 4'
-                 ]
-               },
-               {
-                 field_wiring_status: 'not_established',
-                 issues: [],
-                 local_key: '2',
-                 name: 'DEMAND',
-                 observations: [
-                   {
-                     channel: 'SHOW ON GRAPHIC',
-                     kind: 'attribute',
-                     source: {
-                       bbox_px: [
-                         2916,
-                         1857.6,
-                         3064.32,
-                         1895.28
-                       ],
-                       column: 'COL12',
-                       page_id: 'sha256:c62b086bc4b947bc7b87e237c415df1417ec4ebd5a3bf6b15bc7328890859d4d:p2',
-                       sheet_key: 'c62b086bc4b947bc7b87e237c415df1417ec4ebd5a3bf6b15bc7328890859d4d.pdf#2',
-                       source_id: 'sha256:c62b086bc4b947bc7b87e237c415df1417ec4ebd5a3bf6b15bc7328890859d4d',
-                       span_id: null,
-                       text: 'X'
-                     },
-                     status: 'read',
-                     value: 1
-                   },
-                   {
-                     channel: 'TREND',
-                     kind: 'attribute',
-                     source: {
-                       bbox_px: [
-                         2521.68,
-                         1857.6,
-                         2631.12,
-                         1895.28
-                       ],
-                       column: 'SOFTWARE POINTS 3',
-                       page_id: 'sha256:c62b086bc4b947bc7b87e237c415df1417ec4ebd5a3bf6b15bc7328890859d4d:p2',
-                       sheet_key: 'c62b086bc4b947bc7b87e237c415df1417ec4ebd5a3bf6b15bc7328890859d4d.pdf#2',
-                       source_id: 'sha256:c62b086bc4b947bc7b87e237c415df1417ec4ebd5a3bf6b15bc7328890859d4d',
-                       span_id: null,
-                       text: 'X'
-                     },
-                     status: 'read',
-                     value: 1
-                   }
-                 ],
-                 qualifiers: [],
-                 raw: {
-                   cells: {
-                     'SOFTWARE POINTS 3': {
-                       bbox: [
-                         2521.68,
-                         1857.6,
-                         2631.12,
-                         1895.28
-                       ],
-                       text: 'X'
-                     },
-                     COL12: {
-                       bbox: [
-                         2916,
-                         1857.6,
-                         3064.32,
-                         1895.28
-                       ],
-                       text: 'X'
-                     },
-                     COL1: {
-                       bbox: [
-                         1737.36,
-                         1857.6,
-                         1804.8,
-                         1895.28
-                       ],
-                       text: '2'
-                     },
-                     COL2: {
-                       bbox: [
-                         1804.8,
-                         1857.6,
-                         2134.8,
-                         1895.28
-                       ],
-                       text: 'DEMAND'
-                     }
-                   },
-                   key: '2'
-                 },
-                 row_id: 'row:d278e5bc27b68a5d9d7af485541d5ef8c0ab4f702308b6fb1d0aae8d2dd89596:1',
-                 status: 'no_typed_requirement',
-                 uninterpreted_columns: [],
-                 unobserved_columns: [
-                   'COL11',
-                   'HARDWARE POINTS',
-                   'HARDWARE POINTS 2',
-                   'HARDWARE POINTS 3',
-                   'HARDWARE POINTS 4',
-                   'SOFTWARE POINTS',
-                   'SOFTWARE POINTS 2',
-                   'SOFTWARE POINTS 4'
-                 ]
-               },
-               {
-                 field_wiring_status: 'not_established',
-                 issues: [],
-                 local_key: '3',
-                 name: 'PEAK MONTH-TO-DATE',
-                 observations: [
-                   {
-                     channel: 'SHOW ON GRAPHIC',
-                     kind: 'attribute',
-                     source: {
-                       bbox_px: [
-                         2916,
-                         1895.28,
-                         3064.32,
-                         1932.72
-                       ],
-                       column: 'COL12',
-                       page_id: 'sha256:c62b086bc4b947bc7b87e237c415df1417ec4ebd5a3bf6b15bc7328890859d4d:p2',
-                       sheet_key: 'c62b086bc4b947bc7b87e237c415df1417ec4ebd5a3bf6b15bc7328890859d4d.pdf#2',
-                       source_id: 'sha256:c62b086bc4b947bc7b87e237c415df1417ec4ebd5a3bf6b15bc7328890859d4d',
-                       span_id: null,
-                       text: 'X'
-                     },
-                     status: 'read',
-                     value: 1
-                   },
-                   {
-                     channel: 'TREND',
-                     kind: 'attribute',
-                     source: {
-                       bbox_px: [
-                         2521.68,
-                         1895.28,
-                         2631.12,
-                         1932.72
-                       ],
-                       column: 'SOFTWARE POINTS 3',
-                       page_id: 'sha256:c62b086bc4b947bc7b87e237c415df1417ec4ebd5a3bf6b15bc7328890859d4d:p2',
-                       sheet_key: 'c62b086bc4b947bc7b87e237c415df1417ec4ebd5a3bf6b15bc7328890859d4d.pdf#2',
-                       source_id: 'sha256:c62b086bc4b947bc7b87e237c415df1417ec4ebd5a3bf6b15bc7328890859d4d',
-                       span_id: null,
-                       text: 'X'
-                     },
-                     status: 'read',
-                     value: 1
-                   }
-                 ],
-                 qualifiers: [],
-                 raw: {
-                   cells: {
-                     'SOFTWARE POINTS 3': {
-                       bbox: [
-                         2521.68,
-                         1895.28,
-                         2631.12,
-                         1932.72
-                       ],
-                       text: 'X'
-                     },
-                     COL12: {
-                       bbox: [
-                         2916,
-                         1895.28,
-                         3064.32,
-                         1932.72
-                       ],
-                       text: 'X'
-                     },
-                     COL1: {
-                       bbox: [
-                         1737.36,
-                         1895.28,
-                         1804.8,
-                         1932.72
-                       ],
-                       text: '3'
-                     },
-                     COL2: {
-                       bbox: [
-                         1804.8,
-                         1895.28,
-                         2134.8,
-                         1932.72
-                       ],
-                       text: 'PEAK MONTH-TO-DATE'
-                     }
-                   },
-                   key: '3'
-                 },
-                 row_id: 'row:a2bc2fe5671017235deb7377680639231d2c8ade34ba70515b3f361aa6aea55f:1',
-                 status: 'no_typed_requirement',
-                 uninterpreted_columns: [],
-                 unobserved_columns: [
-                   'COL11',
-                   'HARDWARE POINTS',
-                   'HARDWARE POINTS 2',
-                   'HARDWARE POINTS 3',
-                   'HARDWARE POINTS 4',
-                   'SOFTWARE POINTS',
-                   'SOFTWARE POINTS 2',
-                   'SOFTWARE POINTS 4'
-                 ]
-               },
-               {
-                 field_wiring_status: 'not_established',
-                 issues: [],
-                 local_key: '4',
-                 name: 'PEAK TODAY',
-                 observations: [
-                   {
-                     channel: 'SHOW ON GRAPHIC',
-                     kind: 'attribute',
-                     source: {
-                       bbox_px: [
-                         2916,
-                         1932.72,
-                         3064.32,
-                         1970.4
-                       ],
-                       column: 'COL12',
-                       page_id: 'sha256:c62b086bc4b947bc7b87e237c415df1417ec4ebd5a3bf6b15bc7328890859d4d:p2',
-                       sheet_key: 'c62b086bc4b947bc7b87e237c415df1417ec4ebd5a3bf6b15bc7328890859d4d.pdf#2',
-                       source_id: 'sha256:c62b086bc4b947bc7b87e237c415df1417ec4ebd5a3bf6b15bc7328890859d4d',
-                       span_id: null,
-                       text: 'X'
-                     },
-                     status: 'read',
-                     value: 1
-                   },
-                   {
-                     channel: 'TREND',
-                     kind: 'attribute',
-                     source: {
-                       bbox_px: [
-                         2521.68,
-                         1932.72,
-                         2631.12,
-                         1970.4
-                       ],
-                       column: 'SOFTWARE POINTS 3',
-                       page_id: 'sha256:c62b086bc4b947bc7b87e237c415df1417ec4ebd5a3bf6b15bc7328890859d4d:p2',
-                       sheet_key: 'c62b086bc4b947bc7b87e237c415df1417ec4ebd5a3bf6b15bc7328890859d4d.pdf#2',
-                       source_id: 'sha256:c62b086bc4b947bc7b87e237c415df1417ec4ebd5a3bf6b15bc7328890859d4d',
-                       span_id: null,
-                       text: 'X'
-                     },
-                     status: 'read',
-                     value: 1
-                   }
-                 ],
-                 qualifiers: [],
-                 raw: {
-                   cells: {
-                     'SOFTWARE POINTS 3': {
-                       bbox: [
-                         2521.68,
-                         1932.72,
-                         2631.12,
-                         1970.4
-                       ],
-                       text: 'X'
-                     },
-                     COL12: {
-                       bbox: [
-                         2916,
-                         1932.72,
-                         3064.32,
-                         1970.4
-                       ],
-                       text: 'X'
-                     },
-                     COL1: {
-                       bbox: [
-                         1737.36,
-                         1932.72,
-                         1804.8,
-                         1970.4
-                       ],
-                       text: '4'
-                     },
-                     COL2: {
-                       bbox: [
-                         1804.8,
-                         1932.72,
-                         2134.8,
-                         1970.4
-                       ],
-                       text: 'PEAK TODAY'
-                     }
-                   },
-                   key: '4'
-                 },
-                 row_id: 'row:b2ae18c0c4817cb41d380710ebc96c485af70a50aa5f6b084a8d620e5d297a78:1',
-                 status: 'no_typed_requirement',
-                 uninterpreted_columns: [],
-                 unobserved_columns: [
-                   'COL11',
-                   'HARDWARE POINTS',
-                   'HARDWARE POINTS 2',
-                   'HARDWARE POINTS 3',
-                   'HARDWARE POINTS 4',
-                   'SOFTWARE POINTS',
-                   'SOFTWARE POINTS 2',
-                   'SOFTWARE POINTS 4'
-                 ]
-               },
-               {
-                 field_wiring_status: 'not_established',
-                 issues: [],
-                 local_key: '5',
-                 name: 'PEAK YEAR-TO-DATE',
-                 observations: [
-                   {
-                     channel: 'SHOW ON GRAPHIC',
-                     kind: 'attribute',
-                     source: {
-                       bbox_px: [
-                         2916,
-                         1970.4,
-                         3064.32,
-                         2008.08
-                       ],
-                       column: 'COL12',
-                       page_id: 'sha256:c62b086bc4b947bc7b87e237c415df1417ec4ebd5a3bf6b15bc7328890859d4d:p2',
-                       sheet_key: 'c62b086bc4b947bc7b87e237c415df1417ec4ebd5a3bf6b15bc7328890859d4d.pdf#2',
-                       source_id: 'sha256:c62b086bc4b947bc7b87e237c415df1417ec4ebd5a3bf6b15bc7328890859d4d',
-                       span_id: null,
-                       text: 'X'
-                     },
-                     status: 'read',
-                     value: 1
-                   },
-                   {
-                     channel: 'TREND',
-                     kind: 'attribute',
-                     source: {
-                       bbox_px: [
-                         2521.68,
-                         1970.4,
-                         2631.12,
-                         2008.08
-                       ],
-                       column: 'SOFTWARE POINTS 3',
-                       page_id: 'sha256:c62b086bc4b947bc7b87e237c415df1417ec4ebd5a3bf6b15bc7328890859d4d:p2',
-                       sheet_key: 'c62b086bc4b947bc7b87e237c415df1417ec4ebd5a3bf6b15bc7328890859d4d.pdf#2',
-                       source_id: 'sha256:c62b086bc4b947bc7b87e237c415df1417ec4ebd5a3bf6b15bc7328890859d4d',
-                       span_id: null,
-                       text: 'X'
-                     },
-                     status: 'read',
-                     value: 1
-                   }
-                 ],
-                 qualifiers: [],
-                 raw: {
-                   cells: {
-                     'SOFTWARE POINTS 3': {
-                       bbox: [
-                         2521.68,
-                         1970.4,
-                         2631.12,
-                         2008.08
-                       ],
-                       text: 'X'
-                     },
-                     COL12: {
-                       bbox: [
-                         2916,
-                         1970.4,
-                         3064.32,
-                         2008.08
-                       ],
-                       text: 'X'
-                     },
-                     COL1: {
-                       bbox: [
-                         1737.36,
-                         1970.4,
-                         1804.8,
-                         2008.08
-                       ],
-                       text: '5'
-                     },
-                     COL2: {
-                       bbox: [
-                         1804.8,
-                         1970.4,
-                         2134.8,
-                         2008.08
-                       ],
-                       text: 'PEAK YEAR-TO-DATE'
-                     }
-                   },
-                   key: '5'
-                 },
-                 row_id: 'row:935a08ee0d0f4b7accff7b5a59460bdbb7bdded75c1cf5be11988e45557a9aac:1',
-                 status: 'no_typed_requirement',
-                 uninterpreted_columns: [],
-                 unobserved_columns: [
-                   'COL11',
-                   'HARDWARE POINTS',
-                   'HARDWARE POINTS 2',
-                   'HARDWARE POINTS 3',
-                   'HARDWARE POINTS 4',
-                   'SOFTWARE POINTS',
-                   'SOFTWARE POINTS 2',
-                   'SOFTWARE POINTS 4'
-                 ]
-               },
-               {
-                 field_wiring_status: 'not_established',
-                 issues: [],
-                 local_key: '6',
-                 name: 'USAGE MONTH-TO-DATE',
-                 observations: [
-                   {
-                     channel: 'SHOW ON GRAPHIC',
-                     kind: 'attribute',
-                     source: {
-                       bbox_px: [
-                         2916,
-                         2008.08,
-                         3064.32,
-                         2045.76
-                       ],
-                       column: 'COL12',
-                       page_id: 'sha256:c62b086bc4b947bc7b87e237c415df1417ec4ebd5a3bf6b15bc7328890859d4d:p2',
-                       sheet_key: 'c62b086bc4b947bc7b87e237c415df1417ec4ebd5a3bf6b15bc7328890859d4d.pdf#2',
-                       source_id: 'sha256:c62b086bc4b947bc7b87e237c415df1417ec4ebd5a3bf6b15bc7328890859d4d',
-                       span_id: null,
-                       text: 'X'
-                     },
-                     status: 'read',
-                     value: 1
-                   },
-                   {
-                     channel: 'TREND',
-                     kind: 'attribute',
-                     source: {
-                       bbox_px: [
-                         2521.68,
-                         2008.08,
-                         2631.12,
-                         2045.76
-                       ],
-                       column: 'SOFTWARE POINTS 3',
-                       page_id: 'sha256:c62b086bc4b947bc7b87e237c415df1417ec4ebd5a3bf6b15bc7328890859d4d:p2',
-                       sheet_key: 'c62b086bc4b947bc7b87e237c415df1417ec4ebd5a3bf6b15bc7328890859d4d.pdf#2',
-                       source_id: 'sha256:c62b086bc4b947bc7b87e237c415df1417ec4ebd5a3bf6b15bc7328890859d4d',
-                       span_id: null,
-                       text: 'X'
-                     },
-                     status: 'read',
-                     value: 1
-                   }
-                 ],
-                 qualifiers: [],
-                 raw: {
-                   cells: {
-                     'SOFTWARE POINTS 3': {
-                       bbox: [
-                         2521.68,
-                         2008.08,
-                         2631.12,
-                         2045.76
-                       ],
-                       text: 'X'
-                     },
-                     COL12: {
-                       bbox: [
-                         2916,
-                         2008.08,
-                         3064.32,
-                         2045.76
-                       ],
-                       text: 'X'
-                     },
-                     COL1: {
-                       bbox: [
-                         1737.36,
-                         2008.08,
-                         1804.8,
-                         2045.76
-                       ],
-                       text: '6'
-                     },
-                     COL2: {
-                       bbox: [
-                         1804.8,
-                         2008.08,
-                         2134.8,
-                         2045.76
-                       ],
-                       text: 'USAGE MONTH-TO-DATE'
-                     }
-                   },
-                   key: '6'
-                 },
-                 row_id: 'row:cb2d54e5116c408ac71df7a3ea161e983c605e6ec386331fa3bc419ed01e554c:1',
-                 status: 'no_typed_requirement',
-                 uninterpreted_columns: [],
-                 unobserved_columns: [
-                   'COL11',
-                   'HARDWARE POINTS',
-                   'HARDWARE POINTS 2',
-                   'HARDWARE POINTS 3',
-                   'HARDWARE POINTS 4',
-                   'SOFTWARE POINTS',
-                   'SOFTWARE POINTS 2',
-                   'SOFTWARE POINTS 4'
-                 ]
-               },
-               {
-                 field_wiring_status: 'not_established',
-                 issues: [],
-                 local_key: '7',
-                 name: 'USAGE TODAY',
-                 observations: [
-                   {
-                     channel: 'SHOW ON GRAPHIC',
-                     kind: 'attribute',
-                     source: {
-                       bbox_px: [
-                         2916,
-                         2045.76,
-                         3064.32,
-                         2083.44
-                       ],
-                       column: 'COL12',
-                       page_id: 'sha256:c62b086bc4b947bc7b87e237c415df1417ec4ebd5a3bf6b15bc7328890859d4d:p2',
-                       sheet_key: 'c62b086bc4b947bc7b87e237c415df1417ec4ebd5a3bf6b15bc7328890859d4d.pdf#2',
-                       source_id: 'sha256:c62b086bc4b947bc7b87e237c415df1417ec4ebd5a3bf6b15bc7328890859d4d',
-                       span_id: null,
-                       text: 'X'
-                     },
-                     status: 'read',
-                     value: 1
-                   },
-                   {
-                     channel: 'TREND',
-                     kind: 'attribute',
-                     source: {
-                       bbox_px: [
-                         2521.68,
-                         2045.76,
-                         2631.12,
-                         2083.44
-                       ],
-                       column: 'SOFTWARE POINTS 3',
-                       page_id: 'sha256:c62b086bc4b947bc7b87e237c415df1417ec4ebd5a3bf6b15bc7328890859d4d:p2',
-                       sheet_key: 'c62b086bc4b947bc7b87e237c415df1417ec4ebd5a3bf6b15bc7328890859d4d.pdf#2',
-                       source_id: 'sha256:c62b086bc4b947bc7b87e237c415df1417ec4ebd5a3bf6b15bc7328890859d4d',
-                       span_id: null,
-                       text: 'X'
-                     },
-                     status: 'read',
-                     value: 1
-                   }
-                 ],
-                 qualifiers: [],
-                 raw: {
-                   cells: {
-                     'SOFTWARE POINTS 3': {
-                       bbox: [
-                         2521.68,
-                         2045.76,
-                         2631.12,
-                         2083.44
-                       ],
-                       text: 'X'
-                     },
-                     COL12: {
-                       bbox: [
-                         2916,
-                         2045.76,
-                         3064.32,
-                         2083.44
-                       ],
-                       text: 'X'
-                     },
-                     COL1: {
-                       bbox: [
-                         1737.36,
-                         2045.76,
-                         1804.8,
-                         2083.44
-                       ],
-                       text: '7'
-                     },
-                     COL2: {
-                       bbox: [
-                         1804.8,
-                         2045.76,
-                         2134.8,
-                         2083.44
-                       ],
-                       text: 'USAGE TODAY'
-                     }
-                   },
-                   key: '7'
-                 },
-                 row_id: 'row:e0b4bed1de17527a98b14606ff24dbab77adc40610419515f1a495e8e1ea917b:1',
-                 status: 'no_typed_requirement',
-                 uninterpreted_columns: [],
-                 unobserved_columns: [
-                   'COL11',
-                   'HARDWARE POINTS',
-                   'HARDWARE POINTS 2',
-                   'HARDWARE POINTS 3',
-                   'HARDWARE POINTS 4',
-                   'SOFTWARE POINTS',
-                   'SOFTWARE POINTS 2',
-                   'SOFTWARE POINTS 4'
-                 ]
-               },
-               {
-                 field_wiring_status: 'not_established',
-                 issues: [],
-                 local_key: '8',
-                 name: 'USAGE YEAR-TO-DATE',
-                 observations: [
-                   {
-                     channel: 'SHOW ON GRAPHIC',
-                     kind: 'attribute',
-                     source: {
-                       bbox_px: [
-                         2916,
-                         2083.44,
-                         3064.32,
-                         2121.12
-                       ],
-                       column: 'COL12',
-                       page_id: 'sha256:c62b086bc4b947bc7b87e237c415df1417ec4ebd5a3bf6b15bc7328890859d4d:p2',
-                       sheet_key: 'c62b086bc4b947bc7b87e237c415df1417ec4ebd5a3bf6b15bc7328890859d4d.pdf#2',
-                       source_id: 'sha256:c62b086bc4b947bc7b87e237c415df1417ec4ebd5a3bf6b15bc7328890859d4d',
-                       span_id: null,
-                       text: 'X'
-                     },
-                     status: 'read',
-                     value: 1
-                   },
-                   {
-                     channel: 'TREND',
-                     kind: 'attribute',
-                     source: {
-                       bbox_px: [
-                         2521.68,
-                         2083.44,
-                         2631.12,
-                         2121.12
-                       ],
-                       column: 'SOFTWARE POINTS 3',
-                       page_id: 'sha256:c62b086bc4b947bc7b87e237c415df1417ec4ebd5a3bf6b15bc7328890859d4d:p2',
-                       sheet_key: 'c62b086bc4b947bc7b87e237c415df1417ec4ebd5a3bf6b15bc7328890859d4d.pdf#2',
-                       source_id: 'sha256:c62b086bc4b947bc7b87e237c415df1417ec4ebd5a3bf6b15bc7328890859d4d',
-                       span_id: null,
-                       text: 'X'
-                     },
-                     status: 'read',
-                     value: 1
-                   }
-                 ],
-                 qualifiers: [],
-                 raw: {
-                   cells: {
-                     'SOFTWARE POINTS 3': {
-                       bbox: [
-                         2521.68,
-                         2083.44,
-                         2631.12,
-                         2121.12
-                       ],
-                       text: 'X'
-                     },
-                     COL12: {
-                       bbox: [
-                         2916,
-                         2083.44,
-                         3064.32,
-                         2121.12
-                       ],
-                       text: 'X'
-                     },
-                     COL1: {
-                       bbox: [
-                         1737.36,
-                         2083.44,
-                         1804.8,
-                         2121.12
-                       ],
-                       text: '8'
-                     },
-                     COL2: {
-                       bbox: [
-                         1804.8,
-                         2083.44,
-                         2134.8,
-                         2121.12
-                       ],
-                       text: 'USAGE YEAR-TO-DATE'
-                     }
-                   },
-                   key: '8'
-                 },
-                 row_id: 'row:83960fd9b6fb3fdddcc844e62df0a61d197e5d357fdc31b469fb9bc3cd992264:1',
-                 status: 'no_typed_requirement',
-                 uninterpreted_columns: [],
-                 unobserved_columns: [
-                   'COL11',
-                   'HARDWARE POINTS',
-                   'HARDWARE POINTS 2',
-                   'HARDWARE POINTS 3',
-                   'HARDWARE POINTS 4',
-                   'SOFTWARE POINTS',
-                   'SOFTWARE POINTS 2',
-                   'SOFTWARE POINTS 4'
-                 ]
-               },
-               {
-                 field_wiring_status: 'not_established',
-                 issues: [],
-                 local_key: '9',
-                 name: 'GAS METER FAILURE',
-                 observations: [
-                   {
-                     channel: 'ALARM',
-                     kind: 'attribute',
-                     source: {
-                       bbox_px: [
-                         2631.12,
-                         2121.12,
-                         2740.56,
-                         2158.8
-                       ],
-                       column: 'SOFTWARE POINTS 4',
-                       page_id: 'sha256:c62b086bc4b947bc7b87e237c415df1417ec4ebd5a3bf6b15bc7328890859d4d:p2',
-                       sheet_key: 'c62b086bc4b947bc7b87e237c415df1417ec4ebd5a3bf6b15bc7328890859d4d.pdf#2',
-                       source_id: 'sha256:c62b086bc4b947bc7b87e237c415df1417ec4ebd5a3bf6b15bc7328890859d4d',
-                       span_id: null,
-                       text: 'X'
-                     },
-                     status: 'read',
-                     value: 1
-                   }
-                 ],
-                 qualifiers: [],
-                 raw: {
-                   cells: {
-                     'SOFTWARE POINTS 4': {
-                       bbox: [
-                         2631.12,
-                         2121.12,
-                         2740.56,
-                         2158.8
-                       ],
-                       text: 'X'
-                     },
-                     COL1: {
-                       bbox: [
-                         1737.36,
-                         2121.12,
-                         1804.8,
-                         2158.8
-                       ],
-                       text: '9'
-                     },
-                     COL2: {
-                       bbox: [
-                         1804.8,
-                         2121.12,
-                         2134.8,
-                         2158.8
-                       ],
-                       text: 'GAS METER FAILURE'
-                     }
-                   },
-                   key: '9'
-                 },
-                 row_id: 'row:49ddfb796acb53821859b36e617e0002fd55164d02ffd49e7cb4a27d7038c3c3:1',
-                 status: 'no_typed_requirement',
-                 uninterpreted_columns: [],
-                 unobserved_columns: [
-                   'COL11',
-                   'COL12',
-                   'HARDWARE POINTS',
-                   'HARDWARE POINTS 2',
-                   'HARDWARE POINTS 3',
-                   'HARDWARE POINTS 4',
-                   'SOFTWARE POINTS',
-                   'SOFTWARE POINTS 2',
-                   'SOFTWARE POINTS 3'
-                 ]
-               }
-             ],
-             source_id: 'sha256:c62b086bc4b947bc7b87e237c415df1417ec4ebd5a3bf6b15bc7328890859d4d'
-           }
-         ],
-         project_complete: false,
-         rule_version: 'point_observations_1',
-         schema_version: 'bas_point_lists_v1',
-         scope: 'discovered_matrices_only'
-       },
-       sources: [
-         {
-           byte_length: 924578,
-           names: [
-             '12__vol2__028__Fort_Sam_Houston_Building_615_Controls_Excerpt.pdf'
-           ],
-           page_count: 9,
-           sha256: 'c62b086bc4b947bc7b87e237c415df1417ec4ebd5a3bf6b15bc7328890859d4d',
-           source_id: 'sha256:c62b086bc4b947bc7b87e237c415df1417ec4ebd5a3bf6b15bc7328890859d4d'
-         }
-       ]
-     }
-   ],
-   current_capture_id: '1d3432c6802d814de9f5e0f4ffb6f4af8d406890e9c92fdfb77cd326fa9861b3',
-   revision: 'point_captures_1',
-   schema_version: 'bas_workflow_v1'
- }

    at file:///Users/erikjohnstone/Documents/ChatGPT/master-plan-bas-engine/opentakeoff/web/scripts/playwright-bas-points.mjs:108:10 {
  generatedMessage: true,
  code: 'ERR_ASSERTION',
  actual: undefined,
  expected: {
    schema_version: 'bas_workflow_v1',
    revision: 'point_captures_1',
    captures: [
      {
        capture_id: '1d3432c6802d814de9f5e0f4ffb6f4af8d406890e9c92fdfb77cd326fa9861b3',
        sources: [
          {
            source_id: 'sha256:c62b086bc4b947bc7b87e237c415df1417ec4ebd5a3bf6b15bc7328890859d4d',
            sha256: 'c62b086bc4b947bc7b87e237c415df1417ec4ebd5a3bf6b15bc7328890859d4d',
            byte_length: 924578,
            page_count: 9,
            names: [Array]
          }
        ],
        points: {
          schema_version: 'bas_point_lists_v1',
          rule_version: 'point_observations_1',
          scope: 'discovered_matrices_only',
          project_complete: false,
          issues: [ 'SOURCE_DISCOVERY_COVERAGE_UNVERIFIED' ],
          matrices: [
            [Object], [Object],
            [Object], [Object],
            [Object], [Object],
            [Object], [Object],
            [Object], [Object],
            [Object], [Object]
          ]
        }
      }
    ],
    current_capture_id: '1d3432c6802d814de9f5e0f4ffb6f4af8d406890e9c92fdfb77cd326fa9861b3'
  },
  operator: 'deepStrictEqual',
  diff: 'simple'
}

Node.js v24.13.1
